"report_date","movie_title","show_time","general_qty","discount_qty","group_qty","live_qty","total_tickets","gross_total","source_type","source_ref","source_file","price_general","price_discount","price_group","notes"
"2017-07-21","Subjects","7:30 PM","17","17","9","0","43","291.00","legacy_excel_import","legacy_excel","I:\My Drive\Grosses\Archive\2017\Roxy Dunkirk Gross.xlsx","8.50","6.50","4.00","Imported from legacy weekly grosses workbook"
"2017-07-22","Subjects","7:30 PM","36","11","3","0","50","389.50","legacy_excel_import","legacy_excel","I:\My Drive\Grosses\Archive\2017\Roxy Dunkirk Gross.xlsx","8.50","6.50","4.00","Imported from legacy weekly grosses workbook"
"2017-07-23","Subjects","2:30 PM","6","1","3","0","10","69.50","legacy_excel_import","legacy_excel","I:\My Drive\Grosses\Archive\2017\Roxy Dunkirk Gross.xlsx","8.50","6.50","4.00","Imported from legacy weekly grosses workbook"
"2017-07-24","Subjects","7:30 PM","14","5","3","0","22","163.50","legacy_excel_import","legacy_excel","I:\My Drive\Grosses\Archive\2017\Roxy Dunkirk Gross.xlsx","8.50","6.50","4.00","Imported from legacy weekly grosses workbook"
"2017-07-25","Subjects","7:30 PM","0","7","5","0","12","65.50","legacy_excel_import","legacy_excel","I:\My Drive\Grosses\Archive\2017\Roxy Dunkirk Gross.xlsx","8.50","6.50","4.00","Imported from legacy weekly grosses workbook"
"2017-07-26","Subjects","7:30 PM","9","11","8","0","28","180.00","legacy_excel_import","legacy_excel","I:\My Drive\Grosses\Archive\2017\Roxy Dunkirk Gross.xlsx","8.50","6.50","4.00","Imported from legacy weekly grosses workbook"
"2017-07-28","Guardians Of the Galaxy Vol 2","7:30 PM","114","56","0","0","170","1333.00","legacy_excel_import","legacy_excel","I:\My Drive\Grosses\Archive\2017\Roxy GotG2 Gross.xlsx","8.50","6.50","4.00","Imported from legacy weekly grosses workbook"
"2017-07-29","Guardians Of the Galaxy Vol 2","7:30 PM","64","10","0","0","74","609.00","legacy_excel_import","legacy_excel","I:\My Drive\Grosses\Archive\2017\Roxy GotG2 Gross.xlsx","8.50","6.50","4.00","Imported from legacy weekly grosses workbook"
"2017-07-30","Guardians Of the Galaxy Vol 2","2:30 PM","0","22","2","0","24","151.00","legacy_excel_import","legacy_excel","I:\My Drive\Grosses\Archive\2017\Roxy GotG2 Gross.xlsx","8.50","6.50","4.00","Imported from legacy weekly grosses workbook"
"2017-07-31","Guardians Of the Galaxy Vol 2","7:30 PM","24","6","2","0","32","251.00","legacy_excel_import","legacy_excel","I:\My Drive\Grosses\Archive\2017\Roxy GotG2 Gross.xlsx","8.50","6.50","4.00","Imported from legacy weekly grosses workbook"
"2017-08-01","Guardians Of the Galaxy Vol 2","7:30 PM","54","13","3","0","70","555.50","legacy_excel_import","legacy_excel","I:\My Drive\Grosses\Archive\2017\Roxy GotG2 Gross.xlsx","8.50","6.50","4.00","Imported from legacy weekly grosses workbook"
"2017-08-02","Guardians Of the Galaxy Vol 2","7:30 PM","70","11","1","0","82","670.50","legacy_excel_import","legacy_excel","I:\My Drive\Grosses\Archive\2017\Roxy GotG2 Gross.xlsx","8.50","6.50","4.00","Imported from legacy weekly grosses workbook"
"2017-08-04","Cars 3","7:30 PM","32","19","3","0","54","407.50","legacy_excel_import","legacy_excel","I:\My Drive\Grosses\Archive\2017\Roxy Cars 3 Gross.xlsx","8.50","6.50","4.00","Imported from legacy weekly grosses workbook"
"2017-08-05","Cars 3","7:30 PM","12","12","2","0","26","188.00","legacy_excel_import","legacy_excel","I:\My Drive\Grosses\Archive\2017\Roxy Cars 3 Gross.xlsx","8.50","6.50","4.00","Imported from legacy weekly grosses workbook"
"2017-08-06","Cars 3","2:30 PM","0","50","3","0","53","337.00","legacy_excel_import","legacy_excel","I:\My Drive\Grosses\Archive\2017\Roxy Cars 3 Gross.xlsx","8.50","6.50","4.00","Imported from legacy weekly grosses workbook"
"2017-08-06","Pirates of the Caribean 5","7:30 PM","17","5","9","0","31","213.00","legacy_excel_import","legacy_excel","I:\My Drive\Grosses\Archive\2017\Roxy POTC5 Gross.xlsx","8.50","6.50","4.00","Imported from legacy weekly grosses workbook"
"2017-08-07","Cars 3","7:30 PM","16","13","2","0","31","228.50","legacy_excel_import","legacy_excel","I:\My Drive\Grosses\Archive\2017\Roxy Cars 3 Gross.xlsx","8.50","6.50","4.00","Imported from legacy weekly grosses workbook"
"2017-08-07","Pirates of the Caribean 5","7:30 PM","30","15","2","0","47","360.50","legacy_excel_import","legacy_excel","I:\My Drive\Grosses\Archive\2017\Roxy POTC5 Gross.xlsx","8.50","6.50","4.00","Imported from legacy weekly grosses workbook"
"2017-08-08","Cars 3","7:30 PM","16","13","5","0","34","240.50","legacy_excel_import","legacy_excel","I:\My Drive\Grosses\Archive\2017\Roxy Cars 3 Gross.xlsx","8.50","6.50","4.00","Imported from legacy weekly grosses workbook"
"2017-08-08","Pirates of the Caribean 5","2:30 PM","0","36","2","0","38","242.00","legacy_excel_import","legacy_excel","I:\My Drive\Grosses\Archive\2017\Roxy POTC5 Gross.xlsx","8.50","6.50","4.00","Imported from legacy weekly grosses workbook"
"2017-08-09","Cars 3","7:30 PM","18","13","2","0","33","245.50","legacy_excel_import","legacy_excel","I:\My Drive\Grosses\Archive\2017\Roxy Cars 3 Gross.xlsx","8.50","6.50","4.00","Imported from legacy weekly grosses workbook"
"2017-08-09","Pirates of the Caribean 5","7:30 PM","32","10","8","0","50","369.00","legacy_excel_import","legacy_excel","I:\My Drive\Grosses\Archive\2017\Roxy POTC5 Gross.xlsx","8.50","6.50","4.00","Imported from legacy weekly grosses workbook"
"2017-08-10","Pirates of the Caribean 5","7:30 PM","21","11","8","0","40","282.00","legacy_excel_import","legacy_excel","I:\My Drive\Grosses\Archive\2017\Roxy POTC5 Gross.xlsx","8.50","6.50","4.00","Imported from legacy weekly grosses workbook"
"2017-08-11","Pirates of the Caribean 5","7:30 PM","11","8","7","0","26","173.50","legacy_excel_import","legacy_excel","I:\My Drive\Grosses\Archive\2017\Roxy POTC5 Gross.xlsx","8.50","6.50","4.00","Imported from legacy weekly grosses workbook"
"2017-08-18","Dispicable Me 3","7:30 PM","21","24","5","0","50","354.50","legacy_excel_import","legacy_excel","I:\My Drive\Grosses\Archive\2017\Roxy DM3 Gross.xlsx","8.50","6.50","4.00","Imported from legacy weekly grosses workbook"
"2017-08-19","Dispicable Me 3","7:30 PM","13","12","1","0","26","192.50","legacy_excel_import","legacy_excel","I:\My Drive\Grosses\Archive\2017\Roxy DM3 Gross.xlsx","8.50","6.50","4.00","Imported from legacy weekly grosses workbook"
"2017-08-20","Dispicable Me 3","2:30 PM","0","22","4","0","26","159.00","legacy_excel_import","legacy_excel","I:\My Drive\Grosses\Archive\2017\Roxy DM3 Gross.xlsx","8.50","6.50","4.00","Imported from legacy weekly grosses workbook"
"2017-08-21","Dispicable Me 3","7:30 PM","15","12","4","0","31","221.50","legacy_excel_import","legacy_excel","I:\My Drive\Grosses\Archive\2017\Roxy DM3 Gross.xlsx","8.50","6.50","4.00","Imported from legacy weekly grosses workbook"
"2017-08-22","Dispicable Me 3","7:30 PM","9","10","1","0","20","145.50","legacy_excel_import","legacy_excel","I:\My Drive\Grosses\Archive\2017\Roxy DM3 Gross.xlsx","8.50","6.50","4.00","Imported from legacy weekly grosses workbook"
"2017-08-23","Dispicable Me 3","7:30 PM","26","22","3","0","51","376.00","legacy_excel_import","legacy_excel","I:\My Drive\Grosses\Archive\2017\Roxy DM3 Gross.xlsx","8.50","6.50","4.00","Imported from legacy weekly grosses workbook"
"2017-08-25","Spider-Man: Homecoming","7:30 PM","13","11","0","0","24","182.00","legacy_excel_import","legacy_excel","I:\My Drive\Grosses\Archive\2017\Roxy Spiderman Gross.xlsx","8.50","6.50","4.00","Imported from legacy weekly grosses workbook"
"2017-08-26","Spider-Man: Homecoming","7:30 PM","32","17","14","0","63","438.50","legacy_excel_import","legacy_excel","I:\My Drive\Grosses\Archive\2017\Roxy Spiderman Gross.xlsx","8.50","6.50","4.00","Imported from legacy weekly grosses workbook"
"2017-08-27","Spider-Man: Homecoming","2:30 PM","0","20","10","0","30","170.00","legacy_excel_import","legacy_excel","I:\My Drive\Grosses\Archive\2017\Roxy Spiderman Gross.xlsx","8.50","6.50","4.00","Imported from legacy weekly grosses workbook"
"2017-08-28","Spider-Man: Homecoming","7:30 PM","15","8","10","0","33","219.50","legacy_excel_import","legacy_excel","I:\My Drive\Grosses\Archive\2017\Roxy Spiderman Gross.xlsx","8.50","6.50","4.00","Imported from legacy weekly grosses workbook"
"2017-08-29","Spider-Man: Homecoming","7:30 PM","6","5","4","0","15","99.50","legacy_excel_import","legacy_excel","I:\My Drive\Grosses\Archive\2017\Roxy Spiderman Gross.xlsx","8.50","6.50","4.00","Imported from legacy weekly grosses workbook"
"2017-08-30","Spider-Man: Homecoming","7:30 PM","10","9","5","0","24","163.50","legacy_excel_import","legacy_excel","I:\My Drive\Grosses\Archive\2017\Roxy Spiderman Gross.xlsx","8.50","6.50","4.00","Imported from legacy weekly grosses workbook"
"2017-09-01","The Mummy","7:30 PM","12","1","2","0","15","116.50","legacy_excel_import","legacy_excel","I:\My Drive\Grosses\Archive\2017\Roxy Mummy Gross.xlsx","8.50","6.50","4.00","Imported from legacy weekly grosses workbook"
"2017-09-02","The Mummy","7:30 PM","16","1","11","0","28","186.50","legacy_excel_import","legacy_excel","I:\My Drive\Grosses\Archive\2017\Roxy Mummy Gross.xlsx","8.50","6.50","4.00","Imported from legacy weekly grosses workbook"
"2017-09-03","The Mummy","2:30 PM","0","22","2","0","24","151.00","legacy_excel_import","legacy_excel","I:\My Drive\Grosses\Archive\2017\Roxy Mummy Gross.xlsx","8.50","6.50","4.00","Imported from legacy weekly grosses workbook"
"2017-09-04","The Mummy","7:30 PM","2","4","2","0","8","51.00","legacy_excel_import","legacy_excel","I:\My Drive\Grosses\Archive\2017\Roxy Mummy Gross.xlsx","8.50","6.50","4.00","Imported from legacy weekly grosses workbook"
"2017-09-05","The Mummy","7:30 PM","5","0","6","0","11","66.50","legacy_excel_import","legacy_excel","I:\My Drive\Grosses\Archive\2017\Roxy Mummy Gross.xlsx","8.50","6.50","4.00","Imported from legacy weekly grosses workbook"
"2017-09-06","The Mummy","7:30 PM","5","1","3","0","9","61.00","legacy_excel_import","legacy_excel","I:\My Drive\Grosses\Archive\2017\Roxy Mummy Gross.xlsx","8.50","6.50","4.00","Imported from legacy weekly grosses workbook"
"2017-09-08","Wonder Woman","7:30 PM","0","0","107","0","107","428.00","legacy_excel_import","legacy_excel","I:\My Drive\Grosses\Archive\2017\Roxy Wonder Woman Gross.xlsx","8.50","6.50","4.00","Imported from legacy weekly grosses workbook"
"2017-09-09","Wonder Woman","7:30 PM","0","0","107","0","107","428.00","legacy_excel_import","legacy_excel","I:\My Drive\Grosses\Archive\2017\Roxy Wonder Woman Gross.xlsx","8.50","6.50","4.00","Imported from legacy weekly grosses workbook"
"2017-09-10","Wonder Woman","2:30 PM","0","0","49","0","49","196.00","legacy_excel_import","legacy_excel","I:\My Drive\Grosses\Archive\2017\Roxy Wonder Woman Gross.xlsx","8.50","6.50","4.00","Imported from legacy weekly grosses workbook"
"2017-09-11","Wonder Woman","7:30 PM","0","0","41","0","41","164.00","legacy_excel_import","legacy_excel","I:\My Drive\Grosses\Archive\2017\Roxy Wonder Woman Gross.xlsx","8.50","6.50","4.00","Imported from legacy weekly grosses workbook"
"2017-09-12","Wonder Woman","7:30 PM","0","0","48","0","48","192.00","legacy_excel_import","legacy_excel","I:\My Drive\Grosses\Archive\2017\Roxy Wonder Woman Gross.xlsx","8.50","6.50","4.00","Imported from legacy weekly grosses workbook"
"2017-09-13","Wonder Woman","7:30 PM","0","0","104","0","104","416.00","legacy_excel_import","legacy_excel","I:\My Drive\Grosses\Archive\2017\Roxy Wonder Woman Gross.xlsx","8.50","6.50","4.00","Imported from legacy weekly grosses workbook"
"2017-09-15","Transformers 5: The Last Night","7:30 PM","22","6","0","0","28","226.00","legacy_excel_import","legacy_excel","I:\My Drive\Grosses\Archive\2017\Roxy Trans5 Gross.xlsx","8.50","6.50","4.00","Imported from legacy weekly grosses workbook"
"2017-09-16","Transformers 5: The Last Night","7:30 PM","17","13","8","0","38","261.00","legacy_excel_import","legacy_excel","I:\My Drive\Grosses\Archive\2017\Roxy Trans5 Gross.xlsx","8.50","6.50","4.00","Imported from legacy weekly grosses workbook"
"2017-09-17","Transformers 5: The Last Night","2:30 PM","5","5","0","0","10","75.00","legacy_excel_import","legacy_excel","I:\My Drive\Grosses\Archive\2017\Roxy Trans5 Gross.xlsx","8.50","6.50","4.00","Imported from legacy weekly grosses workbook"
"2017-09-18","Transformers 5: The Last Night","7:30 PM","3","4","0","0","7","51.50","legacy_excel_import","legacy_excel","I:\My Drive\Grosses\Archive\2017\Roxy Trans5 Gross.xlsx","8.50","6.50","4.00","Imported from legacy weekly grosses workbook"
"2017-09-19","Transformers 5: The Last Night","7:30 PM","6","3","2","0","11","78.50","legacy_excel_import","legacy_excel","I:\My Drive\Grosses\Archive\2017\Roxy Trans5 Gross.xlsx","8.50","6.50","4.00","Imported from legacy weekly grosses workbook"
"2017-09-20","Transformers 5: The Last Night","7:30 PM","5","5","6","0","16","99.00","legacy_excel_import","legacy_excel","I:\My Drive\Grosses\Archive\2017\Roxy Trans5 Gross.xlsx","8.50","6.50","4.00","Imported from legacy weekly grosses workbook"
"2017-09-29","War for The Planet of The Apes","7:30 PM","2","2","1","0","5","34.00","legacy_excel_import","legacy_excel","I:\My Drive\Grosses\Archive\2017\Roxy WfTPoTA Gross.xlsx","8.50","6.50","4.00","Imported from legacy weekly grosses workbook"
"2017-09-30","War for The Planet of The Apes","7:30 PM","21","2","7","0","30","219.50","legacy_excel_import","legacy_excel","I:\My Drive\Grosses\Archive\2017\Roxy WfTPoTA Gross.xlsx","8.50","6.50","4.00","Imported from legacy weekly grosses workbook"
"2017-10-01","War for The Planet of The Apes","2:30 PM","4","0","1","0","5","38.00","legacy_excel_import","legacy_excel","I:\My Drive\Grosses\Archive\2017\Roxy WfTPoTA Gross.xlsx","8.50","6.50","4.00","Imported from legacy weekly grosses workbook"
"2017-10-02","War for The Planet of The Apes","7:30 PM","0","2","3","0","5","25.00","legacy_excel_import","legacy_excel","I:\My Drive\Grosses\Archive\2017\Roxy WfTPoTA Gross.xlsx","8.50","6.50","4.00","Imported from legacy weekly grosses workbook"
"2017-10-03","War for The Planet of The Apes","7:30 PM","1","1","0","0","2","15.00","legacy_excel_import","legacy_excel","I:\My Drive\Grosses\Archive\2017\Roxy WfTPoTA Gross.xlsx","8.50","6.50","4.00","Imported from legacy weekly grosses workbook"
"2017-10-04","War for The Planet of The Apes","7:30 PM","11","2","1","0","14","110.50","legacy_excel_import","legacy_excel","I:\My Drive\Grosses\Archive\2017\Roxy WfTPoTA Gross.xlsx","8.50","6.50","4.00","Imported from legacy weekly grosses workbook"
"2017-10-06","Home Again","7:30 PM","7","8","2","0","17","119.50","legacy_excel_import","legacy_excel","I:\My Drive\Grosses\Archive\2017\Roxy Home Again Gross.xlsx","8.50","6.50","4.00","Imported from legacy weekly grosses workbook"
"2017-10-07","Home Again","7:30 PM","9","6","2","0","17","123.50","legacy_excel_import","legacy_excel","I:\My Drive\Grosses\Archive\2017\Roxy Home Again Gross.xlsx","8.50","6.50","4.00","Imported from legacy weekly grosses workbook"
"2017-10-08","Home Again","2:30 PM","3","0","2","0","5","33.50","legacy_excel_import","legacy_excel","I:\My Drive\Grosses\Archive\2017\Roxy Home Again Gross.xlsx","8.50","6.50","4.00","Imported from legacy weekly grosses workbook"
"2017-10-09","Home Again","7:30 PM","4","0","0","0","4","34.00","legacy_excel_import","legacy_excel","I:\My Drive\Grosses\Archive\2017\Roxy Home Again Gross.xlsx","8.50","6.50","4.00","Imported from legacy weekly grosses workbook"
"2017-10-10","Home Again","7:30 PM","7","4","0","0","11","85.50","legacy_excel_import","legacy_excel","I:\My Drive\Grosses\Archive\2017\Roxy Home Again Gross.xlsx","8.50","6.50","4.00","Imported from legacy weekly grosses workbook"
"2017-10-11","Home Again","7:30 PM","10","10","5","0","25","170.00","legacy_excel_import","legacy_excel","I:\My Drive\Grosses\Archive\2017\Roxy Home Again Gross.xlsx","8.50","6.50","4.00","Imported from legacy weekly grosses workbook"
"2017-10-13","An Inconvenient Sequel","7:30 PM","42","7","2","0","51","410.50","legacy_excel_import","legacy_excel","I:\My Drive\Grosses\Archive\2017\Roxy Inconvenient Truth Gross.xlsx","8.50","6.50","4.00","Imported from legacy weekly grosses workbook"
"2017-10-13","IT","7:30 PM","48","19","6","0","73","555.50","legacy_excel_import","legacy_excel","I:\My Drive\Grosses\Archive\2017\Roxy IT Gross.xlsx","8.50","6.50","4.00","Imported from legacy weekly grosses workbook"
"2017-10-14","IT","7:30 PM","47","6","7","0","60","466.50","legacy_excel_import","legacy_excel","I:\My Drive\Grosses\Archive\2017\Roxy IT Gross.xlsx","8.50","6.50","4.00","Imported from legacy weekly grosses workbook"
"2017-10-15","IT","2:30 PM","16","1","0","0","17","142.50","legacy_excel_import","legacy_excel","I:\My Drive\Grosses\Archive\2017\Roxy IT Gross.xlsx","8.50","6.50","4.00","Imported from legacy weekly grosses workbook"
"2017-10-16","IT","7:30 PM","7","0","0","0","7","59.50","legacy_excel_import","legacy_excel","I:\My Drive\Grosses\Archive\2017\Roxy IT Gross.xlsx","8.50","6.50","4.00","Imported from legacy weekly grosses workbook"
"2017-10-17","IT","7:30 PM","14","3","0","0","17","138.50","legacy_excel_import","legacy_excel","I:\My Drive\Grosses\Archive\2017\Roxy IT Gross.xlsx","8.50","6.50","4.00","Imported from legacy weekly grosses workbook"
"2017-10-18","An Inconvenient Sequel","7:30 PM","28","16","4","0","48","358.00","legacy_excel_import","legacy_excel","I:\My Drive\Grosses\Archive\2017\Roxy Inconvenient Truth Gross.xlsx","8.50","6.50","4.00","Imported from legacy weekly grosses workbook"
"2017-10-18","IT","7:30 PM","9","6","3","0","18","127.50","legacy_excel_import","legacy_excel","I:\My Drive\Grosses\Archive\2017\Roxy IT Gross.xlsx","8.50","6.50","4.00","Imported from legacy weekly grosses workbook"
"2017-10-20","Wind River","7:30 PM","13","8","0","0","21","162.50","legacy_excel_import","legacy_excel","I:\My Drive\Grosses\Archive\2017\Roxy WindRiver Gross.xlsx","8.50","6.50","4.00","Imported from legacy weekly grosses workbook"
"2017-10-21","Wind River","7:30 PM","18","10","4","0","32","234.00","legacy_excel_import","legacy_excel","I:\My Drive\Grosses\Archive\2017\Roxy WindRiver Gross.xlsx","8.50","6.50","4.00","Imported from legacy weekly grosses workbook"
"2017-10-22","Wind River","2:30 PM","2","0","0","0","2","17.00","legacy_excel_import","legacy_excel","I:\My Drive\Grosses\Archive\2017\Roxy WindRiver Gross.xlsx","8.50","6.50","4.00","Imported from legacy weekly grosses workbook"
"2017-10-23","Wind River","7:30 PM","1","9","2","0","12","75.00","legacy_excel_import","legacy_excel","I:\My Drive\Grosses\Archive\2017\Roxy WindRiver Gross.xlsx","8.50","6.50","4.00","Imported from legacy weekly grosses workbook"
"2017-10-24","Wind River","7:30 PM","2","1","3","0","6","35.50","legacy_excel_import","legacy_excel","I:\My Drive\Grosses\Archive\2017\Roxy WindRiver Gross.xlsx","8.50","6.50","4.00","Imported from legacy weekly grosses workbook"
"2017-10-25","Wind River","7:30 PM","4","3","5","0","12","73.50","legacy_excel_import","legacy_excel","I:\My Drive\Grosses\Archive\2017\Roxy WindRiver Gross.xlsx","8.50","6.50","4.00","Imported from legacy weekly grosses workbook"
"2017-10-27","Hitman's Bodyguard","7:30 PM","13","4","2","0","19","144.50","legacy_excel_import","legacy_excel","I:\My Drive\Grosses\Archive\2017\Roxy Hitmans BG Gross.xlsx","8.50","6.50","4.00","Imported from legacy weekly grosses workbook"
"2017-10-29","Hitman's Bodyguard","2:30 PM","2","1","0","0","3","23.50","legacy_excel_import","legacy_excel","I:\My Drive\Grosses\Archive\2017\Roxy Hitmans BG Gross.xlsx","8.50","6.50","4.00","Imported from legacy weekly grosses workbook"
"2017-10-30","Hitman's Bodyguard","7:30 PM","3","7","1","0","11","75.00","legacy_excel_import","legacy_excel","I:\My Drive\Grosses\Archive\2017\Roxy Hitmans BG Gross.xlsx","8.50","6.50","4.00","Imported from legacy weekly grosses workbook"
"2017-10-31","Hitman's Bodyguard","7:30 PM","7","3","0","0","10","79.00","legacy_excel_import","legacy_excel","I:\My Drive\Grosses\Archive\2017\Roxy Hitmans BG Gross.xlsx","8.50","6.50","4.00","Imported from legacy weekly grosses workbook"
"2017-11-01","Hitman's Bodyguard","7:30 PM","4","0","8","0","12","66.00","legacy_excel_import","legacy_excel","I:\My Drive\Grosses\Archive\2017\Roxy Hitmans BG Gross.xlsx","8.50","6.50","4.00","Imported from legacy weekly grosses workbook"
"2017-11-03","Blade Runner 2049","7:30 PM","8","2","2","0","12","89.00","legacy_excel_import","legacy_excel","I:\My Drive\Grosses\Archive\2017\Roxy BladeRunner2049 Gross.xlsx","8.50","6.50","4.00","Imported from legacy weekly grosses workbook"
"2017-11-04","Blade Runner 2049","7:30 PM","15","1","3","0","19","146.00","legacy_excel_import","legacy_excel","I:\My Drive\Grosses\Archive\2017\Roxy BladeRunner2049 Gross.xlsx","8.50","6.50","4.00","Imported from legacy weekly grosses workbook"
"2017-11-05","Blade Runner 2049","2:30 PM","0","2","2","0","4","21.00","legacy_excel_import","legacy_excel","I:\My Drive\Grosses\Archive\2017\Roxy BladeRunner2049 Gross.xlsx","8.50","6.50","4.00","Imported from legacy weekly grosses workbook"
"2017-11-06","Blade Runner 2049","7:30 PM","0","4","0","0","4","26.00","legacy_excel_import","legacy_excel","I:\My Drive\Grosses\Archive\2017\Roxy BladeRunner2049 Gross.xlsx","8.50","6.50","4.00","Imported from legacy weekly grosses workbook"
"2017-11-07","Blade Runner 2049","7:30 PM","5","3","7","0","15","90.00","legacy_excel_import","legacy_excel","I:\My Drive\Grosses\Archive\2017\Roxy BladeRunner2049 Gross.xlsx","8.50","6.50","4.00","Imported from legacy weekly grosses workbook"
"2017-11-08","Blade Runner 2049","7:30 PM","12","0","1","0","13","106.00","legacy_excel_import","legacy_excel","I:\My Drive\Grosses\Archive\2017\Roxy BladeRunner2049 Gross.xlsx","8.50","6.50","4.00","Imported from legacy weekly grosses workbook"
"2017-11-10","Happy Death Day","7:30 PM","9","0","1","0","10","80.50","legacy_excel_import","legacy_excel","I:\My Drive\Grosses\Archive\2017\Roxy HappyDeathDay Gross.xlsx","8.50","6.50","4.00","Imported from legacy weekly grosses workbook"
"2017-11-11","Happy Death Day","7:30 PM","19","3","0","0","22","181.00","legacy_excel_import","legacy_excel","I:\My Drive\Grosses\Archive\2017\Roxy HappyDeathDay Gross.xlsx","8.50","6.50","4.00","Imported from legacy weekly grosses workbook"
"2017-11-12","Happy Death Day","2:30 PM","0","6","0","0","6","39.00","legacy_excel_import","legacy_excel","I:\My Drive\Grosses\Archive\2017\Roxy HappyDeathDay Gross.xlsx","8.50","6.50","4.00","Imported from legacy weekly grosses workbook"
"2017-11-13","Happy Death Day","7:30 PM","2","3","0","0","5","36.50","legacy_excel_import","legacy_excel","I:\My Drive\Grosses\Archive\2017\Roxy HappyDeathDay Gross.xlsx","8.50","6.50","4.00","Imported from legacy weekly grosses workbook"
"2017-11-14","Happy Death Day","7:30 PM","0","0","2","0","2","8.00","legacy_excel_import","legacy_excel","I:\My Drive\Grosses\Archive\2017\Roxy HappyDeathDay Gross.xlsx","8.50","6.50","4.00","Imported from legacy weekly grosses workbook"
"2017-11-15","Happy Death Day","7:30 PM","2","0","1","0","3","21.00","legacy_excel_import","legacy_excel","I:\My Drive\Grosses\Archive\2017\Roxy HappyDeathDay Gross.xlsx","8.50","6.50","4.00","Imported from legacy weekly grosses workbook"
"2017-11-17","Justice League","7:30 PM","94","36","20","0","150","1113.00","legacy_excel_import","legacy_excel","I:\My Drive\Grosses\Archive\2017\Roxy JusticeLeague Gross WK1.xlsx","8.50","6.50","4.00","Imported from legacy weekly grosses workbook"
"2017-11-18","Justice League","7:30 PM","57","19","8","0","84","640.00","legacy_excel_import","legacy_excel","I:\My Drive\Grosses\Archive\2017\Roxy JusticeLeague Gross WK1.xlsx","8.50","6.50","4.00","Imported from legacy weekly grosses workbook"
"2017-11-19","Justice League","2:30 PM","0","38","5","0","43","267.00","legacy_excel_import","legacy_excel","I:\My Drive\Grosses\Archive\2017\Roxy JusticeLeague Gross WK1.xlsx","8.50","6.50","4.00","Imported from legacy weekly grosses workbook"
"2017-11-20","Justice League","7:30 PM","7","3","5","0","15","99.00","legacy_excel_import","legacy_excel","I:\My Drive\Grosses\Archive\2017\Roxy JusticeLeague Gross WK1.xlsx","8.50","6.50","4.00","Imported from legacy weekly grosses workbook"
"2017-11-21","Justice League","7:30 PM","20","5","8","0","33","234.50","legacy_excel_import","legacy_excel","I:\My Drive\Grosses\Archive\2017\Roxy JusticeLeague Gross WK1.xlsx","8.50","6.50","4.00","Imported from legacy weekly grosses workbook"
"2017-11-22","Justice League","7:30 PM","38","4","7","0","49","377.00","legacy_excel_import","legacy_excel","I:\My Drive\Grosses\Archive\2017\Roxy JusticeLeague Gross WK1.xlsx","8.50","6.50","4.00","Imported from legacy weekly grosses workbook"
"2017-12-01","Only The Brave","7:30 PM","23","7","3","0","33","253.00","legacy_excel_import","legacy_excel","I:\My Drive\Grosses\Archive\2017\Roxy Only The Brave Gross.xlsx","8.50","6.50","4.00","Imported from legacy weekly grosses workbook"
"2017-12-01","Wonder","7:30 PM","24","17","12","0","53","362.50","legacy_excel_import","legacy_excel","I:\My Drive\Grosses\Archive\2018\Wonder.xlsx","8.50","6.50","4.00","Imported from legacy weekly grosses workbook"
"2017-12-02","Only The Brave","7:30 PM","33","6","6","0","45","343.50","legacy_excel_import","legacy_excel","I:\My Drive\Grosses\Archive\2017\Roxy Only The Brave Gross.xlsx","8.50","6.50","4.00","Imported from legacy weekly grosses workbook"
"2017-12-02","Wonder","7:30 PM","43","14","1","0","58","460.50","legacy_excel_import","legacy_excel","I:\My Drive\Grosses\Archive\2018\Wonder.xlsx","8.50","6.50","4.00","Imported from legacy weekly grosses workbook"
"2017-12-03","Only The Brave","2:30 PM","11","5","3","0","19","138.00","legacy_excel_import","legacy_excel","I:\My Drive\Grosses\Archive\2017\Roxy Only The Brave Gross.xlsx","8.50","6.50","4.00","Imported from legacy weekly grosses workbook"
"2017-12-03","Wonder","2:30 PM","0","85","1","0","86","556.50","legacy_excel_import","legacy_excel","I:\My Drive\Grosses\Archive\2018\Wonder.xlsx","8.50","6.50","4.00","Imported from legacy weekly grosses workbook"
"2017-12-04","Only The Brave","7:30 PM","18","6","6","0","30","216.00","legacy_excel_import","legacy_excel","I:\My Drive\Grosses\Archive\2017\Roxy Only The Brave Gross.xlsx","8.50","6.50","4.00","Imported from legacy weekly grosses workbook"
"2017-12-04","Wonder","7:30 PM","23","12","6","0","41","297.50","legacy_excel_import","legacy_excel","I:\My Drive\Grosses\Archive\2018\Wonder.xlsx","8.50","6.50","4.00","Imported from legacy weekly grosses workbook"
"2017-12-05","Only The Brave","7:30 PM","7","6","2","0","15","106.50","legacy_excel_import","legacy_excel","I:\My Drive\Grosses\Archive\2017\Roxy Only The Brave Gross.xlsx","8.50","6.50","4.00","Imported from legacy weekly grosses workbook"
"2017-12-05","Wonder","7:30 PM","13","5","2","0","20","151.00","legacy_excel_import","legacy_excel","I:\My Drive\Grosses\Archive\2018\Wonder.xlsx","8.50","6.50","4.00","Imported from legacy weekly grosses workbook"
"2017-12-06","Wonder","7:30 PM","11","16","5","0","32","217.50","legacy_excel_import","legacy_excel","I:\My Drive\Grosses\Archive\2018\Wonder.xlsx","8.50","6.50","4.00","Imported from legacy weekly grosses workbook"
"2017-12-08","The Star","7:30 PM","12","17","4","0","33","228.50","legacy_excel_import","legacy_excel","I:\My Drive\Grosses\Archive\2017\Roxy The Star Gross.xlsx","8.50","6.50","4.00","Imported from legacy weekly grosses workbook"
"2017-12-09","The Star","7:30 PM","20","35","9","0","64","433.50","legacy_excel_import","legacy_excel","I:\My Drive\Grosses\Archive\2017\Roxy The Star Gross.xlsx","8.50","6.50","4.00","Imported from legacy weekly grosses workbook"
"2017-12-10","The Star","2:30 PM","0","18","3","0","21","129.00","legacy_excel_import","legacy_excel","I:\My Drive\Grosses\Archive\2017\Roxy The Star Gross.xlsx","8.50","6.50","4.00","Imported from legacy weekly grosses workbook"
"2017-12-11","The Star","7:30 PM","2","9","1","0","12","79.50","legacy_excel_import","legacy_excel","I:\My Drive\Grosses\Archive\2017\Roxy The Star Gross.xlsx","8.50","6.50","4.00","Imported from legacy weekly grosses workbook"
"2017-12-12","The Star","7:30 PM","7","7","0","0","14","105.00","legacy_excel_import","legacy_excel","I:\My Drive\Grosses\Archive\2017\Roxy The Star Gross.xlsx","8.50","6.50","4.00","Imported from legacy weekly grosses workbook"
"2017-12-13","The Star","7:30 PM","12","9","3","0","24","172.50","legacy_excel_import","legacy_excel","I:\My Drive\Grosses\Archive\2017\Roxy The Star Gross.xlsx","8.50","6.50","4.00","Imported from legacy weekly grosses workbook"
"2017-12-15","Star Wars","7:30 PM","113","37","10","0","160","1241.00","legacy_excel_import","legacy_excel","I:\My Drive\Grosses\Archive\2017\Roxy Star Wars WK1 Gross.xlsx","8.50","6.50","4.00","Imported from legacy weekly grosses workbook"
"2017-12-16","Star Wars","7:30 PM","81","32","2","0","115","904.50","legacy_excel_import","legacy_excel","I:\My Drive\Grosses\Archive\2017\Roxy Star Wars WK1 Gross.xlsx","8.50","6.50","4.00","Imported from legacy weekly grosses workbook"
"2017-12-17","Star Wars","2:30 PM","0","84","6","0","90","570.00","legacy_excel_import","legacy_excel","I:\My Drive\Grosses\Archive\2017\Roxy Star Wars WK1 Gross.xlsx","8.50","6.50","4.00","Imported from legacy weekly grosses workbook"
"2017-12-18","Star Wars","7:30 PM","59","16","10","0","85","645.50","legacy_excel_import","legacy_excel","I:\My Drive\Grosses\Archive\2017\Roxy Star Wars WK1 Gross.xlsx","8.50","6.50","4.00","Imported from legacy weekly grosses workbook"
"2017-12-19","Star Wars","7:30 PM","15","4","1","0","20","157.50","legacy_excel_import","legacy_excel","I:\My Drive\Grosses\Archive\2017\Roxy Star Wars WK1 Gross.xlsx","8.50","6.50","4.00","Imported from legacy weekly grosses workbook"
"2017-12-20","Star Wars","7:30 PM","36","11","2","0","49","385.50","legacy_excel_import","legacy_excel","I:\My Drive\Grosses\Archive\2017\Roxy Star Wars WK1 Gross.xlsx","8.50","6.50","4.00","Imported from legacy weekly grosses workbook"
"2017-12-22","Star Wars","7:30 PM","74","22","4","0","100","788.00","legacy_excel_import","legacy_excel","I:\My Drive\Grosses\Archive\2017\Roxy Star Wars WK2 Gross.xlsx","8.50","6.50","4.00","Imported from legacy weekly grosses workbook"
"2017-12-23","Star Wars","7:30 PM","33","9","0","0","42","339.00","legacy_excel_import","legacy_excel","I:\My Drive\Grosses\Archive\2017\Roxy Star Wars WK2 Gross.xlsx","8.50","6.50","4.00","Imported from legacy weekly grosses workbook"
"2017-12-24","Star Wars","2:30 PM","0","58","0","0","58","377.00","legacy_excel_import","legacy_excel","I:\My Drive\Grosses\Archive\2017\Roxy Star Wars WK2 Gross.xlsx","8.50","6.50","4.00","Imported from legacy weekly grosses workbook"
"2017-12-26","Star Wars","7:30 PM","56","14","1","0","71","571.00","legacy_excel_import","legacy_excel","I:\My Drive\Grosses\Archive\2017\Roxy Star Wars WK2 Gross.xlsx","8.50","6.50","4.00","Imported from legacy weekly grosses workbook"
"2017-12-27","Star Wars","7:30 PM","47","16","8","0","71","535.50","legacy_excel_import","legacy_excel","I:\My Drive\Grosses\Archive\2017\Roxy Star Wars WK2 Gross.xlsx","8.50","6.50","4.00","Imported from legacy weekly grosses workbook"
"2017-12-29","Star Wars- week 3","7:30 PM","41","14","4","0","59","455.50","legacy_excel_import","legacy_excel","I:\My Drive\Grosses\Archive\2017\Star Wars- week 3.xlsx","8.50","6.50","4.00","Imported from legacy weekly grosses workbook"
"2017-12-30","Star Wars- week 3","7:30 PM","39","10","0","0","49","396.50","legacy_excel_import","legacy_excel","I:\My Drive\Grosses\Archive\2017\Star Wars- week 3.xlsx","8.50","6.50","4.00","Imported from legacy weekly grosses workbook"
"2017-12-31","Star Wars- week 3","2:30 PM","34","17","0","0","51","399.50","legacy_excel_import","legacy_excel","I:\My Drive\Grosses\Archive\2017\Star Wars- week 3.xlsx","8.50","6.50","4.00","Imported from legacy weekly grosses workbook"
"2018-01-01","Star Wars- week 3","7:30 PM","15","9","1","0","25","190.00","legacy_excel_import","legacy_excel","I:\My Drive\Grosses\Archive\2017\Star Wars- week 3.xlsx","8.50","6.50","4.00","Imported from legacy weekly grosses workbook"
"2018-01-02","Star Wars- week 3","7:30 PM","16","5","5","0","26","188.50","legacy_excel_import","legacy_excel","I:\My Drive\Grosses\Archive\2017\Star Wars- week 3.xlsx","8.50","6.50","4.00","Imported from legacy weekly grosses workbook"
"2018-01-03","Star Wars- week 3","7:30 PM","14","4","5","0","23","165.00","legacy_excel_import","legacy_excel","I:\My Drive\Grosses\Archive\2017\Star Wars- week 3.xlsx","8.50","6.50","4.00","Imported from legacy weekly grosses workbook"
"2018-01-05","Star Wars: The Last Jedi Week 4","7:30 PM","33","9","3","0","45","351.00","legacy_excel_import","legacy_excel","I:\My Drive\Grosses\Archive\2018\Star Wars- week 4.xlsx","8.50","6.50","4.00","Imported from legacy weekly grosses workbook"
"2018-01-06","Star Wars: The Last Jedi Week 4","7:30 PM","37","16","6","0","59","442.50","legacy_excel_import","legacy_excel","I:\My Drive\Grosses\Archive\2018\Star Wars- week 4.xlsx","8.50","6.50","4.00","Imported from legacy weekly grosses workbook"
"2018-01-07","Star Wars: The Last Jedi Week 4","2:30 PM","0","43","2","0","45","287.50","legacy_excel_import","legacy_excel","I:\My Drive\Grosses\Archive\2018\Star Wars- week 4.xlsx","8.50","6.50","4.00","Imported from legacy weekly grosses workbook"
"2018-01-08","Star Wars: The Last Jedi Week 4","7:30 PM","5","1","0","0","6","49.00","legacy_excel_import","legacy_excel","I:\My Drive\Grosses\Archive\2018\Star Wars- week 4.xlsx","8.50","6.50","4.00","Imported from legacy weekly grosses workbook"
"2018-01-09","Star Wars: The Last Jedi Week 4","7:30 PM","18","8","3","0","29","217.00","legacy_excel_import","legacy_excel","I:\My Drive\Grosses\Archive\2018\Star Wars- week 4.xlsx","8.50","6.50","4.00","Imported from legacy weekly grosses workbook"
"2018-01-10","Star Wars: The Last Jedi Week 4","7:30 PM","15","5","2","0","22","168.00","legacy_excel_import","legacy_excel","I:\My Drive\Grosses\Archive\2018\Star Wars- week 4.xlsx","8.50","6.50","4.00","Imported from legacy weekly grosses workbook"
"2018-01-18","Solo: A Star Wars Story Wk 2","7:30 PM","28","12","7","0","47","344.00","legacy_excel_import","legacy_excel","I:\My Drive\Grosses\Archive\2018\Solo A Star Wars Story Wk2 Grosses.xlsx","8.50","6.50","4.00","Imported from legacy weekly grosses workbook"
"2018-01-19","Jumanji","7:30 PM","63","23","8","0","94","717.00","legacy_excel_import","legacy_excel","I:\My Drive\Grosses\Archive\2018\Jumanji.xlsx","8.50","6.50","4.00","Imported from legacy weekly grosses workbook"
"2018-01-19","Solo: A Star Wars Story Wk 2","7:30 PM","19","8","0","0","27","213.50","legacy_excel_import","legacy_excel","I:\My Drive\Grosses\Archive\2018\Solo A Star Wars Story Wk2 Grosses.xlsx","8.50","6.50","4.00","Imported from legacy weekly grosses workbook"
"2018-01-20","Jumanji","7:30 PM","67","35","8","0","110","829.00","legacy_excel_import","legacy_excel","I:\My Drive\Grosses\Archive\2018\Jumanji.xlsx","8.50","6.50","4.00","Imported from legacy weekly grosses workbook"
"2018-01-20","Solo: A Star Wars Story Wk 2","2:30 PM","0","25","2","0","27","170.50","legacy_excel_import","legacy_excel","I:\My Drive\Grosses\Archive\2018\Solo A Star Wars Story Wk2 Grosses.xlsx","8.50","6.50","4.00","Imported from legacy weekly grosses workbook"
"2018-01-21","Jumanji","2:30 PM","0","88","1","0","89","576.00","legacy_excel_import","legacy_excel","I:\My Drive\Grosses\Archive\2018\Jumanji.xlsx","8.50","6.50","4.00","Imported from legacy weekly grosses workbook"
"2018-01-21","Solo: A Star Wars Story Wk 2","7:30 PM","15","6","5","0","26","186.50","legacy_excel_import","legacy_excel","I:\My Drive\Grosses\Archive\2018\Solo A Star Wars Story Wk2 Grosses.xlsx","8.50","6.50","4.00","Imported from legacy weekly grosses workbook"
"2018-01-22","Jumanji","7:30 PM","30","13","20","0","63","419.50","legacy_excel_import","legacy_excel","I:\My Drive\Grosses\Archive\2018\Jumanji.xlsx","8.50","6.50","4.00","Imported from legacy weekly grosses workbook"
"2018-01-22","Solo: A Star Wars Story Wk 2","7:30 PM","19","6","4","0","29","216.50","legacy_excel_import","legacy_excel","I:\My Drive\Grosses\Archive\2018\Solo A Star Wars Story Wk2 Grosses.xlsx","8.50","6.50","4.00","Imported from legacy weekly grosses workbook"
"2018-01-23","Jumanji","7:30 PM","24","12","5","0","41","302.00","legacy_excel_import","legacy_excel","I:\My Drive\Grosses\Archive\2018\Jumanji.xlsx","8.50","6.50","4.00","Imported from legacy weekly grosses workbook"
"2018-01-23","Solo: A Star Wars Story Wk 2","7:30 PM","11","8","3","0","22","157.50","legacy_excel_import","legacy_excel","I:\My Drive\Grosses\Archive\2018\Solo A Star Wars Story Wk2 Grosses.xlsx","8.50","6.50","4.00","Imported from legacy weekly grosses workbook"
"2018-01-24","Jumanji","7:30 PM","26","15","11","0","52","362.50","legacy_excel_import","legacy_excel","I:\My Drive\Grosses\Archive\2018\Jumanji.xlsx","8.50","6.50","4.00","Imported from legacy weekly grosses workbook"
"2018-01-31","Thor- Ragnorock","7:30 PM","30","8","6","0","44","331.00","legacy_excel_import","legacy_excel","I:\My Drive\Grosses\Archive\2018\Thor- Ragnarock.xlsx","8.50","6.50","4.00","Imported from legacy weekly grosses workbook"
"2018-02-01","Thor- Ragnorock","7:30 PM","27","17","14","0","58","396.00","legacy_excel_import","legacy_excel","I:\My Drive\Grosses\Archive\2018\Thor- Ragnarock.xlsx","8.50","6.50","4.00","Imported from legacy weekly grosses workbook"
"2018-02-02","Peter Rabbit","7:30 PM","0","36","0","0","36","234.00","legacy_excel_import","legacy_excel","I:\My Drive\Grosses\Archive\2018\Peter Rabbit.xlsx","8.50","6.50","4.00","Imported from legacy weekly grosses workbook"
"2018-02-02","Thor- Ragnorock","2:30 PM","0","59","5","0","64","403.50","legacy_excel_import","legacy_excel","I:\My Drive\Grosses\Archive\2018\Thor- Ragnarock.xlsx","8.50","6.50","4.00","Imported from legacy weekly grosses workbook"
"2018-02-03","Peter Rabbit","7:30 PM","11","19","8","0","38","249.00","legacy_excel_import","legacy_excel","I:\My Drive\Grosses\Archive\2018\Peter Rabbit.xlsx","8.50","6.50","4.00","Imported from legacy weekly grosses workbook"
"2018-02-03","Thor- Ragnorock","7:30 PM","21","5","7","0","33","239.00","legacy_excel_import","legacy_excel","I:\My Drive\Grosses\Archive\2018\Thor- Ragnarock.xlsx","8.50","6.50","4.00","Imported from legacy weekly grosses workbook"
"2018-02-04","Peter Rabbit","2:30 PM","0","77","2","0","79","508.50","legacy_excel_import","legacy_excel","I:\My Drive\Grosses\Archive\2018\Peter Rabbit.xlsx","8.50","6.50","4.00","Imported from legacy weekly grosses workbook"
"2018-02-04","Thor- Ragnorock","7:30 PM","11","3","6","0","20","137.00","legacy_excel_import","legacy_excel","I:\My Drive\Grosses\Archive\2018\Thor- Ragnarock.xlsx","8.50","6.50","4.00","Imported from legacy weekly grosses workbook"
"2018-02-05","Peter Rabbit","7:30 PM","7","2","2","0","11","80.50","legacy_excel_import","legacy_excel","I:\My Drive\Grosses\Archive\2018\Peter Rabbit.xlsx","8.50","6.50","4.00","Imported from legacy weekly grosses workbook"
"2018-02-05","Thor- Ragnorock","7:30 PM","13","6","5","0","24","169.50","legacy_excel_import","legacy_excel","I:\My Drive\Grosses\Archive\2018\Thor- Ragnarock.xlsx","8.50","6.50","4.00","Imported from legacy weekly grosses workbook"
"2018-02-06","Peter Rabbit","7:30 PM","0","3","2","0","5","27.50","legacy_excel_import","legacy_excel","I:\My Drive\Grosses\Archive\2018\Peter Rabbit.xlsx","8.50","6.50","4.00","Imported from legacy weekly grosses workbook"
"2018-02-07","Ferdinand","7:30 PM","13","12","4","0","29","204.50","legacy_excel_import","legacy_excel","I:\My Drive\Grosses\Archive\2018\Ferdinand.xlsx","8.50","6.50","4.00","Imported from legacy weekly grosses workbook"
"2018-02-07","Peter Rabbit","7:30 PM","8","4","0","0","12","94.00","legacy_excel_import","legacy_excel","I:\My Drive\Grosses\Archive\2018\Peter Rabbit.xlsx","8.50","6.50","4.00","Imported from legacy weekly grosses workbook"
"2018-02-08","Ferdinand","7:30 PM","21","14","4","0","39","285.50","legacy_excel_import","legacy_excel","I:\My Drive\Grosses\Archive\2018\Ferdinand.xlsx","8.50","6.50","4.00","Imported from legacy weekly grosses workbook"
"2018-02-09","Ferdinand","2:30 PM","0","37","0","0","37","240.50","legacy_excel_import","legacy_excel","I:\My Drive\Grosses\Archive\2018\Ferdinand.xlsx","8.50","6.50","4.00","Imported from legacy weekly grosses workbook"
"2018-02-09","Pitch Perfect 3","7:30 PM","21","5","2","0","28","219.00","legacy_excel_import","legacy_excel","I:\My Drive\Grosses\Archive\2018\Pitch Perfect 3.xlsx","8.50","6.50","4.00","Imported from legacy weekly grosses workbook"
"2018-02-10","Ferdinand","7:30 PM","11","7","3","0","21","151.00","legacy_excel_import","legacy_excel","I:\My Drive\Grosses\Archive\2018\Ferdinand.xlsx","8.50","6.50","4.00","Imported from legacy weekly grosses workbook"
"2018-02-10","Pitch Perfect 3","7:30 PM","35","8","4","0","47","365.50","legacy_excel_import","legacy_excel","I:\My Drive\Grosses\Archive\2018\Pitch Perfect 3.xlsx","8.50","6.50","4.00","Imported from legacy weekly grosses workbook"
"2018-02-11","Ferdinand","7:30 PM","6","3","4","0","13","86.50","legacy_excel_import","legacy_excel","I:\My Drive\Grosses\Archive\2018\Ferdinand.xlsx","8.50","6.50","4.00","Imported from legacy weekly grosses workbook"
"2018-02-11","Pitch Perfect 3","2:30 PM","0","20","5","0","25","150.00","legacy_excel_import","legacy_excel","I:\My Drive\Grosses\Archive\2018\Pitch Perfect 3.xlsx","8.50","6.50","4.00","Imported from legacy weekly grosses workbook"
"2018-02-12","Ferdinand","7:30 PM","7","4","0","0","11","85.50","legacy_excel_import","legacy_excel","I:\My Drive\Grosses\Archive\2018\Ferdinand.xlsx","8.50","6.50","4.00","Imported from legacy weekly grosses workbook"
"2018-02-12","Pitch Perfect 3","7:30 PM","4","4","8","0","16","92.00","legacy_excel_import","legacy_excel","I:\My Drive\Grosses\Archive\2018\Pitch Perfect 3.xlsx","8.50","6.50","4.00","Imported from legacy weekly grosses workbook"
"2018-02-13","Pitch Perfect 3","7:30 PM","1","0","5","0","6","28.50","legacy_excel_import","legacy_excel","I:\My Drive\Grosses\Archive\2018\Pitch Perfect 3.xlsx","8.50","6.50","4.00","Imported from legacy weekly grosses workbook"
"2018-02-14","Pitch Perfect 3","7:30 PM","16","4","3","0","23","174.00","legacy_excel_import","legacy_excel","I:\My Drive\Grosses\Archive\2018\Pitch Perfect 3.xlsx","8.50","6.50","4.00","Imported from legacy weekly grosses workbook"
"2018-02-16","The Greatest Showman","7:30 PM","24","13","4","0","41","304.50","legacy_excel_import","legacy_excel","I:\My Drive\Grosses\Archive\2018\The Greatest Showman.xlsx","8.50","6.50","4.00","Imported from legacy weekly grosses workbook"
"2018-02-17","The Greatest Showman","7:30 PM","20","8","1","0","29","226.00","legacy_excel_import","legacy_excel","I:\My Drive\Grosses\Archive\2018\The Greatest Showman.xlsx","8.50","6.50","4.00","Imported from legacy weekly grosses workbook"
"2018-02-18","The Greatest Showman","2:30 PM","0","29","4","0","33","204.50","legacy_excel_import","legacy_excel","I:\My Drive\Grosses\Archive\2018\The Greatest Showman.xlsx","8.50","6.50","4.00","Imported from legacy weekly grosses workbook"
"2018-02-19","The Greatest Showman","7:30 PM","19","14","13","0","46","304.50","legacy_excel_import","legacy_excel","I:\My Drive\Grosses\Archive\2018\The Greatest Showman.xlsx","8.50","6.50","4.00","Imported from legacy weekly grosses workbook"
"2018-02-20","The Greatest Showman","7:30 PM","8","5","5","0","18","120.50","legacy_excel_import","legacy_excel","I:\My Drive\Grosses\Archive\2018\The Greatest Showman.xlsx","8.50","6.50","4.00","Imported from legacy weekly grosses workbook"
"2018-02-21","The Greatest Showman","7:30 PM","16","5","2","0","23","176.50","legacy_excel_import","legacy_excel","I:\My Drive\Grosses\Archive\2018\The Greatest Showman.xlsx","8.50","6.50","4.00","Imported from legacy weekly grosses workbook"
"2018-02-23","The Post","7:30 PM","9","11","6","0","26","172.00","legacy_excel_import","legacy_excel","I:\My Drive\Grosses\Archive\2018\The Post.xlsx","8.50","6.50","4.00","Imported from legacy weekly grosses workbook"
"2018-02-24","The Post","7:30 PM","5","5","2","0","12","83.00","legacy_excel_import","legacy_excel","I:\My Drive\Grosses\Archive\2018\The Post.xlsx","8.50","6.50","4.00","Imported from legacy weekly grosses workbook"
"2018-02-25","The Post","2:30 PM","0","28","6","0","34","206.00","legacy_excel_import","legacy_excel","I:\My Drive\Grosses\Archive\2018\The Post.xlsx","8.50","6.50","4.00","Imported from legacy weekly grosses workbook"
"2018-02-26","The Post","7:30 PM","11","4","5","0","20","139.50","legacy_excel_import","legacy_excel","I:\My Drive\Grosses\Archive\2018\The Post.xlsx","8.50","6.50","4.00","Imported from legacy weekly grosses workbook"
"2018-02-27","The Post","7:30 PM","2","3","4","0","9","52.50","legacy_excel_import","legacy_excel","I:\My Drive\Grosses\Archive\2018\The Post.xlsx","8.50","6.50","4.00","Imported from legacy weekly grosses workbook"
"2018-02-28","The Post","7:30 PM","3","5","1","0","9","62.00","legacy_excel_import","legacy_excel","I:\My Drive\Grosses\Archive\2018\The Post.xlsx","8.50","6.50","4.00","Imported from legacy weekly grosses workbook"
"2018-03-01","A Wrinkle in Time (Wk 2)","7:30 PM","29","0","6","0","35","270.50","legacy_excel_import","legacy_excel","I:\My Drive\Grosses\Archive\2018\A Wrinkle in Time (Wk2).xlsx","8.50","6.50","4.00","Imported from legacy weekly grosses workbook"
"2018-03-02","A Wrinkle in Time (Wk 2)","7:30 PM","14","14","5","0","33","230.00","legacy_excel_import","legacy_excel","I:\My Drive\Grosses\Archive\2018\A Wrinkle in Time (Wk2).xlsx","8.50","6.50","4.00","Imported from legacy weekly grosses workbook"
"2018-03-03","A Wrinkle in Time (Wk 2)","2:30 PM","0","35","3","0","38","239.50","legacy_excel_import","legacy_excel","I:\My Drive\Grosses\Archive\2018\A Wrinkle in Time (Wk2).xlsx","8.50","6.50","4.00","Imported from legacy weekly grosses workbook"
"2018-03-03","Tomb Raider","7:30 PM","15","6","5","0","26","186.50","legacy_excel_import","legacy_excel","I:\My Drive\Grosses\Archive\2018\Tomb Raider.xlsx","8.50","6.50","4.00","Imported from legacy weekly grosses workbook"
"2018-03-04","A Wrinkle in Time (Wk 2)","7:30 PM","2","0","2","0","4","25.00","legacy_excel_import","legacy_excel","I:\My Drive\Grosses\Archive\2018\A Wrinkle in Time (Wk2).xlsx","8.50","6.50","4.00","Imported from legacy weekly grosses workbook"
"2018-03-04","Tomb Raider","7:30 PM","9","1","0","0","10","83.00","legacy_excel_import","legacy_excel","I:\My Drive\Grosses\Archive\2018\Tomb Raider.xlsx","8.50","6.50","4.00","Imported from legacy weekly grosses workbook"
"2018-03-05","A Wrinkle in Time (Wk 2)","7:30 PM","5","6","0","0","11","81.50","legacy_excel_import","legacy_excel","I:\My Drive\Grosses\Archive\2018\A Wrinkle in Time (Wk2).xlsx","8.50","6.50","4.00","Imported from legacy weekly grosses workbook"
"2018-03-05","Tomb Raider","2:30 PM","0","3","0","0","3","19.50","legacy_excel_import","legacy_excel","I:\My Drive\Grosses\Archive\2018\Tomb Raider.xlsx","8.50","6.50","4.00","Imported from legacy weekly grosses workbook"
"2018-03-06","A Wrinkle in Time (Wk 2)","7:30 PM","11","6","2","0","19","140.50","legacy_excel_import","legacy_excel","I:\My Drive\Grosses\Archive\2018\A Wrinkle in Time (Wk2).xlsx","8.50","6.50","4.00","Imported from legacy weekly grosses workbook"
"2018-03-06","Tomb Raider","7:30 PM","16","4","12","0","32","210.00","legacy_excel_import","legacy_excel","I:\My Drive\Grosses\Archive\2018\Tomb Raider.xlsx","8.50","6.50","4.00","Imported from legacy weekly grosses workbook"
"2018-03-07","Tomb Raider","7:30 PM","10","2","10","0","22","138.00","legacy_excel_import","legacy_excel","I:\My Drive\Grosses\Archive\2018\Tomb Raider.xlsx","8.50","6.50","4.00","Imported from legacy weekly grosses workbook"
"2018-03-08","Tomb Raider","7:30 PM","18","2","4","0","24","182.00","legacy_excel_import","legacy_excel","I:\My Drive\Grosses\Archive\2018\Tomb Raider.xlsx","8.50","6.50","4.00","Imported from legacy weekly grosses workbook"
"2018-03-09","A Wrinkle in Time","7:30 PM","41","37","3","0","81","601.00","legacy_excel_import","legacy_excel","I:\My Drive\Grosses\Archive\2018\A Wrinkle In Time.xlsx","8.50","6.50","4.00","Imported from legacy weekly grosses workbook"
"2018-03-10","A Wrinkle in Time","7:30 PM","28","17","5","0","50","368.50","legacy_excel_import","legacy_excel","I:\My Drive\Grosses\Archive\2018\A Wrinkle In Time.xlsx","8.50","6.50","4.00","Imported from legacy weekly grosses workbook"
"2018-03-11","A Wrinkle in Time","2:30 PM","0","54","5","0","59","371.00","legacy_excel_import","legacy_excel","I:\My Drive\Grosses\Archive\2018\A Wrinkle In Time.xlsx","8.50","6.50","4.00","Imported from legacy weekly grosses workbook"
"2018-03-12","A Wrinkle in Time","7:30 PM","7","7","6","0","20","129.00","legacy_excel_import","legacy_excel","I:\My Drive\Grosses\Archive\2018\A Wrinkle In Time.xlsx","8.50","6.50","4.00","Imported from legacy weekly grosses workbook"
"2018-03-13","A Wrinkle in Time","7:30 PM","7","6","4","0","17","114.50","legacy_excel_import","legacy_excel","I:\My Drive\Grosses\Archive\2018\A Wrinkle In Time.xlsx","8.50","6.50","4.00","Imported from legacy weekly grosses workbook"
"2018-03-14","A Wrinkle in Time","7:30 PM","16","13","0","0","29","220.50","legacy_excel_import","legacy_excel","I:\My Drive\Grosses\Archive\2018\A Wrinkle In Time.xlsx","8.50","6.50","4.00","Imported from legacy weekly grosses workbook"
"2018-03-23","Black Panther","7:30 PM","40","4","8","0","52","398.00","legacy_excel_import","legacy_excel","I:\My Drive\Grosses\Archive\2018\Black Panther.xlsx","8.50","6.50","4.00","Imported from legacy weekly grosses workbook"
"2018-03-24","Black Panther","7:30 PM","27","20","9","0","56","395.50","legacy_excel_import","legacy_excel","I:\My Drive\Grosses\Archive\2018\Black Panther.xlsx","8.50","6.50","4.00","Imported from legacy weekly grosses workbook"
"2018-03-25","Black Panther","2:30 PM","0","26","0","0","26","169.00","legacy_excel_import","legacy_excel","I:\My Drive\Grosses\Archive\2018\Black Panther.xlsx","8.50","6.50","4.00","Imported from legacy weekly grosses workbook"
"2018-03-26","Black Panther","7:30 PM","16","6","13","0","35","227.00","legacy_excel_import","legacy_excel","I:\My Drive\Grosses\Archive\2018\Black Panther.xlsx","8.50","6.50","4.00","Imported from legacy weekly grosses workbook"
"2018-03-27","Black Panther","7:30 PM","24","8","2","0","34","264.00","legacy_excel_import","legacy_excel","I:\My Drive\Grosses\Archive\2018\Black Panther.xlsx","8.50","6.50","4.00","Imported from legacy weekly grosses workbook"
"2018-03-28","Black Panther","7:30 PM","14","5","8","0","27","183.50","legacy_excel_import","legacy_excel","I:\My Drive\Grosses\Archive\2018\Black Panther.xlsx","8.50","6.50","4.00","Imported from legacy weekly grosses workbook"
"2018-04-06","Sherlock Gnomes","7:30 PM","32","28","2","0","62","462.00","legacy_excel_import","legacy_excel","I:\My Drive\Grosses\Archive\2018\Sherlock Gnomes.xlsx","8.50","6.50","4.00","Imported from legacy weekly grosses workbook"
"2018-04-07","Sherlock Gnomes","7:30 PM","8","8","5","0","21","140.00","legacy_excel_import","legacy_excel","I:\My Drive\Grosses\Archive\2018\Sherlock Gnomes.xlsx","8.50","6.50","4.00","Imported from legacy weekly grosses workbook"
"2018-04-08","Sherlock Gnomes","2:30 PM","0","35","2","0","37","235.50","legacy_excel_import","legacy_excel","I:\My Drive\Grosses\Archive\2018\Sherlock Gnomes.xlsx","8.50","6.50","4.00","Imported from legacy weekly grosses workbook"
"2018-04-09","Sherlock Gnomes","7:30 PM","0","1","4","0","5","22.50","legacy_excel_import","legacy_excel","I:\My Drive\Grosses\Archive\2018\Sherlock Gnomes.xlsx","8.50","6.50","4.00","Imported from legacy weekly grosses workbook"
"2018-04-10","Sherlock Gnomes","7:30 PM","5","2","3","0","10","67.50","legacy_excel_import","legacy_excel","I:\My Drive\Grosses\Archive\2018\Sherlock Gnomes.xlsx","8.50","6.50","4.00","Imported from legacy weekly grosses workbook"
"2018-04-11","Sherlock Gnomes","7:30 PM","13","9","1","0","23","173.00","legacy_excel_import","legacy_excel","I:\My Drive\Grosses\Archive\2018\Sherlock Gnomes.xlsx","8.50","6.50","4.00","Imported from legacy weekly grosses workbook"
"2018-04-13","I Can Only Imagine","7:30 PM","73","38","16","0","127","931.50","legacy_excel_import","legacy_excel","I:\My Drive\Grosses\Archive\2018\I Can Only Imagine  Grosses.xlsx","8.50","6.50","4.00","Imported from legacy weekly grosses workbook"
"2018-04-14","I Can Only Imagine","7:30 PM","53","14","5","0","72","561.50","legacy_excel_import","legacy_excel","I:\My Drive\Grosses\Archive\2018\I Can Only Imagine  Grosses.xlsx","8.50","6.50","4.00","Imported from legacy weekly grosses workbook"
"2018-04-15","I Can Only Imagine","2:30 PM","0","129","5","0","134","858.50","legacy_excel_import","legacy_excel","I:\My Drive\Grosses\Archive\2018\I Can Only Imagine  Grosses.xlsx","8.50","6.50","4.00","Imported from legacy weekly grosses workbook"
"2018-04-16","I Can Only Imagine","7:30 PM","29","26","4","0","59","431.50","legacy_excel_import","legacy_excel","I:\My Drive\Grosses\Archive\2018\I Can Only Imagine  Grosses.xlsx","8.50","6.50","4.00","Imported from legacy weekly grosses workbook"
"2018-04-17","I Can Only Imagine","7:30 PM","24","18","0","0","42","321.00","legacy_excel_import","legacy_excel","I:\My Drive\Grosses\Archive\2018\I Can Only Imagine  Grosses.xlsx","8.50","6.50","4.00","Imported from legacy weekly grosses workbook"
"2018-04-18","Avengers: Infinity War Wk 2","7:30 PM","49","8","1","0","58","472.50","legacy_excel_import","legacy_excel","I:\My Drive\Grosses\Archive\2018\Avengers Infinity War Wk 2.xlsx","8.50","6.50","4.00","Imported from legacy weekly grosses workbook"
"2018-04-18","I Can Only Imagine","7:30 PM","23","12","5","0","40","293.50","legacy_excel_import","legacy_excel","I:\My Drive\Grosses\Archive\2018\I Can Only Imagine  Grosses.xlsx","8.50","6.50","4.00","Imported from legacy weekly grosses workbook"
"2018-04-19","Avengers: Infinity War Wk 2","7:30 PM","36","18","5","0","59","443.00","legacy_excel_import","legacy_excel","I:\My Drive\Grosses\Archive\2018\Avengers Infinity War Wk 2.xlsx","8.50","6.50","4.00","Imported from legacy weekly grosses workbook"
"2018-04-20","Avengers: Infinity War Wk 2","2:30 PM","0","53","2","0","55","352.50","legacy_excel_import","legacy_excel","I:\My Drive\Grosses\Archive\2018\Avengers Infinity War Wk 2.xlsx","8.50","6.50","4.00","Imported from legacy weekly grosses workbook"
"2018-04-20","Ready Player One","7:30 PM","16","5","4","0","25","184.50","legacy_excel_import","legacy_excel","I:\My Drive\Grosses\Archive\2018\Ready Player One Grosses.xlsx","8.50","6.50","4.00","Imported from legacy weekly grosses workbook"
"2018-04-21","Avengers: Infinity War Wk 2","7:30 PM","20","16","4","0","40","290.00","legacy_excel_import","legacy_excel","I:\My Drive\Grosses\Archive\2018\Avengers Infinity War Wk 2.xlsx","8.50","6.50","4.00","Imported from legacy weekly grosses workbook"
"2018-04-21","Ready Player One","7:30 PM","19","12","5","0","36","259.50","legacy_excel_import","legacy_excel","I:\My Drive\Grosses\Archive\2018\Ready Player One Grosses.xlsx","8.50","6.50","4.00","Imported from legacy weekly grosses workbook"
"2018-04-22","Avengers: Infinity War Wk 2","7:30 PM","22","0","4","0","26","203.00","legacy_excel_import","legacy_excel","I:\My Drive\Grosses\Archive\2018\Avengers Infinity War Wk 2.xlsx","8.50","6.50","4.00","Imported from legacy weekly grosses workbook"
"2018-04-22","Ready Player One","2:30 PM","0","4","6","0","10","50.00","legacy_excel_import","legacy_excel","I:\My Drive\Grosses\Archive\2018\Ready Player One Grosses.xlsx","8.50","6.50","4.00","Imported from legacy weekly grosses workbook"
"2018-04-23","Avengers: Infinity War Wk 2","7:30 PM","21","6","3","0","30","229.50","legacy_excel_import","legacy_excel","I:\My Drive\Grosses\Archive\2018\Avengers Infinity War Wk 2.xlsx","8.50","6.50","4.00","Imported from legacy weekly grosses workbook"
"2018-04-23","Ready Player One","7:30 PM","13","4","6","0","23","160.50","legacy_excel_import","legacy_excel","I:\My Drive\Grosses\Archive\2018\Ready Player One Grosses.xlsx","8.50","6.50","4.00","Imported from legacy weekly grosses workbook"
"2018-04-24","Ready Player One","7:30 PM","4","2","4","0","10","63.00","legacy_excel_import","legacy_excel","I:\My Drive\Grosses\Archive\2018\Ready Player One Grosses.xlsx","8.50","6.50","4.00","Imported from legacy weekly grosses workbook"
"2018-04-25","Ready Player One","7:30 PM","2","2","4","0","8","46.00","legacy_excel_import","legacy_excel","I:\My Drive\Grosses\Archive\2018\Ready Player One Grosses.xlsx","8.50","6.50","4.00","Imported from legacy weekly grosses workbook"
"2018-04-27","Avengers: Infinity War","7:30 PM","102","34","11","0","147","1132.00","legacy_excel_import","legacy_excel","I:\My Drive\Grosses\Archive\2018\Avengers Inifnity War.xlsx","8.50","6.50","4.00","Imported from legacy weekly grosses workbook"
"2018-04-28","Avengers: Infinity War","7:30 PM","94","21","15","0","130","995.50","legacy_excel_import","legacy_excel","I:\My Drive\Grosses\Archive\2018\Avengers Inifnity War.xlsx","8.50","6.50","4.00","Imported from legacy weekly grosses workbook"
"2018-04-29","Avengers: Infinity War","2:30 PM","0","90","4","0","94","601.00","legacy_excel_import","legacy_excel","I:\My Drive\Grosses\Archive\2018\Avengers Inifnity War.xlsx","8.50","6.50","4.00","Imported from legacy weekly grosses workbook"
"2018-04-30","Avengers: Infinity War","7:30 PM","36","8","8","0","52","390.00","legacy_excel_import","legacy_excel","I:\My Drive\Grosses\Archive\2018\Avengers Inifnity War.xlsx","8.50","6.50","4.00","Imported from legacy weekly grosses workbook"
"2018-05-01","Avengers: Infinity War","7:30 PM","23","3","1","0","27","219.00","legacy_excel_import","legacy_excel","I:\My Drive\Grosses\Archive\2018\Avengers Inifnity War.xlsx","8.50","6.50","4.00","Imported from legacy weekly grosses workbook"
"2018-05-02","Avengers: Infinity War","7:30 PM","25","3","5","0","33","252.00","legacy_excel_import","legacy_excel","I:\My Drive\Grosses\Archive\2018\Avengers Inifnity War.xlsx","8.50","6.50","4.00","Imported from legacy weekly grosses workbook"
"2018-05-18","A Quiet Place","7:30 PM","42","4","5","0","51","403.00","legacy_excel_import","legacy_excel","I:\My Drive\Grosses\Archive\2018\A Quiet Place Grosses.xlsx","8.50","6.50","4.00","Imported from legacy weekly grosses workbook"
"2018-05-19","A Quiet Place","7:30 PM","20","2","5","0","27","203.00","legacy_excel_import","legacy_excel","I:\My Drive\Grosses\Archive\2018\A Quiet Place Grosses.xlsx","8.50","6.50","4.00","Imported from legacy weekly grosses workbook"
"2018-05-20","A Quiet Place","2:30 PM","0","30","2","0","32","203.00","legacy_excel_import","legacy_excel","I:\My Drive\Grosses\Archive\2018\A Quiet Place Grosses.xlsx","8.50","6.50","4.00","Imported from legacy weekly grosses workbook"
"2018-05-21","A Quiet Place","7:30 PM","8","0","0","0","8","68.00","legacy_excel_import","legacy_excel","I:\My Drive\Grosses\Archive\2018\A Quiet Place Grosses.xlsx","8.50","6.50","4.00","Imported from legacy weekly grosses workbook"
"2018-05-22","A Quiet Place","7:30 PM","8","5","2","0","15","108.50","legacy_excel_import","legacy_excel","I:\My Drive\Grosses\Archive\2018\A Quiet Place Grosses.xlsx","8.50","6.50","4.00","Imported from legacy weekly grosses workbook"
"2018-05-23","A Quiet Place","7:30 PM","9","0","6","0","15","100.50","legacy_excel_import","legacy_excel","I:\My Drive\Grosses\Archive\2018\A Quiet Place Grosses.xlsx","8.50","6.50","4.00","Imported from legacy weekly grosses workbook"
"2018-05-25","Solo: A Star Wars Story","7:30 PM","46","17","7","0","70","529.50","legacy_excel_import","legacy_excel","I:\My Drive\Grosses\Archive\2018\Solo A Star Wars Story Grosses.xlsx","8.50","6.50","4.00","Imported from legacy weekly grosses workbook"
"2018-05-26","Solo: A Star Wars Story","7:30 PM","62","16","4","0","82","647.00","legacy_excel_import","legacy_excel","I:\My Drive\Grosses\Archive\2018\Solo A Star Wars Story Grosses.xlsx","8.50","6.50","4.00","Imported from legacy weekly grosses workbook"
"2018-05-27","Solo: A Star Wars Story","2:30 PM","0","37","3","0","40","252.50","legacy_excel_import","legacy_excel","I:\My Drive\Grosses\Archive\2018\Solo A Star Wars Story Grosses.xlsx","8.50","6.50","4.00","Imported from legacy weekly grosses workbook"
"2018-05-28","Solo: A Star Wars Story","7:30 PM","23","9","4","0","36","270.00","legacy_excel_import","legacy_excel","I:\My Drive\Grosses\Archive\2018\Solo A Star Wars Story Grosses.xlsx","8.50","6.50","4.00","Imported from legacy weekly grosses workbook"
"2018-05-29","Solo: A Star Wars Story","7:30 PM","5","0","7","0","12","70.50","legacy_excel_import","legacy_excel","I:\My Drive\Grosses\Archive\2018\Solo A Star Wars Story Grosses.xlsx","8.50","6.50","4.00","Imported from legacy weekly grosses workbook"
"2018-05-30","Solo: A Star Wars Story","7:30 PM","7","10","5","0","22","144.50","legacy_excel_import","legacy_excel","I:\My Drive\Grosses\Archive\2018\Solo A Star Wars Story Grosses.xlsx","8.50","6.50","4.00","Imported from legacy weekly grosses workbook"
"2018-06-15","Book Club","7:30 PM","7","9","8","0","24","150.00","legacy_excel_import","legacy_excel","I:\My Drive\Grosses\Archive\2018\Book Club.xlsx","8.50","6.50","4.00","Imported from legacy weekly grosses workbook"
"2018-06-15","Incredibles 2 Roxy","7:30 PM","49","31","3","0","83","630.00","legacy_excel_import","legacy_excel","I:\My Drive\Grosses\Archive\2018\Incredibles 2 Roxy Grosses.xlsx","8.50","6.50","4.00","Imported from legacy weekly grosses workbook"
"2018-06-16","Book Club","7:30 PM","7","5","1","0","13","96.00","legacy_excel_import","legacy_excel","I:\My Drive\Grosses\Archive\2018\Book Club.xlsx","8.50","6.50","4.00","Imported from legacy weekly grosses workbook"
"2018-06-16","Incredibles 2 Roxy","7:30 PM","68","31","4","0","103","795.50","legacy_excel_import","legacy_excel","I:\My Drive\Grosses\Archive\2018\Incredibles 2 Roxy Grosses.xlsx","8.50","6.50","4.00","Imported from legacy weekly grosses workbook"
"2018-06-17","Book Club","2:30 PM","0","23","0","0","23","149.50","legacy_excel_import","legacy_excel","I:\My Drive\Grosses\Archive\2018\Book Club.xlsx","8.50","6.50","4.00","Imported from legacy weekly grosses workbook"
"2018-06-17","Incredibles 2 Roxy","2:30 PM","0","73","2","0","75","482.50","legacy_excel_import","legacy_excel","I:\My Drive\Grosses\Archive\2018\Incredibles 2 Roxy Grosses.xlsx","8.50","6.50","4.00","Imported from legacy weekly grosses workbook"
"2018-06-18","Book Club","7:30 PM","6","9","3","0","18","121.50","legacy_excel_import","legacy_excel","I:\My Drive\Grosses\Archive\2018\Book Club.xlsx","8.50","6.50","4.00","Imported from legacy weekly grosses workbook"
"2018-06-18","Incredibles 2 Roxy","7:30 PM","22","14","5","0","41","298.00","legacy_excel_import","legacy_excel","I:\My Drive\Grosses\Archive\2018\Incredibles 2 Roxy Grosses.xlsx","8.50","6.50","4.00","Imported from legacy weekly grosses workbook"
"2018-06-19","Book Club","7:30 PM","13","11","0","0","24","182.00","legacy_excel_import","legacy_excel","I:\My Drive\Grosses\Archive\2018\Book Club.xlsx","8.50","6.50","4.00","Imported from legacy weekly grosses workbook"
"2018-06-19","Incredibles 2 Roxy","7:30 PM","26","26","4","0","56","406.00","legacy_excel_import","legacy_excel","I:\My Drive\Grosses\Archive\2018\Incredibles 2 Roxy Grosses.xlsx","8.50","6.50","4.00","Imported from legacy weekly grosses workbook"
"2018-06-20","Book Club","7:30 PM","10","6","2","0","18","132.00","legacy_excel_import","legacy_excel","I:\My Drive\Grosses\Archive\2018\Book Club.xlsx","8.50","6.50","4.00","Imported from legacy weekly grosses workbook"
"2018-06-20","Incredibles 2 Roxy","7:30 PM","62","42","8","0","112","832.00","legacy_excel_import","legacy_excel","I:\My Drive\Grosses\Archive\2018\Incredibles 2 Roxy Grosses.xlsx","8.50","6.50","4.00","Imported from legacy weekly grosses workbook"
"2018-06-22","Jurassic World: Fallen Kingdom","7:30 PM","74","36","7","0","117","891.00","legacy_excel_import","legacy_excel","I:\My Drive\Grosses\Archive\2018\Jurassic World 2 Grosses.xlsx","8.50","6.50","4.00","Imported from legacy weekly grosses workbook"
"2018-06-23","Jurassic World: Fallen Kingdom","7:30 PM","94","20","6","0","120","953.00","legacy_excel_import","legacy_excel","I:\My Drive\Grosses\Archive\2018\Jurassic World 2 Grosses.xlsx","8.50","6.50","4.00","Imported from legacy weekly grosses workbook"
"2018-06-24","Jurassic World: Fallen Kingdom","2:30 PM","5","32","5","0","42","270.50","legacy_excel_import","legacy_excel","I:\My Drive\Grosses\Archive\2018\Jurassic World 2 Grosses.xlsx","8.50","6.50","4.00","Imported from legacy weekly grosses workbook"
"2018-06-25","Jurassic World: Fallen Kingdom","7:30 PM","72","11","1","0","84","687.50","legacy_excel_import","legacy_excel","I:\My Drive\Grosses\Archive\2018\Jurassic World 2 Grosses.xlsx","8.50","6.50","4.00","Imported from legacy weekly grosses workbook"
"2018-06-26","Jurassic World: Fallen Kingdom","7:30 PM","38","19","5","0","62","466.50","legacy_excel_import","legacy_excel","I:\My Drive\Grosses\Archive\2018\Jurassic World 2 Grosses.xlsx","8.50","6.50","4.00","Imported from legacy weekly grosses workbook"
"2018-06-27","Jurassic World: Fallen Kingdom","7:30 PM","35","14","0","0","49","388.50","legacy_excel_import","legacy_excel","I:\My Drive\Grosses\Archive\2018\Jurassic World 2 Grosses.xlsx","8.50","6.50","4.00","Imported from legacy weekly grosses workbook"
"2018-06-29","Subjects","7:30 PM","27","13","4","0","44","330.00","legacy_excel_import","legacy_excel","I:\My Drive\Grosses\Archive\2018\Jurassic World Wk 2.xlsx","8.50","6.50","4.00","Imported from legacy weekly grosses workbook"
"2018-06-30","Subjects","7:30 PM","66","25","1","0","92","727.50","legacy_excel_import","legacy_excel","I:\My Drive\Grosses\Archive\2018\Jurassic World Wk 2.xlsx","8.50","6.50","4.00","Imported from legacy weekly grosses workbook"
"2018-07-01","Subjects","2:30 PM","5","56","0","0","61","406.50","legacy_excel_import","legacy_excel","I:\My Drive\Grosses\Archive\2018\Jurassic World Wk 2.xlsx","8.50","6.50","4.00","Imported from legacy weekly grosses workbook"
"2018-07-02","Subjects","7:30 PM","40","34","3","0","77","573.00","legacy_excel_import","legacy_excel","I:\My Drive\Grosses\Archive\2018\Jurassic World Wk 2.xlsx","8.50","6.50","4.00","Imported from legacy weekly grosses workbook"
"2018-07-03","Subjects","7:30 PM","41","26","8","0","75","549.50","legacy_excel_import","legacy_excel","I:\My Drive\Grosses\Archive\2018\Jurassic World Wk 2.xlsx","8.50","6.50","4.00","Imported from legacy weekly grosses workbook"
"2018-07-06","Subjects","7:30 PM","42","11","2","0","55","436.50","legacy_excel_import","legacy_excel","I:\My Drive\Grosses\Archive\2018\Ant Man and the Wasp Grosses.xlsx","8.50","6.50","4.00","Imported from legacy weekly grosses workbook"
"2018-07-07","Subjects","7:30 PM","55","13","5","0","73","572.00","legacy_excel_import","legacy_excel","I:\My Drive\Grosses\Archive\2018\Ant Man and the Wasp Grosses.xlsx","8.50","6.50","4.00","Imported from legacy weekly grosses workbook"
"2018-07-08","Subjects","2:30 PM","5","17","0","0","22","153.00","legacy_excel_import","legacy_excel","I:\My Drive\Grosses\Archive\2018\Ant Man and the Wasp Grosses.xlsx","8.50","6.50","4.00","Imported from legacy weekly grosses workbook"
"2018-07-09","Subjects","7:30 PM","24","11","9","0","44","311.50","legacy_excel_import","legacy_excel","I:\My Drive\Grosses\Archive\2018\Ant Man and the Wasp Grosses.xlsx","8.50","6.50","4.00","Imported from legacy weekly grosses workbook"
"2018-07-10","Subjects","7:30 PM","6","8","2","0","16","111.00","legacy_excel_import","legacy_excel","I:\My Drive\Grosses\Archive\2018\Ant Man and the Wasp Grosses.xlsx","8.50","6.50","4.00","Imported from legacy weekly grosses workbook"
"2018-07-11","Subjects","7:30 PM","21","2","6","0","29","215.50","legacy_excel_import","legacy_excel","I:\My Drive\Grosses\Archive\2018\Ant Man and the Wasp Grosses.xlsx","8.50","6.50","4.00","Imported from legacy weekly grosses workbook"
"2018-07-13","Subjects","7:30 PM","19","13","4","0","36","262.00","legacy_excel_import","legacy_excel","I:\My Drive\Grosses\Archive\2018\Ant Man and the Wasp Wk 2.xlsx","8.50","6.50","4.00","Imported from legacy weekly grosses workbook"
"2018-07-14","Subjects","7:30 PM","30","9","4","0","43","329.50","legacy_excel_import","legacy_excel","I:\My Drive\Grosses\Archive\2018\Ant Man and the Wasp Wk 2.xlsx","8.50","6.50","4.00","Imported from legacy weekly grosses workbook"
"2018-07-15","Subjects","2:30 PM","0","19","1","0","20","127.50","legacy_excel_import","legacy_excel","I:\My Drive\Grosses\Archive\2018\Ant Man and the Wasp Wk 2.xlsx","8.50","6.50","4.00","Imported from legacy weekly grosses workbook"
"2018-07-16","Subjects","7:30 PM","8","8","2","0","18","128.00","legacy_excel_import","legacy_excel","I:\My Drive\Grosses\Archive\2018\Ant Man and the Wasp Wk 2.xlsx","8.50","6.50","4.00","Imported from legacy weekly grosses workbook"
"2018-07-17","Subjects","7:30 PM","23","7","2","0","32","249.00","legacy_excel_import","legacy_excel","I:\My Drive\Grosses\Archive\2018\Ant Man and the Wasp Wk 2.xlsx","8.50","6.50","4.00","Imported from legacy weekly grosses workbook"
"2018-07-18","Subjects","7:30 PM","15","9","0","0","24","186.00","legacy_excel_import","legacy_excel","I:\My Drive\Grosses\Archive\2018\Ant Man and the Wasp Wk 2.xlsx","8.50","6.50","4.00","Imported from legacy weekly grosses workbook"
"2018-07-20","Mamma Mia Here We Go Again Roxy","7:30 PM","33","6","1","0","40","323.50","legacy_excel_import","legacy_excel","I:\My Drive\Grosses\Archive\2018\Mamma Mia Here We Go Again Roxy Grosses.xlsx","8.50","6.50","4.00","Imported from legacy weekly grosses workbook"
"2018-07-20","Oceans 8","7:30 PM","12","7","2","0","21","155.50","legacy_excel_import","legacy_excel","I:\My Drive\Grosses\Archive\2018\Oceans 8 gross.xlsx","8.50","6.50","4.00","Imported from legacy weekly grosses workbook"
"2018-07-21","Mamma Mia Here We Go Again Roxy","7:30 PM","14","12","0","0","26","197.00","legacy_excel_import","legacy_excel","I:\My Drive\Grosses\Archive\2018\Mamma Mia Here We Go Again Roxy Grosses.xlsx","8.50","6.50","4.00","Imported from legacy weekly grosses workbook"
"2018-07-21","Oceans 8","7:30 PM","14","8","5","0","27","191.00","legacy_excel_import","legacy_excel","I:\My Drive\Grosses\Archive\2018\Oceans 8 gross.xlsx","8.50","6.50","4.00","Imported from legacy weekly grosses workbook"
"2018-07-22","Mamma Mia Here We Go Again Roxy","2:30 PM","0","53","6","0","59","368.50","legacy_excel_import","legacy_excel","I:\My Drive\Grosses\Archive\2018\Mamma Mia Here We Go Again Roxy Grosses.xlsx","8.50","6.50","4.00","Imported from legacy weekly grosses workbook"
"2018-07-22","Oceans 8","2:30 PM","0","10","5","0","15","85.00","legacy_excel_import","legacy_excel","I:\My Drive\Grosses\Archive\2018\Oceans 8 gross.xlsx","8.50","6.50","4.00","Imported from legacy weekly grosses workbook"
"2018-07-23","Mamma Mia Here We Go Again Roxy","7:30 PM","14","26","2","0","42","296.00","legacy_excel_import","legacy_excel","I:\My Drive\Grosses\Archive\2018\Mamma Mia Here We Go Again Roxy Grosses.xlsx","8.50","6.50","4.00","Imported from legacy weekly grosses workbook"
"2018-07-23","Oceans 8","7:30 PM","18","5","3","0","26","197.50","legacy_excel_import","legacy_excel","I:\My Drive\Grosses\Archive\2018\Oceans 8 gross.xlsx","8.50","6.50","4.00","Imported from legacy weekly grosses workbook"
"2018-07-24","Mamma Mia Here We Go Again Roxy","7:30 PM","8","24","5","0","37","244.00","legacy_excel_import","legacy_excel","I:\My Drive\Grosses\Archive\2018\Mamma Mia Here We Go Again Roxy Grosses.xlsx","8.50","6.50","4.00","Imported from legacy weekly grosses workbook"
"2018-07-24","Oceans 8","7:30 PM","26","6","4","0","36","276.00","legacy_excel_import","legacy_excel","I:\My Drive\Grosses\Archive\2018\Oceans 8 gross.xlsx","8.50","6.50","4.00","Imported from legacy weekly grosses workbook"
"2018-07-25","Mamma Mia Here We Go Again Roxy","7:30 PM","12","14","6","0","32","217.00","legacy_excel_import","legacy_excel","I:\My Drive\Grosses\Archive\2018\Mamma Mia Here We Go Again Roxy Grosses.xlsx","8.50","6.50","4.00","Imported from legacy weekly grosses workbook"
"2018-07-25","Oceans 8","7:30 PM","4","6","6","0","16","97.00","legacy_excel_import","legacy_excel","I:\My Drive\Grosses\Archive\2018\Oceans 8 gross.xlsx","8.50","6.50","4.00","Imported from legacy weekly grosses workbook"
"2018-07-27","Hotel Trans 3","7:30 PM","14","12","1","0","27","201.00","legacy_excel_import","legacy_excel","I:\My Drive\Grosses\Archive\2018\Hotel Transylvania 3 Grosses.xlsx","8.50","6.50","4.00","Imported from legacy weekly grosses workbook"
"2018-07-27","Mission Impossible Fallout","7:30 PM","27","17","5","0","49","360.00","legacy_excel_import","legacy_excel","I:\My Drive\Grosses\Archive\2018\Mission Impossible Fallout Grosses.xlsx","8.50","6.50","4.00","Imported from legacy weekly grosses workbook"
"2018-07-28","Hotel Trans 3","7:30 PM","26","16","1","0","43","329.00","legacy_excel_import","legacy_excel","I:\My Drive\Grosses\Archive\2018\Hotel Transylvania 3 Grosses.xlsx","8.50","6.50","4.00","Imported from legacy weekly grosses workbook"
"2018-07-28","Mission Impossible Fallout","7:30 PM","27","8","3","0","38","293.50","legacy_excel_import","legacy_excel","I:\My Drive\Grosses\Archive\2018\Mission Impossible Fallout Grosses.xlsx","8.50","6.50","4.00","Imported from legacy weekly grosses workbook"
"2018-07-29","Hotel Trans 3","2:30 PM","0","35","6","0","41","251.50","legacy_excel_import","legacy_excel","I:\My Drive\Grosses\Archive\2018\Hotel Transylvania 3 Grosses.xlsx","8.50","6.50","4.00","Imported from legacy weekly grosses workbook"
"2018-07-29","Mission Impossible Fallout","2:30 PM","0","44","6","0","50","310.00","legacy_excel_import","legacy_excel","I:\My Drive\Grosses\Archive\2018\Mission Impossible Fallout Grosses.xlsx","8.50","6.50","4.00","Imported from legacy weekly grosses workbook"
"2018-07-30","Hotel Trans 3","7:30 PM","28","20","3","0","51","380.00","legacy_excel_import","legacy_excel","I:\My Drive\Grosses\Archive\2018\Hotel Transylvania 3 Grosses.xlsx","8.50","6.50","4.00","Imported from legacy weekly grosses workbook"
"2018-07-30","Mission Impossible Fallout","7:30 PM","29","12","12","0","53","372.50","legacy_excel_import","legacy_excel","I:\My Drive\Grosses\Archive\2018\Mission Impossible Fallout Grosses.xlsx","8.50","6.50","4.00","Imported from legacy weekly grosses workbook"
"2018-07-31","Hotel Trans 3","7:30 PM","26","56","1","0","83","589.00","legacy_excel_import","legacy_excel","I:\My Drive\Grosses\Archive\2018\Hotel Transylvania 3 Grosses.xlsx","8.50","6.50","4.00","Imported from legacy weekly grosses workbook"
"2018-07-31","Mission Impossible Fallout","7:30 PM","11","7","6","0","24","163.00","legacy_excel_import","legacy_excel","I:\My Drive\Grosses\Archive\2018\Mission Impossible Fallout Grosses.xlsx","8.50","6.50","4.00","Imported from legacy weekly grosses workbook"
"2018-08-01","Hotel Trans 3","7:30 PM","20","11","4","0","35","257.50","legacy_excel_import","legacy_excel","I:\My Drive\Grosses\Archive\2018\Hotel Transylvania 3 Grosses.xlsx","8.50","6.50","4.00","Imported from legacy weekly grosses workbook"
"2018-08-01","Mission Impossible Fallout","7:30 PM","13","5","3","0","21","155.00","legacy_excel_import","legacy_excel","I:\My Drive\Grosses\Archive\2018\Mission Impossible Fallout Grosses.xlsx","8.50","6.50","4.00","Imported from legacy weekly grosses workbook"
"2018-08-03","Christopher Robin Roxy","7:30 PM","34","19","2","0","55","420.50","legacy_excel_import","legacy_excel","I:\My Drive\Grosses\Archive\2018\Christopher Robin Roxy Grosses.xlsx","8.50","6.50","4.00","Imported from legacy weekly grosses workbook"
"2018-08-04","Christopher Robin Roxy","7:30 PM","21","21","4","0","46","331.00","legacy_excel_import","legacy_excel","I:\My Drive\Grosses\Archive\2018\Christopher Robin Roxy Grosses.xlsx","8.50","6.50","4.00","Imported from legacy weekly grosses workbook"
"2018-08-05","Christopher Robin Roxy","2:30 PM","0","51","4","0","55","347.50","legacy_excel_import","legacy_excel","I:\My Drive\Grosses\Archive\2018\Christopher Robin Roxy Grosses.xlsx","8.50","6.50","4.00","Imported from legacy weekly grosses workbook"
"2018-08-06","Christopher Robin Roxy","7:30 PM","7","11","10","0","28","171.00","legacy_excel_import","legacy_excel","I:\My Drive\Grosses\Archive\2018\Christopher Robin Roxy Grosses.xlsx","8.50","6.50","4.00","Imported from legacy weekly grosses workbook"
"2018-08-07","Christopher Robin Roxy","7:30 PM","1","14","3","0","18","111.50","legacy_excel_import","legacy_excel","I:\My Drive\Grosses\Archive\2018\Christopher Robin Roxy Grosses.xlsx","8.50","6.50","4.00","Imported from legacy weekly grosses workbook"
"2018-08-08","Christopher Robin Roxy","7:30 PM","10","7","5","0","22","150.50","legacy_excel_import","legacy_excel","I:\My Drive\Grosses\Archive\2018\Christopher Robin Roxy Grosses.xlsx","8.50","6.50","4.00","Imported from legacy weekly grosses workbook"
"2018-08-10","The Meg","7:30 PM","19","4","9","0","32","223.50","legacy_excel_import","legacy_excel","I:\My Drive\Grosses\Archive\2018\the Meg Grosses.xlsx","8.50","6.50","4.00","Imported from legacy weekly grosses workbook"
"2018-08-11","The Meg","7:30 PM","44","6","3","0","53","425.00","legacy_excel_import","legacy_excel","I:\My Drive\Grosses\Archive\2018\the Meg Grosses.xlsx","8.50","6.50","4.00","Imported from legacy weekly grosses workbook"
"2018-08-12","The Meg","2:30 PM","0","24","1","0","25","160.00","legacy_excel_import","legacy_excel","I:\My Drive\Grosses\Archive\2018\the Meg Grosses.xlsx","8.50","6.50","4.00","Imported from legacy weekly grosses workbook"
"2018-08-13","The Meg","7:30 PM","24","0","3","0","27","216.00","legacy_excel_import","legacy_excel","I:\My Drive\Grosses\Archive\2018\the Meg Grosses.xlsx","8.50","6.50","4.00","Imported from legacy weekly grosses workbook"
"2018-08-14","The Meg","7:30 PM","0","6","0","0","6","39.00","legacy_excel_import","legacy_excel","I:\My Drive\Grosses\Archive\2018\the Meg Grosses.xlsx","8.50","6.50","4.00","Imported from legacy weekly grosses workbook"
"2018-08-15","The Meg","7:30 PM","13","9","3","0","25","181.00","legacy_excel_import","legacy_excel","I:\My Drive\Grosses\Archive\2018\the Meg Grosses.xlsx","8.50","6.50","4.00","Imported from legacy weekly grosses workbook"
"2018-08-17","Alpha","7:30 PM","21","13","2","0","36","271.00","legacy_excel_import","legacy_excel","I:\My Drive\Grosses\Archive\2018\Alpha Grosses.xlsx","8.50","6.50","4.00","Imported from legacy weekly grosses workbook"
"2018-08-18","Alpha","7:30 PM","17","15","15","0","47","302.00","legacy_excel_import","legacy_excel","I:\My Drive\Grosses\Archive\2018\Alpha Grosses.xlsx","8.50","6.50","4.00","Imported from legacy weekly grosses workbook"
"2018-08-18","Deadpool 2","7:30 PM","29","0","10","0","39","286.50","legacy_excel_import","legacy_excel","I:\My Drive\Grosses\Archive\2018\Deadpool 2.xlsx","8.50","6.50","4.00","Imported from legacy weekly grosses workbook"
"2018-08-19","Alpha","2:30 PM","0","37","5","0","42","260.50","legacy_excel_import","legacy_excel","I:\My Drive\Grosses\Archive\2018\Alpha Grosses.xlsx","8.50","6.50","4.00","Imported from legacy weekly grosses workbook"
"2018-08-19","Deadpool 2","7:30 PM","36","1","1","0","38","316.50","legacy_excel_import","legacy_excel","I:\My Drive\Grosses\Archive\2018\Deadpool 2.xlsx","8.50","6.50","4.00","Imported from legacy weekly grosses workbook"
"2018-08-20","Alpha","7:30 PM","10","3","2","0","15","112.50","legacy_excel_import","legacy_excel","I:\My Drive\Grosses\Archive\2018\Alpha Grosses.xlsx","8.50","6.50","4.00","Imported from legacy weekly grosses workbook"
"2018-08-20","Deadpool 2","2:30 PM","15","0","1","0","16","131.50","legacy_excel_import","legacy_excel","I:\My Drive\Grosses\Archive\2018\Deadpool 2.xlsx","8.50","6.50","4.00","Imported from legacy weekly grosses workbook"
"2018-08-21","Alpha","7:30 PM","4","12","4","0","20","128.00","legacy_excel_import","legacy_excel","I:\My Drive\Grosses\Archive\2018\Alpha Grosses.xlsx","8.50","6.50","4.00","Imported from legacy weekly grosses workbook"
"2018-08-21","Deadpool 2","7:30 PM","33","4","4","0","41","322.50","legacy_excel_import","legacy_excel","I:\My Drive\Grosses\Archive\2018\Deadpool 2.xlsx","8.50","6.50","4.00","Imported from legacy weekly grosses workbook"
"2018-08-22","Alpha","7:30 PM","15","11","6","0","32","223.00","legacy_excel_import","legacy_excel","I:\My Drive\Grosses\Archive\2018\Alpha Grosses.xlsx","8.50","6.50","4.00","Imported from legacy weekly grosses workbook"
"2018-08-22","Deadpool 2","7:30 PM","28","4","6","0","38","288.00","legacy_excel_import","legacy_excel","I:\My Drive\Grosses\Archive\2018\Deadpool 2.xlsx","8.50","6.50","4.00","Imported from legacy weekly grosses workbook"
"2018-08-23","Deadpool 2","7:30 PM","14","2","2","0","18","140.00","legacy_excel_import","legacy_excel","I:\My Drive\Grosses\Archive\2018\Deadpool 2.xlsx","8.50","6.50","4.00","Imported from legacy weekly grosses workbook"
"2018-08-24","Searching","7:30 PM","9","0","1","0","10","80.50","legacy_excel_import","legacy_excel","I:\My Drive\Grosses\Archive\2018\Searching Grosses.xlsx","8.50","6.50","4.00","Imported from legacy weekly grosses workbook"
"2018-08-25","Searching","7:30 PM","11","4","0","0","15","119.50","legacy_excel_import","legacy_excel","I:\My Drive\Grosses\Archive\2018\Searching Grosses.xlsx","8.50","6.50","4.00","Imported from legacy weekly grosses workbook"
"2018-08-26","Searching","2:30 PM","0","8","0","0","8","52.00","legacy_excel_import","legacy_excel","I:\My Drive\Grosses\Archive\2018\Searching Grosses.xlsx","8.50","6.50","4.00","Imported from legacy weekly grosses workbook"
"2018-08-27","Searching","7:30 PM","3","1","4","0","8","48.00","legacy_excel_import","legacy_excel","I:\My Drive\Grosses\Archive\2018\Searching Grosses.xlsx","8.50","6.50","4.00","Imported from legacy weekly grosses workbook"
"2018-08-28","Searching","7:30 PM","0","0","2","0","2","8.00","legacy_excel_import","legacy_excel","I:\My Drive\Grosses\Archive\2018\Searching Grosses.xlsx","8.50","6.50","4.00","Imported from legacy weekly grosses workbook"
"2018-08-29","Searching","7:30 PM","6","3","2","0","11","78.50","legacy_excel_import","legacy_excel","I:\My Drive\Grosses\Archive\2018\Searching Grosses.xlsx","8.50","6.50","4.00","Imported from legacy weekly grosses workbook"
"2018-09-01","Crazy Rich Asians","7:30 PM","3","10","2","0","15","98.50","legacy_excel_import","legacy_excel","I:\My Drive\Grosses\Archive\2018\Crazy Rich Asians.xlsx","8.50","6.50","4.00","Imported from legacy weekly grosses workbook"
"2018-09-02","Crazy Rich Asians","7:30 PM","23","5","3","0","31","240.00","legacy_excel_import","legacy_excel","I:\My Drive\Grosses\Archive\2018\Crazy Rich Asians.xlsx","8.50","6.50","4.00","Imported from legacy weekly grosses workbook"
"2018-09-03","Crazy Rich Asians","2:30 PM","0","20","0","0","20","130.00","legacy_excel_import","legacy_excel","I:\My Drive\Grosses\Archive\2018\Crazy Rich Asians.xlsx","8.50","6.50","4.00","Imported from legacy weekly grosses workbook"
"2018-09-04","Crazy Rich Asians","7:30 PM","7","16","8","0","31","195.50","legacy_excel_import","legacy_excel","I:\My Drive\Grosses\Archive\2018\Crazy Rich Asians.xlsx","8.50","6.50","4.00","Imported from legacy weekly grosses workbook"
"2018-09-05","Crazy Rich Asians","7:30 PM","20","9","4","0","33","244.50","legacy_excel_import","legacy_excel","I:\My Drive\Grosses\Archive\2018\Crazy Rich Asians.xlsx","8.50","6.50","4.00","Imported from legacy weekly grosses workbook"
"2018-09-06","Crazy Rich Asians","7:30 PM","3","11","8","0","22","129.00","legacy_excel_import","legacy_excel","I:\My Drive\Grosses\Archive\2018\Crazy Rich Asians.xlsx","8.50","6.50","4.00","Imported from legacy weekly grosses workbook"
"2018-09-07","The Nun","7:30 PM","7","2","0","0","9","72.50","legacy_excel_import","legacy_excel","I:\My Drive\Grosses\Archive\2018\The Nun Grosses.xlsx","8.50","6.50","4.00","Imported from legacy weekly grosses workbook"
"2018-09-08","The Nun","7:30 PM","17","2","3","0","22","169.50","legacy_excel_import","legacy_excel","I:\My Drive\Grosses\Archive\2018\The Nun Grosses.xlsx","8.50","6.50","4.00","Imported from legacy weekly grosses workbook"
"2018-09-09","The Nun","2:30 PM","0","8","0","0","8","52.00","legacy_excel_import","legacy_excel","I:\My Drive\Grosses\Archive\2018\The Nun Grosses.xlsx","8.50","6.50","4.00","Imported from legacy weekly grosses workbook"
"2018-09-10","The Nun","7:30 PM","3","1","3","0","7","44.00","legacy_excel_import","legacy_excel","I:\My Drive\Grosses\Archive\2018\The Nun Grosses.xlsx","8.50","6.50","4.00","Imported from legacy weekly grosses workbook"
"2018-09-11","The Nun","7:30 PM","3","0","3","0","6","37.50","legacy_excel_import","legacy_excel","I:\My Drive\Grosses\Archive\2018\The Nun Grosses.xlsx","8.50","6.50","4.00","Imported from legacy weekly grosses workbook"
"2018-09-12","The Nun","7:30 PM","4","0","0","0","4","34.00","legacy_excel_import","legacy_excel","I:\My Drive\Grosses\Archive\2018\The Nun Grosses.xlsx","8.50","6.50","4.00","Imported from legacy weekly grosses workbook"
"2018-09-14","The Predator","7:30 PM","11","1","3","0","15","112.00","legacy_excel_import","legacy_excel","I:\My Drive\Grosses\Archive\2018\The Predator Grosses.xlsx","8.50","6.50","4.00","Imported from legacy weekly grosses workbook"
"2018-09-15","The Predator","7:30 PM","27","2","2","0","31","250.50","legacy_excel_import","legacy_excel","I:\My Drive\Grosses\Archive\2018\The Predator Grosses.xlsx","8.50","6.50","4.00","Imported from legacy weekly grosses workbook"
"2018-09-16","The Predator","2:30 PM","0","5","3","0","8","44.50","legacy_excel_import","legacy_excel","I:\My Drive\Grosses\Archive\2018\The Predator Grosses.xlsx","8.50","6.50","4.00","Imported from legacy weekly grosses workbook"
"2018-09-17","The Predator","7:30 PM","6","0","2","0","8","59.00","legacy_excel_import","legacy_excel","I:\My Drive\Grosses\Archive\2018\The Predator Grosses.xlsx","8.50","6.50","4.00","Imported from legacy weekly grosses workbook"
"2018-09-18","The Predator","7:30 PM","8","0","5","0","13","88.00","legacy_excel_import","legacy_excel","I:\My Drive\Grosses\Archive\2018\The Predator Grosses.xlsx","8.50","6.50","4.00","Imported from legacy weekly grosses workbook"
"2018-09-19","The Predator","7:30 PM","3","1","4","0","8","48.00","legacy_excel_import","legacy_excel","I:\My Drive\Grosses\Archive\2018\The Predator Grosses.xlsx","8.50","6.50","4.00","Imported from legacy weekly grosses workbook"
"2018-10-03","Neither wolf nor dog","7:30 PM","0","10","6","0","16","89.00","legacy_excel_import","legacy_excel","I:\My Drive\Grosses\Archive\2018\Niether wolf nor dog.xlsx","8.50","6.50","4.00","Imported from legacy weekly grosses workbook"
"2018-10-04","Neither wolf nor dog","7:30 PM","12","7","2","0","21","155.50","legacy_excel_import","legacy_excel","I:\My Drive\Grosses\Archive\2018\Niether wolf nor dog.xlsx","8.50","6.50","4.00","Imported from legacy weekly grosses workbook"
"2018-10-05","Neither wolf nor dog","2:30 PM","0","11","3","0","14","83.50","legacy_excel_import","legacy_excel","I:\My Drive\Grosses\Archive\2018\Niether wolf nor dog.xlsx","8.50","6.50","4.00","Imported from legacy weekly grosses workbook"
"2018-10-05","Venom","7:30 PM","25","10","8","0","43","309.50","legacy_excel_import","legacy_excel","I:\My Drive\Grosses\Archive\2018\Venom Grosses Week1.xlsx","8.50","6.50","4.00","Imported from legacy weekly grosses workbook"
"2018-10-06","Neither wolf nor dog","7:30 PM","10","1","7","0","18","119.50","legacy_excel_import","legacy_excel","I:\My Drive\Grosses\Archive\2018\Niether wolf nor dog.xlsx","8.50","6.50","4.00","Imported from legacy weekly grosses workbook"
"2018-10-06","Venom","7:30 PM","64","22","5","0","91","707.00","legacy_excel_import","legacy_excel","I:\My Drive\Grosses\Archive\2018\Venom Grosses Week1.xlsx","8.50","6.50","4.00","Imported from legacy weekly grosses workbook"
"2018-10-07","Venom","2:30 PM","0","33","4","0","37","230.50","legacy_excel_import","legacy_excel","I:\My Drive\Grosses\Archive\2018\Venom Grosses Week1.xlsx","8.50","6.50","4.00","Imported from legacy weekly grosses workbook"
"2018-10-08","Venom","7:30 PM","24","0","3","0","27","216.00","legacy_excel_import","legacy_excel","I:\My Drive\Grosses\Archive\2018\Venom Grosses Week1.xlsx","8.50","6.50","4.00","Imported from legacy weekly grosses workbook"
"2018-10-09","Venom","7:30 PM","6","0","0","0","6","51.00","legacy_excel_import","legacy_excel","I:\My Drive\Grosses\Archive\2018\Venom Grosses Week1.xlsx","8.50","6.50","4.00","Imported from legacy weekly grosses workbook"
"2018-10-10","Venom","7:30 PM","18","4","0","0","22","179.00","legacy_excel_import","legacy_excel","I:\My Drive\Grosses\Archive\2018\Venom Grosses Week1.xlsx","8.50","6.50","4.00","Imported from legacy weekly grosses workbook"
"2018-10-12","Venom","7:30 PM","24","3","4","0","31","239.50","legacy_excel_import","legacy_excel","I:\My Drive\Grosses\Archive\2018\Venom Grosses Week2.xlsx","8.50","6.50","4.00","Imported from legacy weekly grosses workbook"
"2018-10-13","Venom","7:30 PM","33","7","10","0","50","366.00","legacy_excel_import","legacy_excel","I:\My Drive\Grosses\Archive\2018\Venom Grosses Week2.xlsx","8.50","6.50","4.00","Imported from legacy weekly grosses workbook"
"2018-10-14","Venom","2:30 PM","0","20","8","0","28","162.00","legacy_excel_import","legacy_excel","I:\My Drive\Grosses\Archive\2018\Venom Grosses Week2.xlsx","8.50","6.50","4.00","Imported from legacy weekly grosses workbook"
"2018-10-15","Venom","7:30 PM","7","3","2","0","12","87.00","legacy_excel_import","legacy_excel","I:\My Drive\Grosses\Archive\2018\Venom Grosses Week2.xlsx","8.50","6.50","4.00","Imported from legacy weekly grosses workbook"
"2018-10-16","Venom","7:30 PM","7","3","0","0","10","79.00","legacy_excel_import","legacy_excel","I:\My Drive\Grosses\Archive\2018\Venom Grosses Week2.xlsx","8.50","6.50","4.00","Imported from legacy weekly grosses workbook"
"2018-10-17","Venom","7:30 PM","9","6","2","0","17","123.50","legacy_excel_import","legacy_excel","I:\My Drive\Grosses\Archive\2018\Venom Grosses Week2.xlsx","8.50","6.50","4.00","Imported from legacy weekly grosses workbook"
"2018-10-19","A House With A Clock In Its Walls","7:30 PM","11","10","4","0","25","174.50","legacy_excel_import","legacy_excel","I:\My Drive\Grosses\Archive\2018\A House With A Clock In Its Walls.xlsx","8.50","6.50","4.00","Imported from legacy weekly grosses workbook"
"2018-10-20","A House With A Clock In Its Walls","7:30 PM","23","10","1","0","34","264.50","legacy_excel_import","legacy_excel","I:\My Drive\Grosses\Archive\2018\A House With A Clock In Its Walls.xlsx","8.50","6.50","4.00","Imported from legacy weekly grosses workbook"
"2018-10-21","A House With A Clock In Its Walls","2:30 PM","0","21","2","0","23","144.50","legacy_excel_import","legacy_excel","I:\My Drive\Grosses\Archive\2018\A House With A Clock In Its Walls.xlsx","8.50","6.50","4.00","Imported from legacy weekly grosses workbook"
"2018-10-22","A House With A Clock In Its Walls","7:30 PM","28","7","3","0","38","295.50","legacy_excel_import","legacy_excel","I:\My Drive\Grosses\Archive\2018\A House With A Clock In Its Walls.xlsx","8.50","6.50","4.00","Imported from legacy weekly grosses workbook"
"2018-10-23","A House With A Clock In Its Walls","7:30 PM","5","5","10","0","20","115.00","legacy_excel_import","legacy_excel","I:\My Drive\Grosses\Archive\2018\A House With A Clock In Its Walls.xlsx","8.50","6.50","4.00","Imported from legacy weekly grosses workbook"
"2018-10-24","A House With A Clock In Its Walls","7:30 PM","20","8","10","0","38","262.00","legacy_excel_import","legacy_excel","I:\My Drive\Grosses\Archive\2018\A House With A Clock In Its Walls.xlsx","8.50","6.50","4.00","Imported from legacy weekly grosses workbook"
"2018-11-02","Smallfoot","7:30 PM","23","10","3","0","36","272.50","legacy_excel_import","legacy_excel","I:\My Drive\Grosses\Archive\2018\11-2 SmallFoot Grosses.xlsx","8.50","6.50","4.00","Imported from legacy weekly grosses workbook"
"2018-11-03","Smallfoot","7:30 PM","31","20","2","0","53","401.50","legacy_excel_import","legacy_excel","I:\My Drive\Grosses\Archive\2018\11-2 SmallFoot Grosses.xlsx","8.50","6.50","4.00","Imported from legacy weekly grosses workbook"
"2018-11-04","Smallfoot","2:30 PM","0","68","6","0","74","466.00","legacy_excel_import","legacy_excel","I:\My Drive\Grosses\Archive\2018\11-2 SmallFoot Grosses.xlsx","8.50","6.50","4.00","Imported from legacy weekly grosses workbook"
"2018-11-05","Smallfoot","7:30 PM","12","4","6","0","22","152.00","legacy_excel_import","legacy_excel","I:\My Drive\Grosses\Archive\2018\11-2 SmallFoot Grosses.xlsx","8.50","6.50","4.00","Imported from legacy weekly grosses workbook"
"2018-11-06","Smallfoot","7:30 PM","8","14","2","0","24","167.00","legacy_excel_import","legacy_excel","I:\My Drive\Grosses\Archive\2018\11-2 SmallFoot Grosses.xlsx","8.50","6.50","4.00","Imported from legacy weekly grosses workbook"
"2018-11-07","Smallfoot","7:30 PM","13","9","7","0","29","197.00","legacy_excel_import","legacy_excel","I:\My Drive\Grosses\Archive\2018\11-2 SmallFoot Grosses.xlsx","8.50","6.50","4.00","Imported from legacy weekly grosses workbook"
"2018-11-09","A Star Is Born","7:30 PM","23","8","1","0","32","251.50","legacy_excel_import","legacy_excel","I:\My Drive\Grosses\Archive\2018\11-9 A Star Is Born.xlsx","8.50","6.50","4.00","Imported from legacy weekly grosses workbook"
"2018-11-10","A Star Is Born","7:30 PM","13","1","5","0","19","137.00","legacy_excel_import","legacy_excel","I:\My Drive\Grosses\Archive\2018\11-9 A Star Is Born.xlsx","8.50","6.50","4.00","Imported from legacy weekly grosses workbook"
"2018-11-11","A Star Is Born","2:30 PM","0","33","8","0","41","246.50","legacy_excel_import","legacy_excel","I:\My Drive\Grosses\Archive\2018\11-9 A Star Is Born.xlsx","8.50","6.50","4.00","Imported from legacy weekly grosses workbook"
"2018-11-12","A Star Is Born","7:30 PM","18","24","8","0","50","341.00","legacy_excel_import","legacy_excel","I:\My Drive\Grosses\Archive\2018\11-9 A Star Is Born.xlsx","8.50","6.50","4.00","Imported from legacy weekly grosses workbook"
"2018-11-13","A Star Is Born","7:30 PM","13","13","17","0","43","263.00","legacy_excel_import","legacy_excel","I:\My Drive\Grosses\Archive\2018\11-9 A Star Is Born.xlsx","8.50","6.50","4.00","Imported from legacy weekly grosses workbook"
"2018-11-14","A Star Is Born","7:30 PM","12","10","8","0","30","199.00","legacy_excel_import","legacy_excel","I:\My Drive\Grosses\Archive\2018\11-9 A Star Is Born.xlsx","8.50","6.50","4.00","Imported from legacy weekly grosses workbook"
"2018-11-16","First Man","7:30 PM","5","6","2","0","13","89.50","legacy_excel_import","legacy_excel","I:\My Drive\Grosses\Archive\2018\11-16 The first Man.xlsx","8.50","6.50","4.00","Imported from legacy weekly grosses workbook"
"2018-11-17","First Man","7:30 PM","4","3","5","0","12","73.50","legacy_excel_import","legacy_excel","I:\My Drive\Grosses\Archive\2018\11-16 The first Man.xlsx","8.50","6.50","4.00","Imported from legacy weekly grosses workbook"
"2018-11-18","Avengers Infinity War Wk 3","7:30 PM","27","5","2","0","34","270.00","legacy_excel_import","legacy_excel","I:\My Drive\Grosses\Archive\2018\Avengers Infinity War Wk 3.xlsx","8.50","6.50","4.00","Imported from legacy weekly grosses workbook"
"2018-11-18","First Man","2:30 PM","0","14","1","0","15","95.00","legacy_excel_import","legacy_excel","I:\My Drive\Grosses\Archive\2018\11-16 The first Man.xlsx","8.50","6.50","4.00","Imported from legacy weekly grosses workbook"
"2018-11-19","Avengers Infinity War Wk 3","7:30 PM","11","3","5","0","19","133.00","legacy_excel_import","legacy_excel","I:\My Drive\Grosses\Archive\2018\Avengers Infinity War Wk 3.xlsx","8.50","6.50","4.00","Imported from legacy weekly grosses workbook"
"2018-11-19","First Man","7:30 PM","2","3","6","0","11","60.50","legacy_excel_import","legacy_excel","I:\My Drive\Grosses\Archive\2018\11-16 The first Man.xlsx","8.50","6.50","4.00","Imported from legacy weekly grosses workbook"
"2018-11-20","Avengers Infinity War Wk 3","2:30 PM","0","23","0","0","23","149.50","legacy_excel_import","legacy_excel","I:\My Drive\Grosses\Archive\2018\Avengers Infinity War Wk 3.xlsx","8.50","6.50","4.00","Imported from legacy weekly grosses workbook"
"2018-11-20","First Man","7:30 PM","1","3","7","0","11","56.00","legacy_excel_import","legacy_excel","I:\My Drive\Grosses\Archive\2018\11-16 The first Man.xlsx","8.50","6.50","4.00","Imported from legacy weekly grosses workbook"
"2018-11-21","Avengers Infinity War Wk 3","7:30 PM","5","0","1","0","6","46.50","legacy_excel_import","legacy_excel","I:\My Drive\Grosses\Archive\2018\Avengers Infinity War Wk 3.xlsx","8.50","6.50","4.00","Imported from legacy weekly grosses workbook"
"2018-11-21","First Man","7:30 PM","1","2","4","0","7","37.50","legacy_excel_import","legacy_excel","I:\My Drive\Grosses\Archive\2018\11-16 The first Man.xlsx","8.50","6.50","4.00","Imported from legacy weekly grosses workbook"
"2018-11-22","Avengers Infinity War Wk 3","7:30 PM","13","4","3","0","20","148.50","legacy_excel_import","legacy_excel","I:\My Drive\Grosses\Archive\2018\Avengers Infinity War Wk 3.xlsx","8.50","6.50","4.00","Imported from legacy weekly grosses workbook"
"2018-11-23","Avengers Infinity War Wk 3","7:30 PM","17","10","3","0","30","221.50","legacy_excel_import","legacy_excel","I:\My Drive\Grosses\Archive\2018\Avengers Infinity War Wk 3.xlsx","8.50","6.50","4.00","Imported from legacy weekly grosses workbook"
"2018-11-23","Bohemian Rhapsody","7:30 PM","29","6","3","0","38","297.50","legacy_excel_import","legacy_excel","I:\My Drive\Grosses\Archive\2018\11-23 Bohemian Rhapsody Grosses.xlsx","8.50","6.50","4.00","Imported from legacy weekly grosses workbook"
"2018-11-24","Bohemian Rhapsody","7:30 PM","23","4","5","0","32","241.50","legacy_excel_import","legacy_excel","I:\My Drive\Grosses\Archive\2018\11-23 Bohemian Rhapsody Grosses.xlsx","8.50","6.50","4.00","Imported from legacy weekly grosses workbook"
"2018-11-25","Bohemian Rhapsody","2:30 PM","0","43","6","0","49","303.50","legacy_excel_import","legacy_excel","I:\My Drive\Grosses\Archive\2018\11-23 Bohemian Rhapsody Grosses.xlsx","8.50","6.50","4.00","Imported from legacy weekly grosses workbook"
"2018-11-26","Bohemian Rhapsody","7:30 PM","14","6","4","0","24","174.00","legacy_excel_import","legacy_excel","I:\My Drive\Grosses\Archive\2018\11-23 Bohemian Rhapsody Grosses.xlsx","8.50","6.50","4.00","Imported from legacy weekly grosses workbook"
"2018-11-27","Bohemian Rhapsody","7:30 PM","3","1","5","0","9","52.00","legacy_excel_import","legacy_excel","I:\My Drive\Grosses\Archive\2018\11-23 Bohemian Rhapsody Grosses.xlsx","8.50","6.50","4.00","Imported from legacy weekly grosses workbook"
"2018-11-28","Bohemian Rhapsody","7:30 PM","12","5","11","0","28","178.50","legacy_excel_import","legacy_excel","I:\My Drive\Grosses\Archive\2018\11-23 Bohemian Rhapsody Grosses.xlsx","8.50","6.50","4.00","Imported from legacy weekly grosses workbook"
"2018-11-30","Grinch","7:30 PM","37","28","4","0","69","512.50","legacy_excel_import","legacy_excel","I:\My Drive\Grosses\Archive\2018\11-30 Grinch.xlsx","8.50","6.50","4.00","Imported from legacy weekly grosses workbook"
"2018-12-01","Grinch","7:30 PM","44","26","6","0","76","567.00","legacy_excel_import","legacy_excel","I:\My Drive\Grosses\Archive\2018\11-30 Grinch.xlsx","8.50","6.50","4.00","Imported from legacy weekly grosses workbook"
"2018-12-02","Grinch","2:30 PM","0","78","2","0","80","515.00","legacy_excel_import","legacy_excel","I:\My Drive\Grosses\Archive\2018\11-30 Grinch.xlsx","8.50","6.50","4.00","Imported from legacy weekly grosses workbook"
"2018-12-03","Grinch","7:30 PM","23","11","7","0","41","295.00","legacy_excel_import","legacy_excel","I:\My Drive\Grosses\Archive\2018\11-30 Grinch.xlsx","8.50","6.50","4.00","Imported from legacy weekly grosses workbook"
"2018-12-04","Grinch","7:30 PM","18","5","3","0","26","197.50","legacy_excel_import","legacy_excel","I:\My Drive\Grosses\Archive\2018\11-30 Grinch.xlsx","8.50","6.50","4.00","Imported from legacy weekly grosses workbook"
"2018-12-05","Grinch","7:30 PM","20","20","1","0","41","304.00","legacy_excel_import","legacy_excel","I:\My Drive\Grosses\Archive\2018\11-30 Grinch.xlsx","8.50","6.50","4.00","Imported from legacy weekly grosses workbook"
"2018-12-07","Fantastic Beasts The Crimes of Grindelwald Warner Bros.","7:30 PM","19","7","20","0","46","287.00","legacy_excel_import","legacy_excel","I:\My Drive\Grosses\Archive\2018\12-7 Fantastic Beasts CoG.xlsx","8.50","6.50","4.00","Imported from legacy weekly grosses workbook"
"2018-12-08","Fantastic Beasts The Crimes of Grindelwald Warner Bros.","7:30 PM","20","7","5","0","32","235.50","legacy_excel_import","legacy_excel","I:\My Drive\Grosses\Archive\2018\12-7 Fantastic Beasts CoG.xlsx","8.50","6.50","4.00","Imported from legacy weekly grosses workbook"
"2018-12-09","Fantastic Beasts The Crimes of Grindelwald Warner Bros.","2:30 PM","16","20","2","0","38","274.00","legacy_excel_import","legacy_excel","I:\My Drive\Grosses\Archive\2018\12-7 Fantastic Beasts CoG.xlsx","8.50","6.50","4.00","Imported from legacy weekly grosses workbook"
"2018-12-10","Fantastic Beasts The Crimes of Grindelwald Warner Bros.","7:30 PM","5","5","10","0","20","115.00","legacy_excel_import","legacy_excel","I:\My Drive\Grosses\Archive\2018\12-7 Fantastic Beasts CoG.xlsx","8.50","6.50","4.00","Imported from legacy weekly grosses workbook"
"2018-12-11","Fantastic Beasts The Crimes of Grindelwald Warner Bros.","7:30 PM","0","1","8","0","9","38.50","legacy_excel_import","legacy_excel","I:\My Drive\Grosses\Archive\2018\12-7 Fantastic Beasts CoG.xlsx","8.50","6.50","4.00","Imported from legacy weekly grosses workbook"
"2018-12-12","Fantastic Beasts The Crimes of Grindelwald Warner Bros.","7:30 PM","7","3","8","0","18","111.00","legacy_excel_import","legacy_excel","I:\My Drive\Grosses\Archive\2018\12-7 Fantastic Beasts CoG.xlsx","8.50","6.50","4.00","Imported from legacy weekly grosses workbook"
"2018-12-14","Instant Family","7:30 PM","19","15","2","0","36","267.00","legacy_excel_import","legacy_excel","I:\My Drive\Grosses\Archive\2018\12-14 Instant Family gross.xlsx","8.50","6.50","4.00","Imported from legacy weekly grosses workbook"
"2018-12-15","Instant Family","7:30 PM","14","0","5","0","19","139.00","legacy_excel_import","legacy_excel","I:\My Drive\Grosses\Archive\2018\12-14 Instant Family gross.xlsx","8.50","6.50","4.00","Imported from legacy weekly grosses workbook"
"2018-12-16","Instant Family","2:30 PM","0","18","0","0","18","117.00","legacy_excel_import","legacy_excel","I:\My Drive\Grosses\Archive\2018\12-14 Instant Family gross.xlsx","8.50","6.50","4.00","Imported from legacy weekly grosses workbook"
"2018-12-17","Instant Family","7:30 PM","5","2","1","0","8","59.50","legacy_excel_import","legacy_excel","I:\My Drive\Grosses\Archive\2018\12-14 Instant Family gross.xlsx","8.50","6.50","4.00","Imported from legacy weekly grosses workbook"
"2018-12-18","Instant Family","7:30 PM","4","5","2","0","11","74.50","legacy_excel_import","legacy_excel","I:\My Drive\Grosses\Archive\2018\12-14 Instant Family gross.xlsx","8.50","6.50","4.00","Imported from legacy weekly grosses workbook"
"2018-12-19","Instant Family","7:30 PM","17","3","13","0","33","216.00","legacy_excel_import","legacy_excel","I:\My Drive\Grosses\Archive\2018\12-14 Instant Family gross.xlsx","8.50","6.50","4.00","Imported from legacy weekly grosses workbook"
"2018-12-21","Aqua man","7:30 PM","84","33","7","0","124","956.50","legacy_excel_import","legacy_excel","I:\My Drive\Grosses\Archive\2018\12-21 Aquaman Gross.xlsx","8.50","6.50","4.00","Imported from legacy weekly grosses workbook"
"2018-12-22","Aqua man","7:30 PM","38","4","6","0","48","373.00","legacy_excel_import","legacy_excel","I:\My Drive\Grosses\Archive\2018\12-21 Aquaman Gross.xlsx","8.50","6.50","4.00","Imported from legacy weekly grosses workbook"
"2018-12-23","Aqua man","2:30 PM","4","54","5","0","63","405.00","legacy_excel_import","legacy_excel","I:\My Drive\Grosses\Archive\2018\12-21 Aquaman Gross.xlsx","8.50","6.50","4.00","Imported from legacy weekly grosses workbook"
"2018-12-26","Aqua man","7:30 PM","31","14","7","0","52","382.50","legacy_excel_import","legacy_excel","I:\My Drive\Grosses\Archive\2018\12-21 Aquaman Gross.xlsx","8.50","6.50","4.00","Imported from legacy weekly grosses workbook"
"2018-12-28","Aqua man","7:30 PM","53","4","13","0","70","528.50","legacy_excel_import","legacy_excel","I:\My Drive\Grosses\Archive\2018\12-28 Aquaman.xlsx","8.50","6.50","4.00","Imported from legacy weekly grosses workbook"
"2018-12-29","Aqua man","7:30 PM","53","23","9","0","85","636.00","legacy_excel_import","legacy_excel","I:\My Drive\Grosses\Archive\2018\12-28 Aquaman.xlsx","8.50","6.50","4.00","Imported from legacy weekly grosses workbook"
"2018-12-30","Aqua man","2:30 PM","7","53","26","0","86","508.00","legacy_excel_import","legacy_excel","I:\My Drive\Grosses\Archive\2018\12-28 Aquaman.xlsx","8.50","6.50","4.00","Imported from legacy weekly grosses workbook"
"2019-01-01","Aqua man","7:30 PM","38","21","5","0","64","479.50","legacy_excel_import","legacy_excel","I:\My Drive\Grosses\Archive\2018\12-28 Aquaman.xlsx","8.50","6.50","4.00","Imported from legacy weekly grosses workbook"
"2019-01-02","Aqua man","7:30 PM","31","8","13","0","52","367.50","legacy_excel_import","legacy_excel","I:\My Drive\Grosses\Archive\2018\12-28 Aquaman.xlsx","8.50","6.50","4.00","Imported from legacy weekly grosses workbook"
"2019-01-04","Aquaman","7:30 PM","28","11","5","0","44","329.50","legacy_excel_import","legacy_excel","I:\My Drive\Grosses\Archive\2019\1-4 Aquaman.xlsx","8.50","6.50","4.00","Imported from legacy weekly grosses workbook"
"2019-01-05","Aquaman","7:30 PM","29","4","12","0","45","320.50","legacy_excel_import","legacy_excel","I:\My Drive\Grosses\Archive\2019\1-4 Aquaman.xlsx","8.50","6.50","4.00","Imported from legacy weekly grosses workbook"
"2019-01-06","Aquaman","2:30 PM","0","42","2","0","44","281.00","legacy_excel_import","legacy_excel","I:\My Drive\Grosses\Archive\2019\1-4 Aquaman.xlsx","8.50","6.50","4.00","Imported from legacy weekly grosses workbook"
"2019-01-07","Aquaman","7:30 PM","4","5","0","0","9","66.50","legacy_excel_import","legacy_excel","I:\My Drive\Grosses\Archive\2019\1-4 Aquaman.xlsx","8.50","6.50","4.00","Imported from legacy weekly grosses workbook"
"2019-01-08","Aquaman","7:30 PM","5","1","1","0","7","53.00","legacy_excel_import","legacy_excel","I:\My Drive\Grosses\Archive\2019\1-4 Aquaman.xlsx","8.50","6.50","4.00","Imported from legacy weekly grosses workbook"
"2019-01-09","Aquaman","7:30 PM","7","2","4","0","13","88.50","legacy_excel_import","legacy_excel","I:\My Drive\Grosses\Archive\2019\1-4 Aquaman.xlsx","8.50","6.50","4.00","Imported from legacy weekly grosses workbook"
"2019-01-11","Ralph Breaks the Internet","7:30 PM","55","22","14","0","91","666.50","legacy_excel_import","legacy_excel","I:\My Drive\Grosses\Archive\2019\1-11 Wreck It Ralph 2.xlsx","8.50","6.50","4.00","Imported from legacy weekly grosses workbook"
"2019-01-12","Ralph Breaks the Internet","7:30 PM","18","18","6","0","42","294.00","legacy_excel_import","legacy_excel","I:\My Drive\Grosses\Archive\2019\1-11 Wreck It Ralph 2.xlsx","8.50","6.50","4.00","Imported from legacy weekly grosses workbook"
"2019-01-13","Ralph Breaks the Internet","2:30 PM","0","87","6","0","93","589.50","legacy_excel_import","legacy_excel","I:\My Drive\Grosses\Archive\2019\1-11 Wreck It Ralph 2.xlsx","8.50","6.50","4.00","Imported from legacy weekly grosses workbook"
"2019-01-14","Ralph Breaks the Internet","7:30 PM","4","1","2","0","7","48.50","legacy_excel_import","legacy_excel","I:\My Drive\Grosses\Archive\2019\1-11 Wreck It Ralph 2.xlsx","8.50","6.50","4.00","Imported from legacy weekly grosses workbook"
"2019-01-15","Ralph Breaks the Internet","7:30 PM","0","3","4","0","7","35.50","legacy_excel_import","legacy_excel","I:\My Drive\Grosses\Archive\2019\1-11 Wreck It Ralph 2.xlsx","8.50","6.50","4.00","Imported from legacy weekly grosses workbook"
"2019-01-16","Ralph Breaks the Internet","7:30 PM","0","12","5","0","17","98.00","legacy_excel_import","legacy_excel","I:\My Drive\Grosses\Archive\2019\1-11 Wreck It Ralph 2.xlsx","8.50","6.50","4.00","Imported from legacy weekly grosses workbook"
"2019-01-18","Spiderman: Into the Spider-verse","7:30 PM","13","2","9","0","24","159.50","legacy_excel_import","legacy_excel","I:\My Drive\Grosses\Archive\2019\1-18 Spiderman-into the spiderverse.xlsx","8.50","6.50","4.00","Imported from legacy weekly grosses workbook"
"2019-01-19","Spiderman: Into the Spider-verse","7:30 PM","17","9","3","0","29","215.00","legacy_excel_import","legacy_excel","I:\My Drive\Grosses\Archive\2019\1-18 Spiderman-into the spiderverse.xlsx","8.50","6.50","4.00","Imported from legacy weekly grosses workbook"
"2019-01-20","Spiderman: Into the Spider-verse","2:30 PM","0","27","6","0","33","199.50","legacy_excel_import","legacy_excel","I:\My Drive\Grosses\Archive\2019\1-18 Spiderman-into the spiderverse.xlsx","8.50","6.50","4.00","Imported from legacy weekly grosses workbook"
"2019-01-21","Spiderman: Into the Spider-verse","7:30 PM","9","3","1","0","13","100.00","legacy_excel_import","legacy_excel","I:\My Drive\Grosses\Archive\2019\1-18 Spiderman-into the spiderverse.xlsx","8.50","6.50","4.00","Imported from legacy weekly grosses workbook"
"2019-01-22","Spiderman: Into the Spider-verse","7:30 PM","3","1","1","0","5","36.00","legacy_excel_import","legacy_excel","I:\My Drive\Grosses\Archive\2019\1-18 Spiderman-into the spiderverse.xlsx","8.50","6.50","4.00","Imported from legacy weekly grosses workbook"
"2019-01-23","Spiderman: Into the Spider-verse","7:30 PM","2","3","2","0","7","44.50","legacy_excel_import","legacy_excel","I:\My Drive\Grosses\Archive\2019\1-18 Spiderman-into the spiderverse.xlsx","8.50","6.50","4.00","Imported from legacy weekly grosses workbook"
"2019-01-25","Marry Poppins Returns","7:30 PM","20","15","8","0","43","299.50","legacy_excel_import","legacy_excel","I:\My Drive\Grosses\Archive\2019\1-25 Mary Poppins Returns.xlsx","8.50","6.50","4.00","Imported from legacy weekly grosses workbook"
"2019-01-26","Marry Poppins Returns","7:30 PM","30","19","3","0","52","390.50","legacy_excel_import","legacy_excel","I:\My Drive\Grosses\Archive\2019\1-25 Mary Poppins Returns.xlsx","8.50","6.50","4.00","Imported from legacy weekly grosses workbook"
"2019-01-27","Marry Poppins Returns","2:30 PM","0","38","9","0","47","283.00","legacy_excel_import","legacy_excel","I:\My Drive\Grosses\Archive\2019\1-25 Mary Poppins Returns.xlsx","8.50","6.50","4.00","Imported from legacy weekly grosses workbook"
"2019-01-28","Marry Poppins Returns","7:30 PM","8","13","5","0","26","172.50","legacy_excel_import","legacy_excel","I:\My Drive\Grosses\Archive\2019\1-25 Mary Poppins Returns.xlsx","8.50","6.50","4.00","Imported from legacy weekly grosses workbook"
"2019-01-29","Marry Poppins Returns","7:30 PM","20","16","7","0","43","302.00","legacy_excel_import","legacy_excel","I:\My Drive\Grosses\Archive\2019\1-25 Mary Poppins Returns.xlsx","8.50","6.50","4.00","Imported from legacy weekly grosses workbook"
"2019-01-30","Marry Poppins Returns","7:30 PM","8","3","6","0","17","111.50","legacy_excel_import","legacy_excel","I:\My Drive\Grosses\Archive\2019\1-25 Mary Poppins Returns.xlsx","8.50","6.50","4.00","Imported from legacy weekly grosses workbook"
"2019-02-01","Bumblebee","7:30 PM","15","11","3","0","29","211.00","legacy_excel_import","legacy_excel","I:\My Drive\Grosses\Archive\2019\2-1 Bumblebee.xlsx","8.50","6.50","4.00","Imported from legacy weekly grosses workbook"
"2019-02-02","Bumblebee","7:30 PM","23","12","5","0","40","293.50","legacy_excel_import","legacy_excel","I:\My Drive\Grosses\Archive\2019\2-1 Bumblebee.xlsx","8.50","6.50","4.00","Imported from legacy weekly grosses workbook"
"2019-02-03","Bumblebee","2:30 PM","0","13","4","0","17","100.50","legacy_excel_import","legacy_excel","I:\My Drive\Grosses\Archive\2019\2-1 Bumblebee.xlsx","8.50","6.50","4.00","Imported from legacy weekly grosses workbook"
"2019-02-04","Bumblebee","7:30 PM","7","2","10","0","19","112.50","legacy_excel_import","legacy_excel","I:\My Drive\Grosses\Archive\2019\2-1 Bumblebee.xlsx","8.50","6.50","4.00","Imported from legacy weekly grosses workbook"
"2019-02-05","Bumblebee","7:30 PM","5","6","6","0","17","105.50","legacy_excel_import","legacy_excel","I:\My Drive\Grosses\Archive\2019\2-1 Bumblebee.xlsx","8.50","6.50","4.00","Imported from legacy weekly grosses workbook"
"2019-02-06","Bumblebee","7:30 PM","9","6","8","0","23","147.50","legacy_excel_import","legacy_excel","I:\My Drive\Grosses\Archive\2019\2-1 Bumblebee.xlsx","8.50","6.50","4.00","Imported from legacy weekly grosses workbook"
"2019-02-08","The Mule","7:30 PM","8","6","3","0","17","119.00","legacy_excel_import","legacy_excel","I:\My Drive\Grosses\Archive\2019\2-8 The Mule.xlsx","8.50","6.50","4.00","Imported from legacy weekly grosses workbook"
"2019-02-09","The Mule","7:30 PM","22","2","0","0","24","200.00","legacy_excel_import","legacy_excel","I:\My Drive\Grosses\Archive\2019\2-8 The Mule.xlsx","8.50","6.50","4.00","Imported from legacy weekly grosses workbook"
"2019-02-10","The Mule","2:30 PM","0","32","6","0","38","232.00","legacy_excel_import","legacy_excel","I:\My Drive\Grosses\Archive\2019\2-8 The Mule.xlsx","8.50","6.50","4.00","Imported from legacy weekly grosses workbook"
"2019-02-11","The Mule","7:30 PM","11","13","7","0","31","206.00","legacy_excel_import","legacy_excel","I:\My Drive\Grosses\Archive\2019\2-8 The Mule.xlsx","8.50","6.50","4.00","Imported from legacy weekly grosses workbook"
"2019-02-12","The Mule","7:30 PM","6","7","4","0","17","112.50","legacy_excel_import","legacy_excel","I:\My Drive\Grosses\Archive\2019\2-8 The Mule.xlsx","8.50","6.50","4.00","Imported from legacy weekly grosses workbook"
"2019-02-13","The Mule","7:30 PM","14","6","13","0","33","210.00","legacy_excel_import","legacy_excel","I:\My Drive\Grosses\Archive\2019\2-8 The Mule.xlsx","8.50","6.50","4.00","Imported from legacy weekly grosses workbook"
"2019-02-15","Glass","7:30 PM","17","3","3","0","23","176.00","legacy_excel_import","legacy_excel","I:\My Drive\Grosses\Archive\2019\2-15 Glass.xlsx","8.50","6.50","4.00","Imported from legacy weekly grosses workbook"
"2019-02-16","Glass","7:30 PM","9","1","3","0","13","95.00","legacy_excel_import","legacy_excel","I:\My Drive\Grosses\Archive\2019\2-15 Glass.xlsx","8.50","6.50","4.00","Imported from legacy weekly grosses workbook"
"2019-02-17","Glass","2:30 PM","0","29","0","0","29","188.50","legacy_excel_import","legacy_excel","I:\My Drive\Grosses\Archive\2019\2-15 Glass.xlsx","8.50","6.50","4.00","Imported from legacy weekly grosses workbook"
"2019-02-18","Glass","7:30 PM","6","1","4","0","11","73.50","legacy_excel_import","legacy_excel","I:\My Drive\Grosses\Archive\2019\2-15 Glass.xlsx","8.50","6.50","4.00","Imported from legacy weekly grosses workbook"
"2019-02-19","Glass","7:30 PM","2","0","2","0","4","25.00","legacy_excel_import","legacy_excel","I:\My Drive\Grosses\Archive\2019\2-15 Glass.xlsx","8.50","6.50","4.00","Imported from legacy weekly grosses workbook"
"2019-02-20","Glass","7:30 PM","8","1","11","0","20","118.50","legacy_excel_import","legacy_excel","I:\My Drive\Grosses\Archive\2019\2-15 Glass.xlsx","8.50","6.50","4.00","Imported from legacy weekly grosses workbook"
"2019-02-22","Dragon 3","7:30 PM","58","28","12","0","98","723.00","legacy_excel_import","legacy_excel","I:\My Drive\Grosses\Archive\2019\2-22 How to Train Your Dragon.xlsx","8.50","6.50","4.00","Imported from legacy weekly grosses workbook"
"2019-02-23","Dragon 3","7:30 PM","28","20","4","0","52","384.00","legacy_excel_import","legacy_excel","I:\My Drive\Grosses\Archive\2019\2-22 How to Train Your Dragon.xlsx","8.50","6.50","4.00","Imported from legacy weekly grosses workbook"
"2019-02-24","Dragon 3","2:30 PM","0","104","9","0","113","712.00","legacy_excel_import","legacy_excel","I:\My Drive\Grosses\Archive\2019\2-22 How to Train Your Dragon.xlsx","8.50","6.50","4.00","Imported from legacy weekly grosses workbook"
"2019-02-25","Dragon 3","7:30 PM","21","10","4","0","35","259.50","legacy_excel_import","legacy_excel","I:\My Drive\Grosses\Archive\2019\2-22 How to Train Your Dragon.xlsx","8.50","6.50","4.00","Imported from legacy weekly grosses workbook"
"2019-02-26","Dragon 3","7:30 PM","18","8","0","0","26","205.00","legacy_excel_import","legacy_excel","I:\My Drive\Grosses\Archive\2019\2-22 How to Train Your Dragon.xlsx","8.50","6.50","4.00","Imported from legacy weekly grosses workbook"
"2019-02-27","Dragon 3","7:30 PM","21","15","1","0","37","280.00","legacy_excel_import","legacy_excel","I:\My Drive\Grosses\Archive\2019\2-22 How to Train Your Dragon.xlsx","8.50","6.50","4.00","Imported from legacy weekly grosses workbook"
"2019-03-01","Dragon 3","7:30 PM","38","25","2","0","65","493.50","legacy_excel_import","legacy_excel","I:\My Drive\Grosses\Archive\2019\3-1 How to Train Your Dragon.xlsx","8.50","6.50","4.00","Imported from legacy weekly grosses workbook"
"2019-03-02","Dragon 3","7:30 PM","36","21","3","0","60","454.50","legacy_excel_import","legacy_excel","I:\My Drive\Grosses\Archive\2019\3-1 How to Train Your Dragon.xlsx","8.50","6.50","4.00","Imported from legacy weekly grosses workbook"
"2019-03-03","Dragon 3","2:30 PM","0","65","7","0","72","450.50","legacy_excel_import","legacy_excel","I:\My Drive\Grosses\Archive\2019\3-1 How to Train Your Dragon.xlsx","8.50","6.50","4.00","Imported from legacy weekly grosses workbook"
"2019-03-04","Dragon 3","7:30 PM","3","2","4","0","9","54.50","legacy_excel_import","legacy_excel","I:\My Drive\Grosses\Archive\2019\3-1 How to Train Your Dragon.xlsx","8.50","6.50","4.00","Imported from legacy weekly grosses workbook"
"2019-03-05","Dragon 3","7:30 PM","11","5","5","0","21","146.00","legacy_excel_import","legacy_excel","I:\My Drive\Grosses\Archive\2019\3-1 How to Train Your Dragon.xlsx","8.50","6.50","4.00","Imported from legacy weekly grosses workbook"
"2019-03-06","Dragon 3","7:30 PM","8","3","3","0","14","99.50","legacy_excel_import","legacy_excel","I:\My Drive\Grosses\Archive\2019\3-1 How to Train Your Dragon.xlsx","8.50","6.50","4.00","Imported from legacy weekly grosses workbook"
"2019-03-08","Captain Marvel","7:30 PM","63","27","6","0","96","735.00","legacy_excel_import","legacy_excel","I:\My Drive\Grosses\Archive\2019\3-8 Captain Marvel.xlsx","8.50","6.50","4.00","Imported from legacy weekly grosses workbook"
"2019-03-09","Captain Marvel","7:30 PM","31","6","8","0","45","334.50","legacy_excel_import","legacy_excel","I:\My Drive\Grosses\Archive\2019\3-8 Captain Marvel.xlsx","8.50","6.50","4.00","Imported from legacy weekly grosses workbook"
"2019-03-10","Captain Marvel","2:30 PM","70","2","4","0","76","624.00","legacy_excel_import","legacy_excel","I:\My Drive\Grosses\Archive\2019\3-8 Captain Marvel.xlsx","8.50","6.50","4.00","Imported from legacy weekly grosses workbook"
"2019-03-11","Captain Marvel","7:30 PM","21","7","11","0","39","268.00","legacy_excel_import","legacy_excel","I:\My Drive\Grosses\Archive\2019\3-8 Captain Marvel.xlsx","8.50","6.50","4.00","Imported from legacy weekly grosses workbook"
"2019-03-12","Captain Marvel","7:30 PM","0","2","1","0","3","17.00","legacy_excel_import","legacy_excel","I:\My Drive\Grosses\Archive\2019\3-8 Captain Marvel.xlsx","8.50","6.50","4.00","Imported from legacy weekly grosses workbook"
"2019-03-13","Captain Marvel","7:30 PM","32","8","3","0","43","336.00","legacy_excel_import","legacy_excel","I:\My Drive\Grosses\Archive\2019\3-8 Captain Marvel.xlsx","8.50","6.50","4.00","Imported from legacy weekly grosses workbook"
"2019-03-15","Captain Marvel","7:30 PM","43","9","5","0","57","444.00","legacy_excel_import","legacy_excel","I:\My Drive\Grosses\Archive\2019\3-15 Captain Marvel.xlsx","8.50","6.50","4.00","Imported from legacy weekly grosses workbook"
"2019-03-16","Captain Marvel","7:30 PM","33","7","4","0","44","342.00","legacy_excel_import","legacy_excel","I:\My Drive\Grosses\Archive\2019\3-15 Captain Marvel.xlsx","8.50","6.50","4.00","Imported from legacy weekly grosses workbook"
"2019-03-17","Captain Marvel","2:30 PM","0","42","8","0","50","305.00","legacy_excel_import","legacy_excel","I:\My Drive\Grosses\Archive\2019\3-15 Captain Marvel.xlsx","8.50","6.50","4.00","Imported from legacy weekly grosses workbook"
"2019-03-18","Captain Marvel","7:30 PM","9","6","8","0","23","147.50","legacy_excel_import","legacy_excel","I:\My Drive\Grosses\Archive\2019\3-15 Captain Marvel.xlsx","8.50","6.50","4.00","Imported from legacy weekly grosses workbook"
"2019-03-20","Captain Marvel","7:30 PM","6","1","5","0","12","77.50","legacy_excel_import","legacy_excel","I:\My Drive\Grosses\Archive\2019\3-15 Captain Marvel.xlsx","8.50","6.50","4.00","Imported from legacy weekly grosses workbook"
"2019-03-22","Captain Marvel","7:30 PM","20","7","9","0","36","251.50","legacy_excel_import","legacy_excel","I:\My Drive\Grosses\Archive\2019\3-22 Captain Marvel.xlsx","8.50","6.50","4.00","Imported from legacy weekly grosses workbook"
"2019-03-23","Captain Marvel","7:30 PM","39","8","2","0","49","391.50","legacy_excel_import","legacy_excel","I:\My Drive\Grosses\Archive\2019\3-22 Captain Marvel.xlsx","8.50","6.50","4.00","Imported from legacy weekly grosses workbook"
"2019-03-24","Captain Marvel","2:30 PM","0","20","1","0","21","134.00","legacy_excel_import","legacy_excel","I:\My Drive\Grosses\Archive\2019\3-22 Captain Marvel.xlsx","8.50","6.50","4.00","Imported from legacy weekly grosses workbook"
"2019-03-25","Captain Marvel","7:30 PM","6","6","3","0","15","102.00","legacy_excel_import","legacy_excel","I:\My Drive\Grosses\Archive\2019\3-22 Captain Marvel.xlsx","8.50","6.50","4.00","Imported from legacy weekly grosses workbook"
"2019-03-26","Captain Marvel","7:30 PM","0","2","0","0","2","13.00","legacy_excel_import","legacy_excel","I:\My Drive\Grosses\Archive\2019\3-22 Captain Marvel.xlsx","8.50","6.50","4.00","Imported from legacy weekly grosses workbook"
"2019-03-27","Captain Marvel","7:30 PM","11","0","3","0","14","105.50","legacy_excel_import","legacy_excel","I:\My Drive\Grosses\Archive\2019\3-22 Captain Marvel.xlsx","8.50","6.50","4.00","Imported from legacy weekly grosses workbook"
"2019-03-29","Wonder Park","7:30 PM","6","7","1","0","14","100.50","legacy_excel_import","legacy_excel","I:\My Drive\Grosses\Archive\2019\3-29 Wonder Park.xlsx","8.50","6.50","4.00","Imported from legacy weekly grosses workbook"
"2019-03-30","Wonder Park","7:30 PM","4","5","2","0","11","74.50","legacy_excel_import","legacy_excel","I:\My Drive\Grosses\Archive\2019\3-29 Wonder Park.xlsx","8.50","6.50","4.00","Imported from legacy weekly grosses workbook"
"2019-03-31","Wonder Park","2:30 PM","0","18","4","0","22","133.00","legacy_excel_import","legacy_excel","I:\My Drive\Grosses\Archive\2019\3-29 Wonder Park.xlsx","8.50","6.50","4.00","Imported from legacy weekly grosses workbook"
"2019-04-01","Wonder Park","7:30 PM","3","5","0","0","8","58.00","legacy_excel_import","legacy_excel","I:\My Drive\Grosses\Archive\2019\3-29 Wonder Park.xlsx","8.50","6.50","4.00","Imported from legacy weekly grosses workbook"
"2019-04-02","Wonder Park","7:30 PM","14","3","0","0","17","138.50","legacy_excel_import","legacy_excel","I:\My Drive\Grosses\Archive\2019\3-29 Wonder Park.xlsx","8.50","6.50","4.00","Imported from legacy weekly grosses workbook"
"2019-04-03","Wonder Park","7:30 PM","10","10","0","0","20","150.00","legacy_excel_import","legacy_excel","I:\My Drive\Grosses\Archive\2019\3-29 Wonder Park.xlsx","8.50","6.50","4.00","Imported from legacy weekly grosses workbook"
"2019-04-05","Shazam!","7:30 PM","49","11","11","0","71","532.00","legacy_excel_import","legacy_excel","I:\My Drive\Grosses\Archive\2019\4-5 Shazam.xlsx","8.50","6.50","4.00","Imported from legacy weekly grosses workbook"
"2019-04-06","Shazam!","7:30 PM","37","8","3","0","48","378.50","legacy_excel_import","legacy_excel","I:\My Drive\Grosses\Archive\2019\4-5 Shazam.xlsx","8.50","6.50","4.00","Imported from legacy weekly grosses workbook"
"2019-04-07","Shazam!","2:30 PM","0","43","19","0","62","355.50","legacy_excel_import","legacy_excel","I:\My Drive\Grosses\Archive\2019\4-5 Shazam.xlsx","8.50","6.50","4.00","Imported from legacy weekly grosses workbook"
"2019-04-08","Shazam!","7:30 PM","7","6","10","0","23","138.50","legacy_excel_import","legacy_excel","I:\My Drive\Grosses\Archive\2019\4-5 Shazam.xlsx","8.50","6.50","4.00","Imported from legacy weekly grosses workbook"
"2019-04-09","Shazam!","7:30 PM","13","6","3","0","22","161.50","legacy_excel_import","legacy_excel","I:\My Drive\Grosses\Archive\2019\4-5 Shazam.xlsx","8.50","6.50","4.00","Imported from legacy weekly grosses workbook"
"2019-04-10","Shazam!","7:30 PM","15","2","1","0","18","144.50","legacy_excel_import","legacy_excel","I:\My Drive\Grosses\Archive\2019\4-5 Shazam.xlsx","8.50","6.50","4.00","Imported from legacy weekly grosses workbook"
"2019-04-12","Shazam","7:30 PM","10","3","1","0","14","108.50","legacy_excel_import","legacy_excel","I:\My Drive\Grosses\Archive\2019\4-12 Shazam.xlsx","8.50","6.50","4.00","Imported from legacy weekly grosses workbook"
"2019-04-13","Shazam","7:30 PM","36","17","4","0","57","432.50","legacy_excel_import","legacy_excel","I:\My Drive\Grosses\Archive\2019\4-12 Shazam.xlsx","8.50","6.50","4.00","Imported from legacy weekly grosses workbook"
"2019-04-14","Shazam","2:30 PM","0","17","3","0","20","122.50","legacy_excel_import","legacy_excel","I:\My Drive\Grosses\Archive\2019\4-12 Shazam.xlsx","8.50","6.50","4.00","Imported from legacy weekly grosses workbook"
"2019-04-15","Shazam","7:30 PM","9","0","0","0","9","76.50","legacy_excel_import","legacy_excel","I:\My Drive\Grosses\Archive\2019\4-12 Shazam.xlsx","8.50","6.50","4.00","Imported from legacy weekly grosses workbook"
"2019-04-16","Shazam","7:30 PM","9","2","7","0","18","117.50","legacy_excel_import","legacy_excel","I:\My Drive\Grosses\Archive\2019\4-12 Shazam.xlsx","8.50","6.50","4.00","Imported from legacy weekly grosses workbook"
"2019-04-17","Shazam","7:30 PM","2","2","2","0","6","38.00","legacy_excel_import","legacy_excel","I:\My Drive\Grosses\Archive\2019\4-12 Shazam.xlsx","8.50","6.50","4.00","Imported from legacy weekly grosses workbook"
"2019-04-19","Dumbo","7:30 PM","9","3","5","0","17","116.00","legacy_excel_import","legacy_excel","I:\My Drive\Grosses\Archive\2019\4-19 Dumbo.xlsx","8.50","6.50","4.00","Imported from legacy weekly grosses workbook"
"2019-04-20","Dumbo","7:30 PM","14","13","5","0","32","223.50","legacy_excel_import","legacy_excel","I:\My Drive\Grosses\Archive\2019\4-19 Dumbo.xlsx","8.50","6.50","4.00","Imported from legacy weekly grosses workbook"
"2019-04-21","Dumbo","2:30 PM","0","4","1","0","5","30.00","legacy_excel_import","legacy_excel","I:\My Drive\Grosses\Archive\2019\4-19 Dumbo.xlsx","8.50","6.50","4.00","Imported from legacy weekly grosses workbook"
"2019-04-22","Dumbo","7:30 PM","2","7","2","0","11","70.50","legacy_excel_import","legacy_excel","I:\My Drive\Grosses\Archive\2019\4-19 Dumbo.xlsx","8.50","6.50","4.00","Imported from legacy weekly grosses workbook"
"2019-04-23","Dumbo","7:30 PM","3","4","3","0","10","63.50","legacy_excel_import","legacy_excel","I:\My Drive\Grosses\Archive\2019\4-19 Dumbo.xlsx","8.50","6.50","4.00","Imported from legacy weekly grosses workbook"
"2019-04-24","Dumbo","7:30 PM","4","4","3","0","11","72.00","legacy_excel_import","legacy_excel","I:\My Drive\Grosses\Archive\2019\4-19 Dumbo.xlsx","8.50","6.50","4.00","Imported from legacy weekly grosses workbook"
"2019-04-25","Avengers: Endgame","7:30 PM","104","14","5","0","123","995.00","legacy_excel_import","legacy_excel","I:\My Drive\Grosses\Archive\2019\4-25 Endgame.xlsx","8.50","6.50","4.00","Imported from legacy weekly grosses workbook"
"2019-04-26","Avengers: Endgame","7:30 PM","111","27","7","0","145","1147.00","legacy_excel_import","legacy_excel","I:\My Drive\Grosses\Archive\2019\4-25 Endgame.xlsx","8.50","6.50","4.00","Imported from legacy weekly grosses workbook"
"2019-04-27","Avengers: Endgame","2:30 PM","2","103","8","0","113","718.50","legacy_excel_import","legacy_excel","I:\My Drive\Grosses\Archive\2019\4-25 Endgame.xlsx","8.50","6.50","4.00","Imported from legacy weekly grosses workbook"
"2019-04-28","Avengers: Endgame","7:30 PM","54","17","9","0","80","605.50","legacy_excel_import","legacy_excel","I:\My Drive\Grosses\Archive\2019\4-25 Endgame.xlsx","8.50","6.50","4.00","Imported from legacy weekly grosses workbook"
"2019-04-29","Avengers: Endgame","7:30 PM","36","12","4","0","52","400.00","legacy_excel_import","legacy_excel","I:\My Drive\Grosses\Archive\2019\4-25 Endgame.xlsx","8.50","6.50","4.00","Imported from legacy weekly grosses workbook"
"2019-04-30","Avengers: Endgame","7:30 PM","54","9","2","0","65","525.50","legacy_excel_import","legacy_excel","I:\My Drive\Grosses\Archive\2019\4-25 Endgame.xlsx","8.50","6.50","4.00","Imported from legacy weekly grosses workbook"
"2019-05-01","Avengers: Endgame","7:30 PM","32","62","5","0","99","695.00","legacy_excel_import","legacy_excel","I:\My Drive\Grosses\Archive\2019\4-25 Endgame.xlsx","8.50","6.50","4.00","Imported from legacy weekly grosses workbook"
"2019-05-03","Avengers: Endgame","7:30 PM","56","18","15","0","89","653.00","legacy_excel_import","legacy_excel","I:\My Drive\Grosses\Archive\2019\5-3 Endgame.xlsx","8.50","6.50","4.00","Imported from legacy weekly grosses workbook"
"2019-05-04","Avengers: Endgame","7:30 PM","49","20","8","0","77","578.50","legacy_excel_import","legacy_excel","I:\My Drive\Grosses\Archive\2019\5-3 Endgame.xlsx","8.50","6.50","4.00","Imported from legacy weekly grosses workbook"
"2019-05-05","Avengers: Endgame","2:30 PM","0","81","3","0","84","538.50","legacy_excel_import","legacy_excel","I:\My Drive\Grosses\Archive\2019\5-3 Endgame.xlsx","8.50","6.50","4.00","Imported from legacy weekly grosses workbook"
"2019-05-06","Avengers: Endgame","7:30 PM","18","1","2","0","21","167.50","legacy_excel_import","legacy_excel","I:\My Drive\Grosses\Archive\2019\5-3 Endgame.xlsx","8.50","6.50","4.00","Imported from legacy weekly grosses workbook"
"2019-05-07","Avengers: Endgame","7:30 PM","16","0","1","0","17","140.00","legacy_excel_import","legacy_excel","I:\My Drive\Grosses\Archive\2019\5-3 Endgame.xlsx","8.50","6.50","4.00","Imported from legacy weekly grosses workbook"
"2019-05-08","Avengers: Endgame","7:30 PM","10","5","8","0","23","149.50","legacy_excel_import","legacy_excel","I:\My Drive\Grosses\Archive\2019\5-3 Endgame.xlsx","8.50","6.50","4.00","Imported from legacy weekly grosses workbook"
"2019-05-10","Avengers: Endgame","7:30 PM","30","7","5","0","42","320.50","legacy_excel_import","legacy_excel","I:\My Drive\Grosses\Archive\2019\5-10 Endgame.xlsx","8.50","6.50","4.00","Imported from legacy weekly grosses workbook"
"2019-05-11","Avengers: Endgame","7:30 PM","44","16","3","0","63","490.00","legacy_excel_import","legacy_excel","I:\My Drive\Grosses\Archive\2019\5-10 Endgame.xlsx","8.50","6.50","4.00","Imported from legacy weekly grosses workbook"
"2019-05-12","Avengers: Endgame","2:30 PM","0","16","3","0","19","116.00","legacy_excel_import","legacy_excel","I:\My Drive\Grosses\Archive\2019\5-10 Endgame.xlsx","8.50","6.50","4.00","Imported from legacy weekly grosses workbook"
"2019-05-13","Avengers: Endgame","7:30 PM","17","2","2","0","21","165.50","legacy_excel_import","legacy_excel","I:\My Drive\Grosses\Archive\2019\5-10 Endgame.xlsx","8.50","6.50","4.00","Imported from legacy weekly grosses workbook"
"2019-05-14","Avengers: Endgame","7:30 PM","3","0","0","0","3","25.50","legacy_excel_import","legacy_excel","I:\My Drive\Grosses\Archive\2019\5-10 Endgame.xlsx","8.50","6.50","4.00","Imported from legacy weekly grosses workbook"
"2019-05-15","Avengers: Endgame","7:30 PM","19","1","1","0","21","172.00","legacy_excel_import","legacy_excel","I:\My Drive\Grosses\Archive\2019\5-10 Endgame.xlsx","8.50","6.50","4.00","Imported from legacy weekly grosses workbook"
"2019-05-17","Breakthrough","7:30 PM","18","6","5","0","29","212.00","legacy_excel_import","legacy_excel","I:\My Drive\Grosses\Archive\2019\5-17 Breakthrough.xlsx","8.50","6.50","4.00","Imported from legacy weekly grosses workbook"
"2019-05-18","Breakthrough","7:30 PM","8","4","2","0","14","102.00","legacy_excel_import","legacy_excel","I:\My Drive\Grosses\Archive\2019\5-17 Breakthrough.xlsx","8.50","6.50","4.00","Imported from legacy weekly grosses workbook"
"2019-05-19","Breakthrough","2:30 PM","10","15","2","0","27","190.50","legacy_excel_import","legacy_excel","I:\My Drive\Grosses\Archive\2019\5-17 Breakthrough.xlsx","8.50","6.50","4.00","Imported from legacy weekly grosses workbook"
"2019-05-20","Breakthrough","7:30 PM","9","7","9","0","25","158.00","legacy_excel_import","legacy_excel","I:\My Drive\Grosses\Archive\2019\5-17 Breakthrough.xlsx","8.50","6.50","4.00","Imported from legacy weekly grosses workbook"
"2019-05-21","Breakthrough","7:30 PM","8","1","2","0","11","82.50","legacy_excel_import","legacy_excel","I:\My Drive\Grosses\Archive\2019\5-17 Breakthrough.xlsx","8.50","6.50","4.00","Imported from legacy weekly grosses workbook"
"2019-05-22","Breakthrough","7:30 PM","0","2","4","0","6","29.00","legacy_excel_import","legacy_excel","I:\My Drive\Grosses\Archive\2019\5-17 Breakthrough.xlsx","8.50","6.50","4.00","Imported from legacy weekly grosses workbook"
"2019-05-24","Aladdin","7:30 PM","50","19","3","0","72","560.50","legacy_excel_import","legacy_excel","I:\My Drive\Grosses\Archive\2019\5-24 Aladdin.xlsx","8.50","6.50","4.00","Imported from legacy weekly grosses workbook"
"2019-05-25","Aladdin","7:30 PM","44","17","9","0","70","520.50","legacy_excel_import","legacy_excel","I:\My Drive\Grosses\Archive\2019\5-24 Aladdin.xlsx","8.50","6.50","4.00","Imported from legacy weekly grosses workbook"
"2019-05-26","Aladdin","2:30 PM","0","87","3","0","90","577.50","legacy_excel_import","legacy_excel","I:\My Drive\Grosses\Archive\2019\5-24 Aladdin.xlsx","8.50","6.50","4.00","Imported from legacy weekly grosses workbook"
"2019-05-27","Aladdin","7:30 PM","27","9","1","0","37","292.00","legacy_excel_import","legacy_excel","I:\My Drive\Grosses\Archive\2019\5-24 Aladdin.xlsx","8.50","6.50","4.00","Imported from legacy weekly grosses workbook"
"2019-05-28","Aladdin","7:30 PM","4","2","6","0","12","71.00","legacy_excel_import","legacy_excel","I:\My Drive\Grosses\Archive\2019\5-24 Aladdin.xlsx","8.50","6.50","4.00","Imported from legacy weekly grosses workbook"
"2019-05-29","Aladdin","7:30 PM","17","27","4","0","48","336.00","legacy_excel_import","legacy_excel","I:\My Drive\Grosses\Archive\2019\5-24 Aladdin.xlsx","8.50","6.50","4.00","Imported from legacy weekly grosses workbook"
"2019-05-31","Aladdin","7:30 PM","36","23","3","0","62","467.50","legacy_excel_import","legacy_excel","I:\My Drive\Grosses\Archive\2019\5-31 Aladdin.xlsx","8.50","6.50","4.00","Imported from legacy weekly grosses workbook"
"2019-06-01","Aladdin","7:30 PM","17","4","1","0","22","174.50","legacy_excel_import","legacy_excel","I:\My Drive\Grosses\Archive\2019\5-31 Aladdin.xlsx","8.50","6.50","4.00","Imported from legacy weekly grosses workbook"
"2019-06-02","Aladdin","2:30 PM","0","42","3","0","45","285.00","legacy_excel_import","legacy_excel","I:\My Drive\Grosses\Archive\2019\5-31 Aladdin.xlsx","8.50","6.50","4.00","Imported from legacy weekly grosses workbook"
"2019-06-03","Aladdin","7:30 PM","13","10","5","0","28","195.50","legacy_excel_import","legacy_excel","I:\My Drive\Grosses\Archive\2019\5-31 Aladdin.xlsx","8.50","6.50","4.00","Imported from legacy weekly grosses workbook"
"2019-06-04","Aladdin","7:30 PM","11","7","3","0","21","151.00","legacy_excel_import","legacy_excel","I:\My Drive\Grosses\Archive\2019\5-31 Aladdin.xlsx","8.50","6.50","4.00","Imported from legacy weekly grosses workbook"
"2019-06-05","Aladdin","7:30 PM","7","7","1","0","15","109.00","legacy_excel_import","legacy_excel","I:\My Drive\Grosses\Archive\2019\5-31 Aladdin.xlsx","8.50","6.50","4.00","Imported from legacy weekly grosses workbook"
"2019-06-07","Pets 2","7:30 PM","32","25","4","0","61","450.50","legacy_excel_import","legacy_excel","I:\My Drive\Grosses\Archive\2019\6-7 Pets 2.xlsx","8.50","6.50","4.00","Imported from legacy weekly grosses workbook"
"2019-06-08","Pets 2","7:30 PM","23","19","3","0","45","331.00","legacy_excel_import","legacy_excel","I:\My Drive\Grosses\Archive\2019\6-7 Pets 2.xlsx","8.50","6.50","4.00","Imported from legacy weekly grosses workbook"
"2019-06-09","Pets 2","2:30 PM","3","44","0","0","47","311.50","legacy_excel_import","legacy_excel","I:\My Drive\Grosses\Archive\2019\6-7 Pets 2.xlsx","8.50","6.50","4.00","Imported from legacy weekly grosses workbook"
"2019-06-10","Pets 2","7:30 PM","10","8","1","0","19","141.00","legacy_excel_import","legacy_excel","I:\My Drive\Grosses\Archive\2019\6-7 Pets 2.xlsx","8.50","6.50","4.00","Imported from legacy weekly grosses workbook"
"2019-06-11","Pets 2","7:30 PM","8","2","2","0","12","89.00","legacy_excel_import","legacy_excel","I:\My Drive\Grosses\Archive\2019\6-7 Pets 2.xlsx","8.50","6.50","4.00","Imported from legacy weekly grosses workbook"
"2019-06-12","Pets 2","7:30 PM","8","21","7","0","36","232.50","legacy_excel_import","legacy_excel","I:\My Drive\Grosses\Archive\2019\6-7 Pets 2.xlsx","8.50","6.50","4.00","Imported from legacy weekly grosses workbook"
"2019-06-14","Secret Life of Pets 2","7:30 PM","3","7","0","0","10","71.00","legacy_excel_import","legacy_excel","I:\My Drive\Grosses\Archive\2019\6-14 Pets 2.xlsx","8.50","6.50","4.00","Imported from legacy weekly grosses workbook"
"2019-06-15","Secret Life of Pets 2","7:30 PM","17","15","3","0","35","254.00","legacy_excel_import","legacy_excel","I:\My Drive\Grosses\Archive\2019\6-14 Pets 2.xlsx","8.50","6.50","4.00","Imported from legacy weekly grosses workbook"
"2019-06-16","Secret Life of Pets 2","2:30 PM","0","13","2","0","15","92.50","legacy_excel_import","legacy_excel","I:\My Drive\Grosses\Archive\2019\6-14 Pets 2.xlsx","8.50","6.50","4.00","Imported from legacy weekly grosses workbook"
"2019-06-17","Secret Life of Pets 2","7:30 PM","9","7","4","0","20","138.00","legacy_excel_import","legacy_excel","I:\My Drive\Grosses\Archive\2019\6-14 Pets 2.xlsx","8.50","6.50","4.00","Imported from legacy weekly grosses workbook"
"2019-06-18","Secret Life of Pets 2","7:30 PM","19","12","0","0","31","239.50","legacy_excel_import","legacy_excel","I:\My Drive\Grosses\Archive\2019\6-14 Pets 2.xlsx","8.50","6.50","4.00","Imported from legacy weekly grosses workbook"
"2019-06-19","Secret Life of Pets 2","7:30 PM","11","5","1","0","17","130.00","legacy_excel_import","legacy_excel","I:\My Drive\Grosses\Archive\2019\6-14 Pets 2.xlsx","8.50","6.50","4.00","Imported from legacy weekly grosses workbook"
"2019-06-21","Pokemon Det. Pikachu","7:30 PM","12","12","1","0","25","184.00","legacy_excel_import","legacy_excel","I:\My Drive\Grosses\Archive\2019\6-21 Pikachu.xlsx","8.50","6.50","4.00","Imported from legacy weekly grosses workbook"
"2019-06-22","Pokemon Det. Pikachu","7:30 PM","13","6","1","0","20","153.50","legacy_excel_import","legacy_excel","I:\My Drive\Grosses\Archive\2019\6-21 Pikachu.xlsx","8.50","6.50","4.00","Imported from legacy weekly grosses workbook"
"2019-06-23","Pokemon Det. Pikachu","2:30 PM","0","17","6","0","23","134.50","legacy_excel_import","legacy_excel","I:\My Drive\Grosses\Archive\2019\6-21 Pikachu.xlsx","8.50","6.50","4.00","Imported from legacy weekly grosses workbook"
"2019-06-24","Pokemon Det. Pikachu","7:30 PM","13","8","2","0","23","170.50","legacy_excel_import","legacy_excel","I:\My Drive\Grosses\Archive\2019\6-21 Pikachu.xlsx","8.50","6.50","4.00","Imported from legacy weekly grosses workbook"
"2019-06-25","Pokemon Det. Pikachu","7:30 PM","4","3","1","0","8","57.50","legacy_excel_import","legacy_excel","I:\My Drive\Grosses\Archive\2019\6-21 Pikachu.xlsx","8.50","6.50","4.00","Imported from legacy weekly grosses workbook"
"2019-06-26","Pokemon Det. Pikachu","7:30 PM","24","5","5","0","34","256.50","legacy_excel_import","legacy_excel","I:\My Drive\Grosses\Archive\2019\6-21 Pikachu.xlsx","8.50","6.50","4.00","Imported from legacy weekly grosses workbook"
"2019-06-28","John Wick 3","7:30 PM","22","7","0","0","29","232.50","legacy_excel_import","legacy_excel","I:\My Drive\Grosses\Archive\2019\6-28 John Wick3.xlsx","8.50","6.50","4.00","Imported from legacy weekly grosses workbook"
"2019-06-29","John Wick 3","7:30 PM","28","6","1","0","35","281.00","legacy_excel_import","legacy_excel","I:\My Drive\Grosses\Archive\2019\6-28 John Wick3.xlsx","8.50","6.50","4.00","Imported from legacy weekly grosses workbook"
"2019-06-30","John Wick 3","2:30 PM","0","17","0","0","17","110.50","legacy_excel_import","legacy_excel","I:\My Drive\Grosses\Archive\2019\6-28 John Wick3.xlsx","8.50","6.50","4.00","Imported from legacy weekly grosses workbook"
"2019-07-01","John Wick 3","7:30 PM","15","3","2","0","20","155.00","legacy_excel_import","legacy_excel","I:\My Drive\Grosses\Archive\2019\6-28 John Wick3.xlsx","8.50","6.50","4.00","Imported from legacy weekly grosses workbook"
"2019-07-02","John Wick 3","7:30 PM","6","5","5","0","16","103.50","legacy_excel_import","legacy_excel","I:\My Drive\Grosses\Archive\2019\6-28 John Wick3.xlsx","8.50","6.50","4.00","Imported from legacy weekly grosses workbook"
"2019-07-03","John Wick 3","7:30 PM","16","1","3","0","20","154.50","legacy_excel_import","legacy_excel","I:\My Drive\Grosses\Archive\2019\6-28 John Wick3.xlsx","8.50","6.50","4.00","Imported from legacy weekly grosses workbook"
"2019-07-05","Spider-Man: Far From Home","7:30 PM","46","20","4","0","70","537.00","legacy_excel_import","legacy_excel","I:\My Drive\Grosses\Archive\2019\7-5 Spider-Man FFH.xlsx","8.50","6.50","4.00","Imported from legacy weekly grosses workbook"
"2019-07-06","Spider-Man: Far From Home","7:30 PM","55","20","3","0","78","609.50","legacy_excel_import","legacy_excel","I:\My Drive\Grosses\Archive\2019\7-5 Spider-Man FFH.xlsx","8.50","6.50","4.00","Imported from legacy weekly grosses workbook"
"2019-07-07","Spider-Man: Far From Home","2:30 PM","17","26","7","0","50","341.50","legacy_excel_import","legacy_excel","I:\My Drive\Grosses\Archive\2019\7-5 Spider-Man FFH.xlsx","8.50","6.50","4.00","Imported from legacy weekly grosses workbook"
"2019-07-08","Spider-Man: Far From Home","7:30 PM","38","16","5","0","59","447.00","legacy_excel_import","legacy_excel","I:\My Drive\Grosses\Archive\2019\7-5 Spider-Man FFH.xlsx","8.50","6.50","4.00","Imported from legacy weekly grosses workbook"
"2019-07-09","Spider-Man: Far From Home","7:30 PM","31","20","10","0","61","433.50","legacy_excel_import","legacy_excel","I:\My Drive\Grosses\Archive\2019\7-5 Spider-Man FFH.xlsx","8.50","6.50","4.00","Imported from legacy weekly grosses workbook"
"2019-07-10","Spider-Man: Far From Home","7:30 PM","24","12","9","0","45","318.00","legacy_excel_import","legacy_excel","I:\My Drive\Grosses\Archive\2019\7-5 Spider-Man FFH.xlsx","8.50","6.50","4.00","Imported from legacy weekly grosses workbook"
"2019-07-12","7-12 SpIder-Man FFH","7:30 PM","45","16","1","0","62","490.50","legacy_excel_import","legacy_excel","I:\My Drive\Grosses\Archive\2019\7-12 SpIder-Man FFH.xlsx","8.50","6.50","4.00","Imported from legacy weekly grosses workbook"
"2019-07-13","7-12 SpIder-Man FFH","7:30 PM","27","9","4","0","40","304.00","legacy_excel_import","legacy_excel","I:\My Drive\Grosses\Archive\2019\7-12 SpIder-Man FFH.xlsx","8.50","6.50","4.00","Imported from legacy weekly grosses workbook"
"2019-07-14","7-12 SpIder-Man FFH","2:30 PM","0","45","2","0","47","300.50","legacy_excel_import","legacy_excel","I:\My Drive\Grosses\Archive\2019\7-12 SpIder-Man FFH.xlsx","8.50","6.50","4.00","Imported from legacy weekly grosses workbook"
"2019-07-15","7-12 SpIder-Man FFH","7:30 PM","8","6","2","0","16","115.00","legacy_excel_import","legacy_excel","I:\My Drive\Grosses\Archive\2019\7-12 SpIder-Man FFH.xlsx","8.50","6.50","4.00","Imported from legacy weekly grosses workbook"
"2019-07-16","7-12 SpIder-Man FFH","7:30 PM","24","2","0","0","26","217.00","legacy_excel_import","legacy_excel","I:\My Drive\Grosses\Archive\2019\7-12 SpIder-Man FFH.xlsx","8.50","6.50","4.00","Imported from legacy weekly grosses workbook"
"2019-07-17","7-12 SpIder-Man FFH","7:30 PM","28","20","5","0","53","388.00","legacy_excel_import","legacy_excel","I:\My Drive\Grosses\Archive\2019\7-12 SpIder-Man FFH.xlsx","8.50","6.50","4.00","Imported from legacy weekly grosses workbook"
"2019-07-19","The Lion King 2019","7:30 PM","59","33","15","0","107","776.00","legacy_excel_import","legacy_excel","I:\My Drive\Grosses\Archive\2019\7-19 The Lion King.xlsx","8.50","6.50","4.00","Imported from legacy weekly grosses workbook"
"2019-07-20","The Lion King 2019","7:30 PM","34","13","5","0","52","393.50","legacy_excel_import","legacy_excel","I:\My Drive\Grosses\Archive\2019\7-19 The Lion King.xlsx","8.50","6.50","4.00","Imported from legacy weekly grosses workbook"
"2019-07-21","The Lion King 2019","2:30 PM","45","8","3","0","56","446.50","legacy_excel_import","legacy_excel","I:\My Drive\Grosses\Archive\2019\7-19 The Lion King.xlsx","8.50","6.50","4.00","Imported from legacy weekly grosses workbook"
"2019-07-22","The Lion King 2019","7:30 PM","29","25","6","0","60","433.00","legacy_excel_import","legacy_excel","I:\My Drive\Grosses\Archive\2019\7-19 The Lion King.xlsx","8.50","6.50","4.00","Imported from legacy weekly grosses workbook"
"2019-07-23","The Lion King 2019","7:30 PM","34","27","0","0","61","464.50","legacy_excel_import","legacy_excel","I:\My Drive\Grosses\Archive\2019\7-19 The Lion King.xlsx","8.50","6.50","4.00","Imported from legacy weekly grosses workbook"
"2019-07-24","The Lion King 2019","7:30 PM","44","36","1","0","81","612.00","legacy_excel_import","legacy_excel","I:\My Drive\Grosses\Archive\2019\7-19 The Lion King.xlsx","8.50","6.50","4.00","Imported from legacy weekly grosses workbook"
"2019-07-26","The Lion King 2019","7:30 PM","50","29","0","0","79","613.50","legacy_excel_import","legacy_excel","I:\My Drive\Grosses\Archive\2019\7-26 Lion King.xlsx","8.50","6.50","4.00","Imported from legacy weekly grosses workbook"
"2019-07-27","The Lion King 2019","7:30 PM","25","41","4","0","70","495.00","legacy_excel_import","legacy_excel","I:\My Drive\Grosses\Archive\2019\7-26 Lion King.xlsx","8.50","6.50","4.00","Imported from legacy weekly grosses workbook"
"2019-07-28","The Lion King 2019","2:30 PM","4","63","3","0","70","455.50","legacy_excel_import","legacy_excel","I:\My Drive\Grosses\Archive\2019\7-26 Lion King.xlsx","8.50","6.50","4.00","Imported from legacy weekly grosses workbook"
"2019-07-29","The Lion King 2019","7:30 PM","27","34","3","0","64","462.50","legacy_excel_import","legacy_excel","I:\My Drive\Grosses\Archive\2019\7-26 Lion King.xlsx","8.50","6.50","4.00","Imported from legacy weekly grosses workbook"
"2019-07-30","The Lion King 2019","7:30 PM","31","34","3","0","68","496.50","legacy_excel_import","legacy_excel","I:\My Drive\Grosses\Archive\2019\7-26 Lion King.xlsx","8.50","6.50","4.00","Imported from legacy weekly grosses workbook"
"2019-07-31","The Lion King 2019","7:30 PM","24","25","5","0","54","386.50","legacy_excel_import","legacy_excel","I:\My Drive\Grosses\Archive\2019\7-26 Lion King.xlsx","8.50","6.50","4.00","Imported from legacy weekly grosses workbook"
"2019-08-02","The Lion King 2019","7:30 PM","42","20","0","0","62","487.00","legacy_excel_import","legacy_excel","I:\My Drive\Grosses\Archive\2019\8-2 Lion King.xlsx","8.50","6.50","4.00","Imported from legacy weekly grosses workbook"
"2019-08-03","The Lion King 2019","7:30 PM","39","22","3","0","64","486.50","legacy_excel_import","legacy_excel","I:\My Drive\Grosses\Archive\2019\8-2 Lion King.xlsx","8.50","6.50","4.00","Imported from legacy weekly grosses workbook"
"2019-08-04","The Lion King 2019","2:30 PM","0","31","8","0","39","233.50","legacy_excel_import","legacy_excel","I:\My Drive\Grosses\Archive\2019\8-2 Lion King.xlsx","8.50","6.50","4.00","Imported from legacy weekly grosses workbook"
"2019-08-05","The Lion King 2019","7:30 PM","31","23","1","0","55","417.00","legacy_excel_import","legacy_excel","I:\My Drive\Grosses\Archive\2019\8-2 Lion King.xlsx","8.50","6.50","4.00","Imported from legacy weekly grosses workbook"
"2019-08-06","The Lion King 2019","7:30 PM","16","6","2","0","24","183.00","legacy_excel_import","legacy_excel","I:\My Drive\Grosses\Archive\2019\8-2 Lion King.xlsx","8.50","6.50","4.00","Imported from legacy weekly grosses workbook"
"2019-08-07","The Lion King 2019","7:30 PM","27","15","1","0","43","331.00","legacy_excel_import","legacy_excel","I:\My Drive\Grosses\Archive\2019\8-2 Lion King.xlsx","8.50","6.50","4.00","Imported from legacy weekly grosses workbook"
"2019-08-09","Men In Black:International","7:30 PM","32","14","0","0","46","363.00","legacy_excel_import","legacy_excel","I:\My Drive\Grosses\Archive\2019\8-9 MIB.xlsx","8.50","6.50","4.00","Imported from legacy weekly grosses workbook"
"2019-08-10","Men In Black:International","7:30 PM","29","7","7","0","43","320.00","legacy_excel_import","legacy_excel","I:\My Drive\Grosses\Archive\2019\8-9 MIB.xlsx","8.50","6.50","4.00","Imported from legacy weekly grosses workbook"
"2019-08-11","Men In Black:International","2:30 PM","0","38","6","0","44","271.00","legacy_excel_import","legacy_excel","I:\My Drive\Grosses\Archive\2019\8-9 MIB.xlsx","8.50","6.50","4.00","Imported from legacy weekly grosses workbook"
"2019-08-12","Men In Black:International","7:30 PM","9","9","6","0","24","159.00","legacy_excel_import","legacy_excel","I:\My Drive\Grosses\Archive\2019\8-9 MIB.xlsx","8.50","6.50","4.00","Imported from legacy weekly grosses workbook"
"2019-08-13","Men In Black:International","7:30 PM","8","16","14","0","38","228.00","legacy_excel_import","legacy_excel","I:\My Drive\Grosses\Archive\2019\8-9 MIB.xlsx","8.50","6.50","4.00","Imported from legacy weekly grosses workbook"
"2019-08-14","Men In Black:International","7:30 PM","8","6","3","0","17","119.00","legacy_excel_import","legacy_excel","I:\My Drive\Grosses\Archive\2019\8-9 MIB.xlsx","8.50","6.50","4.00","Imported from legacy weekly grosses workbook"
"2019-08-16","Toy Story 4","7:30 PM","13","14","3","0","30","213.50","legacy_excel_import","legacy_excel","I:\My Drive\Grosses\Archive\2019\8-16 Toy Story 4.xlsx","8.50","6.50","4.00","Imported from legacy weekly grosses workbook"
"2019-08-17","Toy Story 4","7:30 PM","24","15","3","0","42","313.50","legacy_excel_import","legacy_excel","I:\My Drive\Grosses\Archive\2019\8-16 Toy Story 4.xlsx","8.50","6.50","4.00","Imported from legacy weekly grosses workbook"
"2019-08-18","Toy Story 4","2:30 PM","0","18","5","0","23","137.00","legacy_excel_import","legacy_excel","I:\My Drive\Grosses\Archive\2019\8-16 Toy Story 4.xlsx","8.50","6.50","4.00","Imported from legacy weekly grosses workbook"
"2019-08-19","Toy Story 4","7:30 PM","16","8","1","0","25","192.00","legacy_excel_import","legacy_excel","I:\My Drive\Grosses\Archive\2019\8-16 Toy Story 4.xlsx","8.50","6.50","4.00","Imported from legacy weekly grosses workbook"
"2019-08-20","Toy Story 4","7:30 PM","11","13","2","0","26","186.00","legacy_excel_import","legacy_excel","I:\My Drive\Grosses\Archive\2019\8-16 Toy Story 4.xlsx","8.50","6.50","4.00","Imported from legacy weekly grosses workbook"
"2019-08-21","Toy Story 4","7:30 PM","12","14","1","0","27","197.00","legacy_excel_import","legacy_excel","I:\My Drive\Grosses\Archive\2019\8-16 Toy Story 4.xlsx","8.50","6.50","4.00","Imported from legacy weekly grosses workbook"
"2019-08-23","Hobbs & Shaw","7:30 PM","16","3","2","0","21","163.50","legacy_excel_import","legacy_excel","I:\My Drive\Grosses\Archive\2019\8-23 Hobbs Shaw.xlsx","8.50","6.50","4.00","Imported from legacy weekly grosses workbook"
"2019-08-24","Hobbs & Shaw","7:30 PM","16","1","0","0","17","142.50","legacy_excel_import","legacy_excel","I:\My Drive\Grosses\Archive\2019\8-23 Hobbs Shaw.xlsx","8.50","6.50","4.00","Imported from legacy weekly grosses workbook"
"2019-08-25","Hobbs & Shaw","2:30 PM","0","19","7","0","26","151.50","legacy_excel_import","legacy_excel","I:\My Drive\Grosses\Archive\2019\8-23 Hobbs Shaw.xlsx","8.50","6.50","4.00","Imported from legacy weekly grosses workbook"
"2019-08-26","Hobbs & Shaw","7:30 PM","8","7","1","0","16","117.50","legacy_excel_import","legacy_excel","I:\My Drive\Grosses\Archive\2019\8-23 Hobbs Shaw.xlsx","8.50","6.50","4.00","Imported from legacy weekly grosses workbook"
"2019-08-27","Hobbs & Shaw","7:30 PM","5","1","2","0","8","57.00","legacy_excel_import","legacy_excel","I:\My Drive\Grosses\Archive\2019\8-23 Hobbs Shaw.xlsx","8.50","6.50","4.00","Imported from legacy weekly grosses workbook"
"2019-08-28","Hobbs & Shaw","7:30 PM","17","6","3","0","26","195.50","legacy_excel_import","legacy_excel","I:\My Drive\Grosses\Archive\2019\8-23 Hobbs Shaw.xlsx","8.50","6.50","4.00","Imported from legacy weekly grosses workbook"
"2019-08-30","Angry Birds 2","7:30 PM","11","3","3","0","17","125.00","legacy_excel_import","legacy_excel","I:\My Drive\Grosses\Archive\2019\8-30 Angry Birds2 (1).xlsx","8.50","6.50","4.00","Imported from legacy weekly grosses workbook"
"2019-08-31","Angry Birds 2","7:30 PM","1","1","3","0","5","27.00","legacy_excel_import","legacy_excel","I:\My Drive\Grosses\Archive\2019\8-30 Angry Birds2.xlsx","8.50","6.50","4.00","Imported from legacy weekly grosses workbook"
"2019-09-01","Angry Birds 2","2:30 PM","0","13","0","0","13","84.50","legacy_excel_import","legacy_excel","I:\My Drive\Grosses\Archive\2019\8-30 Angry Birds2.xlsx","8.50","6.50","4.00","Imported from legacy weekly grosses workbook"
"2019-09-02","Angry Birds 2","7:30 PM","1","5","7","0","13","69.00","legacy_excel_import","legacy_excel","I:\My Drive\Grosses\Archive\2019\8-30 Angry Birds2.xlsx","8.50","6.50","4.00","Imported from legacy weekly grosses workbook"
"2019-09-03","Angry Birds 2","7:30 PM","4","2","0","0","6","47.00","legacy_excel_import","legacy_excel","I:\My Drive\Grosses\Archive\2019\8-30 Angry Birds2.xlsx","8.50","6.50","4.00","Imported from legacy weekly grosses workbook"
"2019-09-04","Angry Birds 2","7:30 PM","7","7","4","0","18","121.00","legacy_excel_import","legacy_excel","I:\My Drive\Grosses\Archive\2019\8-30 Angry Birds2.xlsx","8.50","6.50","4.00","Imported from legacy weekly grosses workbook"
"2019-09-06","Dora Movie","7:30 PM","5","7","0","0","12","88.00","legacy_excel_import","legacy_excel","I:\My Drive\Grosses\Archive\2019\9-6 Dora Movie.xlsx","8.50","6.50","4.00","Imported from legacy weekly grosses workbook"
"2019-09-07","Dora Movie","7:30 PM","14","7","0","0","21","164.50","legacy_excel_import","legacy_excel","I:\My Drive\Grosses\Archive\2019\9-6 Dora Movie.xlsx","8.50","6.50","4.00","Imported from legacy weekly grosses workbook"
"2019-09-08","Dora Movie","2:30 PM","0","17","1","0","18","114.50","legacy_excel_import","legacy_excel","I:\My Drive\Grosses\Archive\2019\9-6 Dora Movie.xlsx","8.50","6.50","4.00","Imported from legacy weekly grosses workbook"
"2019-09-09","Dora Movie","7:30 PM","5","3","0","0","8","62.00","legacy_excel_import","legacy_excel","I:\My Drive\Grosses\Archive\2019\9-6 Dora Movie.xlsx","8.50","6.50","4.00","Imported from legacy weekly grosses workbook"
"2019-09-10","Dora Movie","7:30 PM","5","4","0","0","9","68.50","legacy_excel_import","legacy_excel","I:\My Drive\Grosses\Archive\2019\9-6 Dora Movie.xlsx","8.50","6.50","4.00","Imported from legacy weekly grosses workbook"
"2019-09-11","Dora Movie","7:30 PM","1","2","4","0","7","37.50","legacy_excel_import","legacy_excel","I:\My Drive\Grosses\Archive\2019\9-6 Dora Movie.xlsx","8.50","6.50","4.00","Imported from legacy weekly grosses workbook"
"2019-09-13","The Art of Racing in the Rain","7:30 PM","13","4","1","0","18","140.50","legacy_excel_import","legacy_excel","I:\My Drive\Grosses\Archive\2019\9-13 Art of Racing.xlsx","8.50","6.50","4.00","Imported from legacy weekly grosses workbook"
"2019-09-14","The Art of Racing in the Rain","7:30 PM","26","9","4","0","39","295.50","legacy_excel_import","legacy_excel","I:\My Drive\Grosses\Archive\2019\9-13 Art of Racing.xlsx","8.50","6.50","4.00","Imported from legacy weekly grosses workbook"
"2019-09-15","The Art of Racing in the Rain","2:30 PM","0","12","0","0","12","78.00","legacy_excel_import","legacy_excel","I:\My Drive\Grosses\Archive\2019\9-13 Art of Racing.xlsx","8.50","6.50","4.00","Imported from legacy weekly grosses workbook"
"2019-09-16","The Art of Racing in the Rain","7:30 PM","3","8","2","0","13","85.50","legacy_excel_import","legacy_excel","I:\My Drive\Grosses\Archive\2019\9-13 Art of Racing.xlsx","8.50","6.50","4.00","Imported from legacy weekly grosses workbook"
"2019-09-17","The Art of Racing in the Rain","7:30 PM","4","13","2","0","19","126.50","legacy_excel_import","legacy_excel","I:\My Drive\Grosses\Archive\2019\9-13 Art of Racing.xlsx","8.50","6.50","4.00","Imported from legacy weekly grosses workbook"
"2019-09-18","The Art of Racing in the Rain","7:30 PM","5","4","4","0","13","84.50","legacy_excel_import","legacy_excel","I:\My Drive\Grosses\Archive\2019\9-13 Art of Racing.xlsx","8.50","6.50","4.00","Imported from legacy weekly grosses workbook"
"2019-09-20","Overcomer","7:30 PM","21","13","6","0","40","287.00","legacy_excel_import","legacy_excel","I:\My Drive\Grosses\Archive\2019\9-20 Overcomer.xlsx","8.50","6.50","4.00","Imported from legacy weekly grosses workbook"
"2019-09-21","Overcomer","7:30 PM","11","16","0","0","27","197.50","legacy_excel_import","legacy_excel","I:\My Drive\Grosses\Archive\2019\9-20 Overcomer.xlsx","8.50","6.50","4.00","Imported from legacy weekly grosses workbook"
"2019-09-22","Overcomer","2:30 PM","0","12","1","0","13","82.00","legacy_excel_import","legacy_excel","I:\My Drive\Grosses\Archive\2019\9-20 Overcomer.xlsx","8.50","6.50","4.00","Imported from legacy weekly grosses workbook"
"2019-09-23","Overcomer","7:30 PM","0","0","2","0","2","8.00","legacy_excel_import","legacy_excel","I:\My Drive\Grosses\Archive\2019\9-20 Overcomer.xlsx","8.50","6.50","4.00","Imported from legacy weekly grosses workbook"
"2019-09-24","Overcomer","7:30 PM","5","6","12","0","23","129.50","legacy_excel_import","legacy_excel","I:\My Drive\Grosses\Archive\2019\9-20 Overcomer.xlsx","8.50","6.50","4.00","Imported from legacy weekly grosses workbook"
"2019-09-25","Overcomer","7:30 PM","0","2","2","0","4","21.00","legacy_excel_import","legacy_excel","I:\My Drive\Grosses\Archive\2019\9-20 Overcomer.xlsx","8.50","6.50","4.00","Imported from legacy weekly grosses workbook"
"2019-09-26","Other Side of Heaven 2","7:30 PM","24","54","8","0","86","587.00","legacy_excel_import","legacy_excel","I:\My Drive\Grosses\Archive\2019\Otherside of Heaven 2.xlsx","8.50","6.50","4.00","Imported from legacy weekly grosses workbook"
"2019-09-27","Abominable","7:30 PM","16","8","0","0","24","188.00","legacy_excel_import","legacy_excel","I:\My Drive\Grosses\Archive\2019\9-27 Abominable.xlsx","8.50","6.50","4.00","Imported from legacy weekly grosses workbook"
"2019-09-28","Abominable","7:30 PM","9","9","6","0","24","159.00","legacy_excel_import","legacy_excel","I:\My Drive\Grosses\Archive\2019\9-27 Abominable.xlsx","8.50","6.50","4.00","Imported from legacy weekly grosses workbook"
"2019-09-29","Abominable","2:30 PM","0","38","0","0","38","247.00","legacy_excel_import","legacy_excel","I:\My Drive\Grosses\Archive\2019\9-27 Abominable.xlsx","8.50","6.50","4.00","Imported from legacy weekly grosses workbook"
"2019-09-30","Abominable","7:30 PM","5","5","2","0","12","83.00","legacy_excel_import","legacy_excel","I:\My Drive\Grosses\Archive\2019\9-27 Abominable.xlsx","8.50","6.50","4.00","Imported from legacy weekly grosses workbook"
"2019-10-01","Abominable","7:30 PM","1","2","0","0","3","21.50","legacy_excel_import","legacy_excel","I:\My Drive\Grosses\Archive\2019\9-27 Abominable.xlsx","8.50","6.50","4.00","Imported from legacy weekly grosses workbook"
"2019-10-02","Abominable","7:30 PM","6","2","4","0","12","80.00","legacy_excel_import","legacy_excel","I:\My Drive\Grosses\Archive\2019\9-27 Abominable.xlsx","8.50","6.50","4.00","Imported from legacy weekly grosses workbook"
"2019-10-04","Abominable","7:30 PM","24","12","0","0","36","282.00","legacy_excel_import","legacy_excel","I:\My Drive\Grosses\Archive\2019\10-4 Abominable.xlsx","8.50","6.50","4.00","Imported from legacy weekly grosses workbook"
"2019-10-05","Abominable","7:30 PM","20","26","3","0","49","351.00","legacy_excel_import","legacy_excel","I:\My Drive\Grosses\Archive\2019\10-4 Abominable.xlsx","8.50","6.50","4.00","Imported from legacy weekly grosses workbook"
"2019-10-06","Abominable","2:30 PM","0","35","6","0","41","251.50","legacy_excel_import","legacy_excel","I:\My Drive\Grosses\Archive\2019\10-4 Abominable.xlsx","8.50","6.50","4.00","Imported from legacy weekly grosses workbook"
"2019-10-07","Abominable","7:30 PM","1","1","2","0","4","23.00","legacy_excel_import","legacy_excel","I:\My Drive\Grosses\Archive\2019\10-4 Abominable.xlsx","8.50","6.50","4.00","Imported from legacy weekly grosses workbook"
"2019-10-08","Abominable","7:30 PM","2","0","2","0","4","25.00","legacy_excel_import","legacy_excel","I:\My Drive\Grosses\Archive\2019\10-4 Abominable.xlsx","8.50","6.50","4.00","Imported from legacy weekly grosses workbook"
"2019-10-09","Abominable","7:30 PM","4","3","0","0","7","53.50","legacy_excel_import","legacy_excel","I:\My Drive\Grosses\Archive\2019\10-4 Abominable.xlsx","8.50","6.50","4.00","Imported from legacy weekly grosses workbook"
"2019-10-11","Ad Astra","7:30 PM","8","8","3","0","19","132.00","legacy_excel_import","legacy_excel","I:\My Drive\Grosses\Archive\2019\10-11 Ad Astra.xlsx","8.50","6.50","4.00","Imported from legacy weekly grosses workbook"
"2019-10-12","Ad Astra","7:30 PM","24","1","7","0","32","238.50","legacy_excel_import","legacy_excel","I:\My Drive\Grosses\Archive\2019\10-11 Ad Astra.xlsx","8.50","6.50","4.00","Imported from legacy weekly grosses workbook"
"2019-10-13","Ad Astra","2:30 PM","0","4","0","0","4","26.00","legacy_excel_import","legacy_excel","I:\My Drive\Grosses\Archive\2019\10-11 Ad Astra.xlsx","8.50","6.50","4.00","Imported from legacy weekly grosses workbook"
"2019-10-14","Ad Astra","7:30 PM","5","2","7","0","14","83.50","legacy_excel_import","legacy_excel","I:\My Drive\Grosses\Archive\2019\10-11 Ad Astra.xlsx","8.50","6.50","4.00","Imported from legacy weekly grosses workbook"
"2019-10-15","Ad Astra","7:30 PM","0","2","0","0","2","13.00","legacy_excel_import","legacy_excel","I:\My Drive\Grosses\Archive\2019\10-11 Ad Astra.xlsx","8.50","6.50","4.00","Imported from legacy weekly grosses workbook"
"2019-10-16","Ad Astra","7:30 PM","6","0","2","0","8","59.00","legacy_excel_import","legacy_excel","I:\My Drive\Grosses\Archive\2019\10-11 Ad Astra.xlsx","8.50","6.50","4.00","Imported from legacy weekly grosses workbook"
"2019-10-18","Downton Abbey","7:30 PM","5","13","3","0","21","139.00","legacy_excel_import","legacy_excel","I:\My Drive\Grosses\Archive\2019\10-18 Downton Abbey.xlsx","8.50","6.50","4.00","Imported from legacy weekly grosses workbook"
"2019-10-19","Downton Abbey","7:30 PM","11","4","3","0","18","131.50","legacy_excel_import","legacy_excel","I:\My Drive\Grosses\Archive\2019\10-18 Downton Abbey.xlsx","8.50","6.50","4.00","Imported from legacy weekly grosses workbook"
"2019-10-20","Downton Abbey","2:30 PM","0","24","3","0","27","168.00","legacy_excel_import","legacy_excel","I:\My Drive\Grosses\Archive\2019\10-18 Downton Abbey.xlsx","8.50","6.50","4.00","Imported from legacy weekly grosses workbook"
"2019-10-21","Downton Abbey","7:30 PM","6","6","11","0","23","134.00","legacy_excel_import","legacy_excel","I:\My Drive\Grosses\Archive\2019\10-18 Downton Abbey.xlsx","8.50","6.50","4.00","Imported from legacy weekly grosses workbook"
"2019-10-22","Downton Abbey","7:30 PM","5","22","4","0","31","201.50","legacy_excel_import","legacy_excel","I:\My Drive\Grosses\Archive\2019\10-18 Downton Abbey.xlsx","8.50","6.50","4.00","Imported from legacy weekly grosses workbook"
"2019-10-23","Downton Abbey","7:30 PM","2","11","2","0","15","96.50","legacy_excel_import","legacy_excel","I:\My Drive\Grosses\Archive\2019\10-18 Downton Abbey.xlsx","8.50","6.50","4.00","Imported from legacy weekly grosses workbook"
"2019-10-25","The Addams Family","7:30 PM","18","20","2","0","40","291.00","legacy_excel_import","legacy_excel","I:\My Drive\Grosses\Archive\2019\10-25 Addams Family.xlsx","8.50","6.50","4.00","Imported from legacy weekly grosses workbook"
"2019-10-26","The Addams Family","7:30 PM","24","23","4","0","51","369.50","legacy_excel_import","legacy_excel","I:\My Drive\Grosses\Archive\2019\10-25 Addams Family.xlsx","8.50","6.50","4.00","Imported from legacy weekly grosses workbook"
"2019-10-27","The Addams Family","2:30 PM","2","34","2","0","38","246.00","legacy_excel_import","legacy_excel","I:\My Drive\Grosses\Archive\2019\10-25 Addams Family.xlsx","8.50","6.50","4.00","Imported from legacy weekly grosses workbook"
"2019-10-28","The Addams Family","7:30 PM","1","2","2","0","5","29.50","legacy_excel_import","legacy_excel","I:\My Drive\Grosses\Archive\2019\10-25 Addams Family.xlsx","8.50","6.50","4.00","Imported from legacy weekly grosses workbook"
"2019-10-29","The Addams Family","7:30 PM","0","5","0","0","5","32.50","legacy_excel_import","legacy_excel","I:\My Drive\Grosses\Archive\2019\10-25 Addams Family.xlsx","8.50","6.50","4.00","Imported from legacy weekly grosses workbook"
"2019-10-30","The Addams Family","7:30 PM","1","2","4","0","7","37.50","legacy_excel_import","legacy_excel","I:\My Drive\Grosses\Archive\2019\10-25 Addams Family.xlsx","8.50","6.50","4.00","Imported from legacy weekly grosses workbook"
"2019-11-01","11-1 Maleficent 2","7:30 PM","42","10","1","0","53","426.00","legacy_excel_import","legacy_excel","I:\My Drive\Grosses\Archive\2019\11-1 Maleficent 2.xlsx","8.50","6.50","4.00","Imported from legacy weekly grosses workbook"
"2019-11-02","11-1 Maleficent 2","7:30 PM","29","15","5","0","49","364.00","legacy_excel_import","legacy_excel","I:\My Drive\Grosses\Archive\2019\11-1 Maleficent 2.xlsx","8.50","6.50","4.00","Imported from legacy weekly grosses workbook"
"2019-11-03","11-1 Maleficent 2","2:30 PM","0","32","4","0","36","224.00","legacy_excel_import","legacy_excel","I:\My Drive\Grosses\Archive\2019\11-1 Maleficent 2.xlsx","8.50","6.50","4.00","Imported from legacy weekly grosses workbook"
"2019-11-04","11-1 Maleficent 2","7:30 PM","9","6","7","0","22","143.50","legacy_excel_import","legacy_excel","I:\My Drive\Grosses\Archive\2019\11-1 Maleficent 2.xlsx","8.50","6.50","4.00","Imported from legacy weekly grosses workbook"
"2019-11-05","11-1 Maleficent 2","7:30 PM","7","0","7","0","14","87.50","legacy_excel_import","legacy_excel","I:\My Drive\Grosses\Archive\2019\11-1 Maleficent 2.xlsx","8.50","6.50","4.00","Imported from legacy weekly grosses workbook"
"2019-11-06","11-1 Maleficent 2","7:30 PM","12","10","2","0","24","175.00","legacy_excel_import","legacy_excel","I:\My Drive\Grosses\Archive\2019\11-1 Maleficent 2.xlsx","8.50","6.50","4.00","Imported from legacy weekly grosses workbook"
"2019-11-08","Joker","7:30 PM","35","3","1","0","39","321.00","legacy_excel_import","legacy_excel","I:\My Drive\Grosses\Archive\2019\11-8 Joker.xlsx","8.50","6.50","4.00","Imported from legacy weekly grosses workbook"
"2019-11-09","Joker","7:30 PM","18","5","4","0","27","201.50","legacy_excel_import","legacy_excel","I:\My Drive\Grosses\Archive\2019\11-8 Joker.xlsx","8.50","6.50","4.00","Imported from legacy weekly grosses workbook"
"2019-11-10","Joker","2:30 PM","11","8","3","0","22","157.50","legacy_excel_import","legacy_excel","I:\My Drive\Grosses\Archive\2019\11-8 Joker.xlsx","8.50","6.50","4.00","Imported from legacy weekly grosses workbook"
"2019-11-11","Joker","7:30 PM","7","0","6","0","13","83.50","legacy_excel_import","legacy_excel","I:\My Drive\Grosses\Archive\2019\11-8 Joker.xlsx","8.50","6.50","4.00","Imported from legacy weekly grosses workbook"
"2019-11-12","Joker","7:30 PM","5","0","1","0","6","46.50","legacy_excel_import","legacy_excel","I:\My Drive\Grosses\Archive\2019\11-8 Joker.xlsx","8.50","6.50","4.00","Imported from legacy weekly grosses workbook"
"2019-11-13","Joker","7:30 PM","14","1","5","0","20","145.50","legacy_excel_import","legacy_excel","I:\My Drive\Grosses\Archive\2019\11-8 Joker.xlsx","8.50","6.50","4.00","Imported from legacy weekly grosses workbook"
"2019-11-15","Zombieland Double Tap","7:30 PM","18","4","3","0","25","191.00","legacy_excel_import","legacy_excel","I:\My Drive\Grosses\Archive\2019\11-15 Zombieland DT.xlsx","8.50","6.50","4.00","Imported from legacy weekly grosses workbook"
"2019-11-16","Zombieland Double Tap","7:30 PM","29","4","4","0","37","288.50","legacy_excel_import","legacy_excel","I:\My Drive\Grosses\Archive\2019\11-15 Zombieland DT.xlsx","8.50","6.50","4.00","Imported from legacy weekly grosses workbook"
"2019-11-17","Zombieland Double Tap","2:30 PM","0","12","2","0","14","86.00","legacy_excel_import","legacy_excel","I:\My Drive\Grosses\Archive\2019\11-15 Zombieland DT.xlsx","8.50","6.50","4.00","Imported from legacy weekly grosses workbook"
"2019-11-18","Zombieland Double Tap","7:30 PM","5","1","3","0","9","61.00","legacy_excel_import","legacy_excel","I:\My Drive\Grosses\Archive\2019\11-15 Zombieland DT.xlsx","8.50","6.50","4.00","Imported from legacy weekly grosses workbook"
"2019-11-19","Zombieland Double Tap","7:30 PM","6","0","4","0","10","67.00","legacy_excel_import","legacy_excel","I:\My Drive\Grosses\Archive\2019\11-15 Zombieland DT.xlsx","8.50","6.50","4.00","Imported from legacy weekly grosses workbook"
"2019-11-20","Zombieland Double Tap","7:30 PM","15","6","3","0","24","178.50","legacy_excel_import","legacy_excel","I:\My Drive\Grosses\Archive\2019\11-15 Zombieland DT.xlsx","8.50","6.50","4.00","Imported from legacy weekly grosses workbook"
"2019-11-22","Frozen 2","7:30 PM","77","59","4","0","140","1054.00","legacy_excel_import","legacy_excel","I:\My Drive\Grosses\Archive\2019\11-22 Frozen 2.xlsx","8.50","6.50","4.00","Imported from legacy weekly grosses workbook"
"2019-11-23","Frozen 2","7:30 PM","45","50","8","0","103","739.50","legacy_excel_import","legacy_excel","I:\My Drive\Grosses\Archive\2019\11-22 Frozen 2.xlsx","8.50","6.50","4.00","Imported from legacy weekly grosses workbook"
"2019-11-24","Frozen 2","2:30 PM","0","99","1","0","100","647.50","legacy_excel_import","legacy_excel","I:\My Drive\Grosses\Archive\2019\11-22 Frozen 2.xlsx","8.50","6.50","4.00","Imported from legacy weekly grosses workbook"
"2019-11-25","Frozen 2","7:30 PM","23","19","1","0","43","323.00","legacy_excel_import","legacy_excel","I:\My Drive\Grosses\Archive\2019\11-22 Frozen 2.xlsx","8.50","6.50","4.00","Imported from legacy weekly grosses workbook"
"2019-11-26","Frozen 2","7:30 PM","19","23","0","0","42","311.00","legacy_excel_import","legacy_excel","I:\My Drive\Grosses\Archive\2019\11-22 Frozen 2.xlsx","8.50","6.50","4.00","Imported from legacy weekly grosses workbook"
"2019-11-27","Frozen 2","7:30 PM","27","21","9","0","57","402.00","legacy_excel_import","legacy_excel","I:\My Drive\Grosses\Archive\2019\11-22 Frozen 2.xlsx","8.50","6.50","4.00","Imported from legacy weekly grosses workbook"
"2019-11-29","Frozen 2","7:30 PM","48","29","2","0","79","604.50","legacy_excel_import","legacy_excel","I:\My Drive\Grosses\Archive\2019\11-29 Frozen 2.xlsx","8.50","6.50","4.00","Imported from legacy weekly grosses workbook"
"2019-11-30","Frozen 2","7:30 PM","76","43","3","0","122","937.50","legacy_excel_import","legacy_excel","I:\My Drive\Grosses\Archive\2019\11-29 Frozen 2.xlsx","8.50","6.50","4.00","Imported from legacy weekly grosses workbook"
"2019-12-01","Frozen 2","2:30 PM","0","82","2","0","84","541.00","legacy_excel_import","legacy_excel","I:\My Drive\Grosses\Archive\2019\11-29 Frozen 2.xlsx","8.50","6.50","4.00","Imported from legacy weekly grosses workbook"
"2019-12-02","Frozen 2","7:30 PM","3","6","2","0","11","72.50","legacy_excel_import","legacy_excel","I:\My Drive\Grosses\Archive\2019\11-29 Frozen 2.xlsx","8.50","6.50","4.00","Imported from legacy weekly grosses workbook"
"2019-12-03","Frozen 2","7:30 PM","19","10","8","0","37","258.50","legacy_excel_import","legacy_excel","I:\My Drive\Grosses\Archive\2019\11-29 Frozen 2.xlsx","8.50","6.50","4.00","Imported from legacy weekly grosses workbook"
"2019-12-04","Frozen 2","7:30 PM","14","4","6","0","24","169.00","legacy_excel_import","legacy_excel","I:\My Drive\Grosses\Archive\2019\11-29 Frozen 2.xlsx","8.50","6.50","4.00","Imported from legacy weekly grosses workbook"
"2019-12-06","Beautiful Day in the Neighborhood","7:30 PM","9","15","2","0","26","182.00","legacy_excel_import","legacy_excel","I:\My Drive\Grosses\Archive\2019\12-6 Beautiful Day.xlsx","8.50","6.50","4.00","Imported from legacy weekly grosses workbook"
"2019-12-07","Beautiful Day in the Neighborhood","7:30 PM","14","15","1","0","30","220.50","legacy_excel_import","legacy_excel","I:\My Drive\Grosses\Archive\2019\12-6 Beautiful Day.xlsx","8.50","6.50","4.00","Imported from legacy weekly grosses workbook"
"2019-12-08","Beautiful Day in the Neighborhood","2:30 PM","0","31","6","0","37","225.50","legacy_excel_import","legacy_excel","I:\My Drive\Grosses\Archive\2019\12-6 Beautiful Day.xlsx","8.50","6.50","4.00","Imported from legacy weekly grosses workbook"
"2019-12-09","Beautiful Day in the Neighborhood","7:30 PM","4","13","5","0","22","138.50","legacy_excel_import","legacy_excel","I:\My Drive\Grosses\Archive\2019\12-6 Beautiful Day.xlsx","8.50","6.50","4.00","Imported from legacy weekly grosses workbook"
"2019-12-10","Beautiful Day in the Neighborhood","7:30 PM","7","19","3","0","29","195.00","legacy_excel_import","legacy_excel","I:\My Drive\Grosses\Archive\2019\12-6 Beautiful Day.xlsx","8.50","6.50","4.00","Imported from legacy weekly grosses workbook"
"2019-12-11","Beautiful Day in the Neighborhood","7:30 PM","16","21","4","0","41","288.50","legacy_excel_import","legacy_excel","I:\My Drive\Grosses\Archive\2019\12-6 Beautiful Day.xlsx","8.50","6.50","4.00","Imported from legacy weekly grosses workbook"
"2019-12-13","Ford v Ferrari","7:30 PM","22","5","4","0","31","235.50","legacy_excel_import","legacy_excel","I:\My Drive\Grosses\Archive\2019\12-13 Ford v Ferrari.xlsx","8.50","6.50","4.00","Imported from legacy weekly grosses workbook"
"2019-12-14","Ford v Ferrari","7:30 PM","26","3","3","0","32","252.50","legacy_excel_import","legacy_excel","I:\My Drive\Grosses\Archive\2019\12-13 Ford v Ferrari.xlsx","8.50","6.50","4.00","Imported from legacy weekly grosses workbook"
"2019-12-15","Ford v Ferrari","2:30 PM","0","31","3","0","34","213.50","legacy_excel_import","legacy_excel","I:\My Drive\Grosses\Archive\2019\12-13 Ford v Ferrari.xlsx","8.50","6.50","4.00","Imported from legacy weekly grosses workbook"
"2019-12-16","Ford v Ferrari","7:30 PM","15","11","2","0","28","207.00","legacy_excel_import","legacy_excel","I:\My Drive\Grosses\Archive\2019\12-13 Ford v Ferrari.xlsx","8.50","6.50","4.00","Imported from legacy weekly grosses workbook"
"2019-12-17","Ford v Ferrari","7:30 PM","9","16","6","0","31","204.50","legacy_excel_import","legacy_excel","I:\My Drive\Grosses\Archive\2019\12-13 Ford v Ferrari.xlsx","8.50","6.50","4.00","Imported from legacy weekly grosses workbook"
"2019-12-18","Ford v Ferrari","7:30 PM","18","2","4","0","24","182.00","legacy_excel_import","legacy_excel","I:\My Drive\Grosses\Archive\2019\12-13 Ford v Ferrari.xlsx","8.50","6.50","4.00","Imported from legacy weekly grosses workbook"
"2019-12-19","Star Wars","7:30 PM","26","13","2","0","41","313.50","legacy_excel_import","legacy_excel","I:\My Drive\Grosses\Archive\2019\12-19 Star Wars.xlsx","8.50","6.50","4.00","Imported from legacy weekly grosses workbook"
"2019-12-20","Star Wars","7:30 PM","22","16","9","0","47","327.00","legacy_excel_import","legacy_excel","I:\My Drive\Grosses\Archive\2019\12-19 Star Wars.xlsx","8.50","6.50","4.00","Imported from legacy weekly grosses workbook"
"2019-12-21","Star Wars","2:30 PM","2","63","3","0","68","438.50","legacy_excel_import","legacy_excel","I:\My Drive\Grosses\Archive\2019\12-19 Star Wars.xlsx","8.50","6.50","4.00","Imported from legacy weekly grosses workbook"
"2019-12-22","Star Wars","7:30 PM","50","21","3","0","74","573.50","legacy_excel_import","legacy_excel","I:\My Drive\Grosses\Archive\2019\12-19 Star Wars.xlsx","8.50","6.50","4.00","Imported from legacy weekly grosses workbook"
"2019-12-23","Star Wars","7:30 PM","19","4","0","0","23","187.50","legacy_excel_import","legacy_excel","I:\My Drive\Grosses\Archive\2019\12-19 Star Wars.xlsx","8.50","6.50","4.00","Imported from legacy weekly grosses workbook"
"2019-12-24","Star Wars","7:30 PM","10","16","0","0","26","189.00","legacy_excel_import","legacy_excel","I:\My Drive\Grosses\Archive\2019\12-19 Star Wars.xlsx","8.50","6.50","4.00","Imported from legacy weekly grosses workbook"
"2019-12-25","Star Wars","7:30 PM","4","1","7","0","12","68.50","legacy_excel_import","legacy_excel","I:\My Drive\Grosses\Archive\2019\12-19 Star Wars.xlsx","8.50","6.50","4.00","Imported from legacy weekly grosses workbook"
"2019-12-27","Starwars","7:30 PM","73","28","8","0","109","834.50","legacy_excel_import","legacy_excel","I:\My Drive\Grosses\Archive\2019\12-27 Star Wars.xlsx","8.50","6.50","4.00","Imported from legacy weekly grosses workbook"
"2019-12-28","Starwars","7:30 PM","54","19","5","0","78","602.50","legacy_excel_import","legacy_excel","I:\My Drive\Grosses\Archive\2019\12-27 Star Wars.xlsx","8.50","6.50","4.00","Imported from legacy weekly grosses workbook"
"2019-12-29","Starwars","2:30 PM","3","72","13","0","88","545.50","legacy_excel_import","legacy_excel","I:\My Drive\Grosses\Archive\2019\12-27 Star Wars.xlsx","8.50","6.50","4.00","Imported from legacy weekly grosses workbook"
"2019-12-30","Starwars","7:30 PM","24","13","5","0","42","308.50","legacy_excel_import","legacy_excel","I:\My Drive\Grosses\Archive\2019\12-27 Star Wars.xlsx","8.50","6.50","4.00","Imported from legacy weekly grosses workbook"
"2019-12-31","Starwars","7:30 PM","6","4","0","0","10","77.00","legacy_excel_import","legacy_excel","I:\My Drive\Grosses\Archive\2019\12-27 Star Wars.xlsx","8.50","6.50","4.00","Imported from legacy weekly grosses workbook"
"2020-01-01","Starwars","7:30 PM","34","3","0","0","37","308.50","legacy_excel_import","legacy_excel","I:\My Drive\Grosses\Archive\2019\12-27 Star Wars.xlsx","8.50","6.50","4.00","Imported from legacy weekly grosses workbook"
"2020-01-03","Star Wars","7:30 PM","20","10","0","0","30","235.00","legacy_excel_import","legacy_excel","I:\My Drive\Grosses\Archive\2020\01-03 Star Wars.xlsx","8.50","6.50","4.00","Imported from legacy weekly grosses workbook"
"2020-01-04","Star Wars","7:30 PM","37","7","2","0","46","368.00","legacy_excel_import","legacy_excel","I:\My Drive\Grosses\Archive\2020\01-03 Star Wars.xlsx","8.50","6.50","4.00","Imported from legacy weekly grosses workbook"
"2020-01-05","Star Wars","2:30 PM","0","28","1","0","29","186.00","legacy_excel_import","legacy_excel","I:\My Drive\Grosses\Archive\2020\01-03 Star Wars.xlsx","8.50","6.50","4.00","Imported from legacy weekly grosses workbook"
"2020-01-06","Star Wars","7:30 PM","8","2","0","0","10","81.00","legacy_excel_import","legacy_excel","I:\My Drive\Grosses\Archive\2020\01-03 Star Wars.xlsx","8.50","6.50","4.00","Imported from legacy weekly grosses workbook"
"2020-01-07","Star Wars","7:30 PM","5","3","3","0","11","74.00","legacy_excel_import","legacy_excel","I:\My Drive\Grosses\Archive\2020\01-03 Star Wars.xlsx","8.50","6.50","4.00","Imported from legacy weekly grosses workbook"
"2020-01-08","Star Wars","7:30 PM","2","6","0","0","8","56.00","legacy_excel_import","legacy_excel","I:\My Drive\Grosses\Archive\2020\01-03 Star Wars.xlsx","8.50","6.50","4.00","Imported from legacy weekly grosses workbook"
"2020-01-10","Star Wars","7:30 PM","9","3","0","0","12","96.00","legacy_excel_import","legacy_excel","I:\My Drive\Grosses\Archive\2020\01-10 Star Wars.xlsx","8.50","6.50","4.00","Imported from legacy weekly grosses workbook"
"2020-01-11","Star Wars","7:30 PM","24","3","1","0","28","227.50","legacy_excel_import","legacy_excel","I:\My Drive\Grosses\Archive\2020\01-10 Star Wars.xlsx","8.50","6.50","4.00","Imported from legacy weekly grosses workbook"
"2020-01-12","Star Wars","2:30 PM","0","17","0","0","17","110.50","legacy_excel_import","legacy_excel","I:\My Drive\Grosses\Archive\2020\01-10 Star Wars.xlsx","8.50","6.50","4.00","Imported from legacy weekly grosses workbook"
"2020-01-13","Star Wars","7:30 PM","0","2","0","0","2","13.00","legacy_excel_import","legacy_excel","I:\My Drive\Grosses\Archive\2020\01-10 Star Wars.xlsx","8.50","6.50","4.00","Imported from legacy weekly grosses workbook"
"2020-01-14","Star Wars","7:30 PM","4","2","6","0","12","71.00","legacy_excel_import","legacy_excel","I:\My Drive\Grosses\Archive\2020\01-10 Star Wars.xlsx","8.50","6.50","4.00","Imported from legacy weekly grosses workbook"
"2020-01-15","Star Wars","7:30 PM","3","11","0","0","14","97.00","legacy_excel_import","legacy_excel","I:\My Drive\Grosses\Archive\2020\01-10 Star Wars.xlsx","8.50","6.50","4.00","Imported from legacy weekly grosses workbook"
"2020-01-17","Doolittle","7:30 PM","22","12","4","0","38","281.00","legacy_excel_import","legacy_excel","I:\My Drive\Grosses\Archive\2020\01-17 Doolittle.xlsx","8.50","6.50","4.00","Imported from legacy weekly grosses workbook"
"2020-01-18","Doolittle","7:30 PM","36","38","5","0","79","573.00","legacy_excel_import","legacy_excel","I:\My Drive\Grosses\Archive\2020\01-17 Doolittle.xlsx","8.50","6.50","4.00","Imported from legacy weekly grosses workbook"
"2020-01-19","Doolittle","2:30 PM","0","51","8","0","59","363.50","legacy_excel_import","legacy_excel","I:\My Drive\Grosses\Archive\2020\01-17 Doolittle.xlsx","8.50","6.50","4.00","Imported from legacy weekly grosses workbook"
"2020-01-20","Doolittle","7:30 PM","14","11","2","0","27","198.50","legacy_excel_import","legacy_excel","I:\My Drive\Grosses\Archive\2020\01-17 Doolittle.xlsx","8.50","6.50","4.00","Imported from legacy weekly grosses workbook"
"2020-01-21","Doolittle","7:30 PM","13","9","0","0","22","169.00","legacy_excel_import","legacy_excel","I:\My Drive\Grosses\Archive\2020\01-17 Doolittle.xlsx","8.50","6.50","4.00","Imported from legacy weekly grosses workbook"
"2020-01-22","Doolittle","7:30 PM","4","14","0","0","18","125.00","legacy_excel_import","legacy_excel","I:\My Drive\Grosses\Archive\2020\01-17 Doolittle.xlsx","8.50","6.50","4.00","Imported from legacy weekly grosses workbook"
"2020-01-24","Doolittle","7:30 PM","24","19","1","0","44","331.50","legacy_excel_import","legacy_excel","I:\My Drive\Grosses\Archive\2020\1-24 Doolittle.xlsx","8.50","6.50","4.00","Imported from legacy weekly grosses workbook"
"2020-01-25","Doolittle","7:30 PM","31","8","4","0","43","331.50","legacy_excel_import","legacy_excel","I:\My Drive\Grosses\Archive\2020\1-24 Doolittle.xlsx","8.50","6.50","4.00","Imported from legacy weekly grosses workbook"
"2020-01-26","Doolittle","2:30 PM","0","50","9","0","59","361.00","legacy_excel_import","legacy_excel","I:\My Drive\Grosses\Archive\2020\1-24 Doolittle.xlsx","8.50","6.50","4.00","Imported from legacy weekly grosses workbook"
"2020-01-27","Doolittle","7:30 PM","3","2","2","0","7","46.50","legacy_excel_import","legacy_excel","I:\My Drive\Grosses\Archive\2020\1-24 Doolittle.xlsx","8.50","6.50","4.00","Imported from legacy weekly grosses workbook"
"2020-01-28","Doolittle","7:30 PM","10","8","5","0","23","157.00","legacy_excel_import","legacy_excel","I:\My Drive\Grosses\Archive\2020\1-24 Doolittle.xlsx","8.50","6.50","4.00","Imported from legacy weekly grosses workbook"
"2020-01-29","Doolittle","7:30 PM","0","0","2","0","2","8.00","legacy_excel_import","legacy_excel","I:\My Drive\Grosses\Archive\2020\1-24 Doolittle.xlsx","8.50","6.50","4.00","Imported from legacy weekly grosses workbook"
"2020-01-31","Knives Out","7:30 PM","31","5","6","0","42","320.00","legacy_excel_import","legacy_excel","I:\My Drive\Grosses\Archive\2020\1-31 Knives Out.xlsx","8.50","6.50","4.00","Imported from legacy weekly grosses workbook"
"2020-02-01","Knives Out","7:30 PM","20","11","10","0","41","281.50","legacy_excel_import","legacy_excel","I:\My Drive\Grosses\Archive\2020\1-31 Knives Out.xlsx","8.50","6.50","4.00","Imported from legacy weekly grosses workbook"
"2020-02-02","Knives Out","2:30 PM","0","14","4","0","18","107.00","legacy_excel_import","legacy_excel","I:\My Drive\Grosses\Archive\2020\1-31 Knives Out.xlsx","8.50","6.50","4.00","Imported from legacy weekly grosses workbook"
"2020-02-03","Knives Out","7:30 PM","7","0","4","0","11","75.50","legacy_excel_import","legacy_excel","I:\My Drive\Grosses\Archive\2020\1-31 Knives Out.xlsx","8.50","6.50","4.00","Imported from legacy weekly grosses workbook"
"2020-02-04","Knives Out","7:30 PM","6","0","0","0","6","51.00","legacy_excel_import","legacy_excel","I:\My Drive\Grosses\Archive\2020\1-31 Knives Out.xlsx","8.50","6.50","4.00","Imported from legacy weekly grosses workbook"
"2020-02-05","Knives Out","7:30 PM","5","6","4","0","15","97.50","legacy_excel_import","legacy_excel","I:\My Drive\Grosses\Archive\2020\1-31 Knives Out.xlsx","8.50","6.50","4.00","Imported from legacy weekly grosses workbook"
"2020-02-07","Jumanji Next Level","7:30 PM","24","32","4","0","60","428.00","legacy_excel_import","legacy_excel","I:\My Drive\Grosses\Archive\2020\2-7 Jumanji.xlsx","8.50","6.50","4.00","Imported from legacy weekly grosses workbook"
"2020-02-08","Jumanji Next Level","7:30 PM","51","19","8","0","78","589.00","legacy_excel_import","legacy_excel","I:\My Drive\Grosses\Archive\2020\2-7 Jumanji.xlsx","8.50","6.50","4.00","Imported from legacy weekly grosses workbook"
"2020-02-09","Jumanji Next Level","2:30 PM","0","62","6","0","68","427.00","legacy_excel_import","legacy_excel","I:\My Drive\Grosses\Archive\2020\2-7 Jumanji.xlsx","8.50","6.50","4.00","Imported from legacy weekly grosses workbook"
"2020-02-10","Jumanji Next Level","7:30 PM","9","10","3","0","22","153.50","legacy_excel_import","legacy_excel","I:\My Drive\Grosses\Archive\2020\2-7 Jumanji.xlsx","8.50","6.50","4.00","Imported from legacy weekly grosses workbook"
"2020-02-11","Jumanji Next Level","7:30 PM","4","12","4","0","20","128.00","legacy_excel_import","legacy_excel","I:\My Drive\Grosses\Archive\2020\2-7 Jumanji.xlsx","8.50","6.50","4.00","Imported from legacy weekly grosses workbook"
"2020-02-12","Jumanji Next Level","7:30 PM","3","5","8","0","16","90.00","legacy_excel_import","legacy_excel","I:\My Drive\Grosses\Archive\2020\2-7 Jumanji.xlsx","8.50","6.50","4.00","Imported from legacy weekly grosses workbook"
"2020-02-14","Sonic","7:30 PM","44","19","4","0","67","513.50","legacy_excel_import","legacy_excel","I:\My Drive\Grosses\Archive\2020\2-14 Sonic.xlsx","8.50","6.50","4.00","Imported from legacy weekly grosses workbook"
"2020-02-15","Sonic","7:30 PM","36","33","0","0","69","520.50","legacy_excel_import","legacy_excel","I:\My Drive\Grosses\Archive\2020\2-14 Sonic.xlsx","8.50","6.50","4.00","Imported from legacy weekly grosses workbook"
"2020-02-16","Sonic","2:30 PM","0","40","6","0","46","284.00","legacy_excel_import","legacy_excel","I:\My Drive\Grosses\Archive\2020\2-14 Sonic.xlsx","8.50","6.50","4.00","Imported from legacy weekly grosses workbook"
"2020-02-17","Sonic","7:30 PM","16","6","5","0","27","195.00","legacy_excel_import","legacy_excel","I:\My Drive\Grosses\Archive\2020\2-14 Sonic.xlsx","8.50","6.50","4.00","Imported from legacy weekly grosses workbook"
"2020-02-18","Sonic","7:30 PM","9","4","2","0","15","110.50","legacy_excel_import","legacy_excel","I:\My Drive\Grosses\Archive\2020\2-14 Sonic.xlsx","8.50","6.50","4.00","Imported from legacy weekly grosses workbook"
"2020-02-19","Sonic","7:30 PM","7","0","0","0","7","59.50","legacy_excel_import","legacy_excel","I:\My Drive\Grosses\Archive\2020\2-14 Sonic.xlsx","8.50","6.50","4.00","Imported from legacy weekly grosses workbook"
"2020-02-21","Sonic The Hedgehog","7:30 PM","8","6","8","0","22","139.00","legacy_excel_import","legacy_excel","I:\My Drive\Grosses\Archive\2020\2-21 Sonic.xlsx","8.50","6.50","4.00","Imported from legacy weekly grosses workbook"
"2020-02-22","Sonic The Hedgehog","7:30 PM","16","17","0","0","33","246.50","legacy_excel_import","legacy_excel","I:\My Drive\Grosses\Archive\2020\2-21 Sonic.xlsx","8.50","6.50","4.00","Imported from legacy weekly grosses workbook"
"2020-02-23","Sonic The Hedgehog","2:30 PM","2","32","1","0","35","229.00","legacy_excel_import","legacy_excel","I:\My Drive\Grosses\Archive\2020\2-21 Sonic.xlsx","8.50","6.50","4.00","Imported from legacy weekly grosses workbook"
"2020-02-24","Sonic The Hedgehog","7:30 PM","2","0","2","0","4","25.00","legacy_excel_import","legacy_excel","I:\My Drive\Grosses\Archive\2020\2-21 Sonic.xlsx","8.50","6.50","4.00","Imported from legacy weekly grosses workbook"
"2020-02-25","Sonic The Hedgehog","7:30 PM","3","6","0","0","9","64.50","legacy_excel_import","legacy_excel","I:\My Drive\Grosses\Archive\2020\2-21 Sonic.xlsx","8.50","6.50","4.00","Imported from legacy weekly grosses workbook"
"2020-02-26","Sonic The Hedgehog","7:30 PM","2","2","4","0","8","46.00","legacy_excel_import","legacy_excel","I:\My Drive\Grosses\Archive\2020\2-21 Sonic.xlsx","8.50","6.50","4.00","Imported from legacy weekly grosses workbook"
"2020-02-28","1917","7:30 PM","11","9","4","0","24","168.00","legacy_excel_import","legacy_excel","I:\My Drive\Grosses\Archive\2020\2-28 1917.xlsx","8.50","6.50","4.00","Imported from legacy weekly grosses workbook"
"2020-02-29","1917","7:30 PM","13","6","2","0","21","157.50","legacy_excel_import","legacy_excel","I:\My Drive\Grosses\Archive\2020\2-28 1917.xlsx","8.50","6.50","4.00","Imported from legacy weekly grosses workbook"
"2020-03-01","1917","2:30 PM","0","24","7","0","31","184.00","legacy_excel_import","legacy_excel","I:\My Drive\Grosses\Archive\2020\2-28 1917.xlsx","8.50","6.50","4.00","Imported from legacy weekly grosses workbook"
"2020-03-02","1917","7:30 PM","3","12","4","0","19","119.50","legacy_excel_import","legacy_excel","I:\My Drive\Grosses\Archive\2020\2-28 1917.xlsx","8.50","6.50","4.00","Imported from legacy weekly grosses workbook"
"2020-03-03","1917","7:30 PM","4","8","7","0","19","114.00","legacy_excel_import","legacy_excel","I:\My Drive\Grosses\Archive\2020\2-28 1917.xlsx","8.50","6.50","4.00","Imported from legacy weekly grosses workbook"
"2020-03-04","1917","7:30 PM","9","5","0","0","14","109.00","legacy_excel_import","legacy_excel","I:\My Drive\Grosses\Archive\2020\2-28 1917.xlsx","8.50","6.50","4.00","Imported from legacy weekly grosses workbook"
"2020-03-06","Onward","7:30 PM","29","11","6","0","46","342.00","legacy_excel_import","legacy_excel","I:\My Drive\Grosses\Archive\2020\3-6 Onward.xlsx","8.50","6.50","4.00","Imported from legacy weekly grosses workbook"
"2020-03-07","Onward","7:30 PM","24","27","1","0","52","383.50","legacy_excel_import","legacy_excel","I:\My Drive\Grosses\Archive\2020\3-6 Onward.xlsx","8.50","6.50","4.00","Imported from legacy weekly grosses workbook"
"2020-03-08","Onward","2:30 PM","0","41","2","0","43","274.50","legacy_excel_import","legacy_excel","I:\My Drive\Grosses\Archive\2020\3-6 Onward.xlsx","8.50","6.50","4.00","Imported from legacy weekly grosses workbook"
"2020-03-09","Onward","7:30 PM","10","7","6","0","23","154.50","legacy_excel_import","legacy_excel","I:\My Drive\Grosses\Archive\2020\3-6 Onward.xlsx","8.50","6.50","4.00","Imported from legacy weekly grosses workbook"
"2020-03-10","Onward","7:30 PM","2","0","2","0","4","25.00","legacy_excel_import","legacy_excel","I:\My Drive\Grosses\Archive\2020\3-6 Onward.xlsx","8.50","6.50","4.00","Imported from legacy weekly grosses workbook"
"2020-03-11","Onward","7:30 PM","8","11","1","0","20","143.50","legacy_excel_import","legacy_excel","I:\My Drive\Grosses\Archive\2020\3-6 Onward.xlsx","8.50","6.50","4.00","Imported from legacy weekly grosses workbook"
"2020-03-13","Onward","7:30 PM","29","10","2","0","41","319.50","legacy_excel_import","legacy_excel","I:\My Drive\Grosses\Archive\2020\3-13 Onward.xlsx","8.50","6.50","4.00","Imported from legacy weekly grosses workbook"
"2020-03-14","Onward","7:30 PM","8","5","0","0","13","100.50","legacy_excel_import","legacy_excel","I:\My Drive\Grosses\Archive\2020\3-13 Onward.xlsx","8.50","6.50","4.00","Imported from legacy weekly grosses workbook"
"2020-03-15","Onward","2:30 PM","0","17","2","0","19","118.50","legacy_excel_import","legacy_excel","I:\My Drive\Grosses\Archive\2020\3-13 Onward.xlsx","8.50","6.50","4.00","Imported from legacy weekly grosses workbook"
"2020-03-16","Onward","7:30 PM","6","4","0","0","10","77.00","legacy_excel_import","legacy_excel","I:\My Drive\Grosses\Archive\2020\3-13 Onward.xlsx","8.50","6.50","4.00","Imported from legacy weekly grosses workbook"
"2020-06-05","6-5","7:30 PM","0","6","0","0","6","39.00","legacy_excel_import","legacy_excel","I:\My Drive\Grosses\Archive\2020\6-5 Grosses.xlsx","8.50","6.50","4.00","Imported from legacy weekly grosses workbook"
"2020-06-06","6-5","7:30 PM","0","9","3","0","12","70.50","legacy_excel_import","legacy_excel","I:\My Drive\Grosses\Archive\2020\6-5 Grosses.xlsx","8.50","6.50","4.00","Imported from legacy weekly grosses workbook"
"2020-06-07","6-5","2:30 PM","0","27","0","0","27","175.50","legacy_excel_import","legacy_excel","I:\My Drive\Grosses\Archive\2020\6-5 Grosses.xlsx","8.50","6.50","4.00","Imported from legacy weekly grosses workbook"
"2020-06-08","6-5","7:30 PM","0","7","2","0","9","53.50","legacy_excel_import","legacy_excel","I:\My Drive\Grosses\Archive\2020\6-5 Grosses.xlsx","8.50","6.50","4.00","Imported from legacy weekly grosses workbook"
"2020-06-09","6-5","7:30 PM","0","19","3","0","22","135.50","legacy_excel_import","legacy_excel","I:\My Drive\Grosses\Archive\2020\6-5 Grosses.xlsx","8.50","6.50","4.00","Imported from legacy weekly grosses workbook"
"2020-06-10","6-5","7:30 PM","0","5","2","0","7","40.50","legacy_excel_import","legacy_excel","I:\My Drive\Grosses\Archive\2020\6-5 Grosses.xlsx","8.50","6.50","4.00","Imported from legacy weekly grosses workbook"
"2020-06-12","6-12","7:30 PM","0","12","3","0","15","90.00","legacy_excel_import","legacy_excel","I:\My Drive\Grosses\Archive\2020\Grosses 6-12.xlsx","8.50","6.50","4.00","Imported from legacy weekly grosses workbook"
"2020-06-13","6-12","7:30 PM","0","20","5","0","25","150.00","legacy_excel_import","legacy_excel","I:\My Drive\Grosses\Archive\2020\Grosses 6-12.xlsx","8.50","6.50","4.00","Imported from legacy weekly grosses workbook"
"2020-06-14","6-12","2:30 PM","0","6","0","0","6","39.00","legacy_excel_import","legacy_excel","I:\My Drive\Grosses\Archive\2020\Grosses 6-12.xlsx","8.50","6.50","4.00","Imported from legacy weekly grosses workbook"
"2020-06-15","6-12","7:30 PM","0","8","0","0","8","52.00","legacy_excel_import","legacy_excel","I:\My Drive\Grosses\Archive\2020\Grosses 6-12.xlsx","8.50","6.50","4.00","Imported from legacy weekly grosses workbook"
"2020-06-16","6-12","7:30 PM","0","6","1","0","7","43.00","legacy_excel_import","legacy_excel","I:\My Drive\Grosses\Archive\2020\Grosses 6-12.xlsx","8.50","6.50","4.00","Imported from legacy weekly grosses workbook"
"2020-06-17","6-12","7:30 PM","0","3","4","0","7","35.50","legacy_excel_import","legacy_excel","I:\My Drive\Grosses\Archive\2020\Grosses 6-12.xlsx","8.50","6.50","4.00","Imported from legacy weekly grosses workbook"
"2020-06-19","6-19","7:30 PM","0","16","0","0","16","104.00","legacy_excel_import","legacy_excel","I:\My Drive\Grosses\Archive\2020\6-19 Grosses.xlsx","8.50","6.50","4.00","Imported from legacy weekly grosses workbook"
"2020-06-20","6-19","7:30 PM","0","21","0","0","21","136.50","legacy_excel_import","legacy_excel","I:\My Drive\Grosses\Archive\2020\6-19 Grosses.xlsx","8.50","6.50","4.00","Imported from legacy weekly grosses workbook"
"2020-06-21","6-19","2:30 PM","0","4","2","0","6","34.00","legacy_excel_import","legacy_excel","I:\My Drive\Grosses\Archive\2020\6-19 Grosses.xlsx","8.50","6.50","4.00","Imported from legacy weekly grosses workbook"
"2020-06-22","6-19","7:30 PM","0","5","2","0","7","40.50","legacy_excel_import","legacy_excel","I:\My Drive\Grosses\Archive\2020\6-19 Grosses.xlsx","8.50","6.50","4.00","Imported from legacy weekly grosses workbook"
"2020-06-24","6-19","7:30 PM","0","5","3","0","8","44.50","legacy_excel_import","legacy_excel","I:\My Drive\Grosses\Archive\2020\6-19 Grosses.xlsx","8.50","6.50","4.00","Imported from legacy weekly grosses workbook"
"2020-06-26","6-26","7:30 PM","0","7","1","0","8","49.50","legacy_excel_import","legacy_excel","I:\My Drive\Grosses\Archive\2020\6-26 Grosses.xlsx","8.50","6.50","4.00","Imported from legacy weekly grosses workbook"
"2020-06-27","6-26","7:30 PM","0","2","1","0","3","17.00","legacy_excel_import","legacy_excel","I:\My Drive\Grosses\Archive\2020\6-26 Grosses.xlsx","8.50","6.50","4.00","Imported from legacy weekly grosses workbook"
"2020-06-28","6-26","2:30 PM","0","1","2","0","3","14.50","legacy_excel_import","legacy_excel","I:\My Drive\Grosses\Archive\2020\6-26 Grosses.xlsx","8.50","6.50","4.00","Imported from legacy weekly grosses workbook"
"2020-06-29","6-26","7:30 PM","0","13","0","0","13","84.50","legacy_excel_import","legacy_excel","I:\My Drive\Grosses\Archive\2020\6-26 Grosses.xlsx","8.50","6.50","4.00","Imported from legacy weekly grosses workbook"
"2020-06-30","6-26","7:30 PM","0","17","6","0","23","134.50","legacy_excel_import","legacy_excel","I:\My Drive\Grosses\Archive\2020\6-26 Grosses.xlsx","8.50","6.50","4.00","Imported from legacy weekly grosses workbook"
"2020-07-03","7-3","7:30 PM","0","6","1","0","7","43.00","legacy_excel_import","legacy_excel","I:\My Drive\Grosses\Archive\2020\7-3 Grosses.xlsx","8.50","6.50","4.00","Imported from legacy weekly grosses workbook"
"2020-07-05","7-3","2:30 PM","0","0","3","0","3","12.00","legacy_excel_import","legacy_excel","I:\My Drive\Grosses\Archive\2020\7-3 Grosses.xlsx","8.50","6.50","4.00","Imported from legacy weekly grosses workbook"
"2020-07-10","7-10","7:30 PM","0","8","1","0","9","56.00","legacy_excel_import","legacy_excel","I:\My Drive\Grosses\Archive\2020\7-10 Grosses.xlsx","8.50","6.50","4.00","Imported from legacy weekly grosses workbook"
"2020-07-11","7-10","7:30 PM","0","5","4","0","9","48.50","legacy_excel_import","legacy_excel","I:\My Drive\Grosses\Archive\2020\7-10 Grosses.xlsx","8.50","6.50","4.00","Imported from legacy weekly grosses workbook"
"2020-07-17","7-17","7:30 PM","0","2","2","0","4","21.00","legacy_excel_import","legacy_excel","I:\My Drive\Grosses\Archive\2020\7-17 Grosses.xlsx","8.50","6.50","4.00","Imported from legacy weekly grosses workbook"
"2020-07-18","7-17","7:30 PM","0","0","3","0","3","12.00","legacy_excel_import","legacy_excel","I:\My Drive\Grosses\Archive\2020\7-17 Grosses.xlsx","8.50","6.50","4.00","Imported from legacy weekly grosses workbook"
"2020-07-19","7-17","2:30 PM","0","6","0","0","6","39.00","legacy_excel_import","legacy_excel","I:\My Drive\Grosses\Archive\2020\7-17 Grosses.xlsx","8.50","6.50","4.00","Imported from legacy weekly grosses workbook"
"2020-07-24","7-24","7:30 PM","0","17","5","0","22","130.50","legacy_excel_import","legacy_excel","I:\My Drive\Grosses\Archive\2020\7-24 Grosses.xlsx","8.50","6.50","4.00","Imported from legacy weekly grosses workbook"
"2020-07-25","7-24","7:30 PM","0","18","1","0","19","121.00","legacy_excel_import","legacy_excel","I:\My Drive\Grosses\Archive\2020\7-24 Grosses.xlsx","8.50","6.50","4.00","Imported from legacy weekly grosses workbook"
"2020-07-26","7-24","2:30 PM","0","7","0","0","7","45.50","legacy_excel_import","legacy_excel","I:\My Drive\Grosses\Archive\2020\7-24 Grosses.xlsx","8.50","6.50","4.00","Imported from legacy weekly grosses workbook"
"2020-07-31","Ghostbusters","7:30 PM","0","6","1","0","7","43.00","legacy_excel_import","legacy_excel","I:\My Drive\Grosses\Archive\2020\7-31 Grosses.xlsx","8.50","6.50","4.00","Imported from legacy weekly grosses workbook"
"2020-08-01","Ghostbusters","7:30 PM","0","3","1","0","4","23.50","legacy_excel_import","legacy_excel","I:\My Drive\Grosses\Archive\2020\7-31 Grosses.xlsx","8.50","6.50","4.00","Imported from legacy weekly grosses workbook"
"2020-08-02","Ghostbusters","2:30 PM","0","4","2","0","6","34.00","legacy_excel_import","legacy_excel","I:\My Drive\Grosses\Archive\2020\7-31 Grosses.xlsx","8.50","6.50","4.00","Imported from legacy weekly grosses workbook"
"2020-08-07","8-7","7:30 PM","0","3","0","0","3","19.50","legacy_excel_import","legacy_excel","I:\My Drive\Grosses\Archive\2020\8-7 Grosses.xlsx","8.50","6.50","4.00","Imported from legacy weekly grosses workbook"
"2020-08-08","8-7","7:30 PM","0","0","3","0","3","12.00","legacy_excel_import","legacy_excel","I:\My Drive\Grosses\Archive\2020\8-7 Grosses.xlsx","8.50","6.50","4.00","Imported from legacy weekly grosses workbook"
"2020-08-09","8-7","2:30 PM","0","0","3","0","3","12.00","legacy_excel_import","legacy_excel","I:\My Drive\Grosses\Archive\2020\8-7 Grosses.xlsx","8.50","6.50","4.00","Imported from legacy weekly grosses workbook"
"2020-08-14","8-14","7:30 PM","0","11","3","0","14","83.50","legacy_excel_import","legacy_excel","I:\My Drive\Grosses\Archive\2020\8-14 Grosses.xlsx","8.50","6.50","4.00","Imported from legacy weekly grosses workbook"
"2020-08-15","8-14","7:30 PM","0","31","3","0","34","213.50","legacy_excel_import","legacy_excel","I:\My Drive\Grosses\Archive\2020\8-14 Grosses.xlsx","8.50","6.50","4.00","Imported from legacy weekly grosses workbook"
"2020-08-16","8-14","2:30 PM","0","0","4","0","4","16.00","legacy_excel_import","legacy_excel","I:\My Drive\Grosses\Archive\2020\8-14 Grosses.xlsx","8.50","6.50","4.00","Imported from legacy weekly grosses workbook"
"2020-08-21","Unhinged","7:30 PM","0","10","9","0","19","101.00","legacy_excel_import","legacy_excel","I:\My Drive\Grosses\Archive\2020\8-21 Grosses.xlsx","8.50","6.50","4.00","Imported from legacy weekly grosses workbook"
"2020-08-22","Unhinged","7:30 PM","9","1","0","0","10","83.00","legacy_excel_import","legacy_excel","I:\My Drive\Grosses\Archive\2020\8-21 Grosses.xlsx","8.50","6.50","4.00","Imported from legacy weekly grosses workbook"
"2020-08-23","Unhinged","2:30 PM","0","3","0","0","3","19.50","legacy_excel_import","legacy_excel","I:\My Drive\Grosses\Archive\2020\8-21 Grosses.xlsx","8.50","6.50","4.00","Imported from legacy weekly grosses workbook"
"2020-08-28","Unhinged","7:30 PM","14","0","3","0","17","131.00","legacy_excel_import","legacy_excel","I:\My Drive\Grosses\Archive\2020\8-28 Grosses.xlsx","8.50","6.50","4.00","Imported from legacy weekly grosses workbook"
"2020-08-29","Unhinged","7:30 PM","10","1","0","0","11","91.50","legacy_excel_import","legacy_excel","I:\My Drive\Grosses\Archive\2020\8-28 Grosses.xlsx","8.50","6.50","4.00","Imported from legacy weekly grosses workbook"
"2020-08-30","Unhinged","2:30 PM","0","6","0","0","6","39.00","legacy_excel_import","legacy_excel","I:\My Drive\Grosses\Archive\2020\8-28 Grosses.xlsx","8.50","6.50","4.00","Imported from legacy weekly grosses workbook"
"2020-09-04","Tenet","7:30 PM","4","3","1","0","8","57.50","legacy_excel_import","legacy_excel","I:\My Drive\Grosses\Archive\2020\9-4 TENET Grosses.xlsx","8.50","6.50","4.00","Imported from legacy weekly grosses workbook"
"2020-09-05","Tenet","7:30 PM","7","3","4","0","14","95.00","legacy_excel_import","legacy_excel","I:\My Drive\Grosses\Archive\2020\9-4 TENET Grosses.xlsx","8.50","6.50","4.00","Imported from legacy weekly grosses workbook"
"2020-09-06","Tenet","2:30 PM","0","1","0","0","1","6.50","legacy_excel_import","legacy_excel","I:\My Drive\Grosses\Archive\2020\9-4 TENET Grosses.xlsx","8.50","6.50","4.00","Imported from legacy weekly grosses workbook"
"2020-09-11","Tenet","7:30 PM","9","3","3","0","15","108.00","legacy_excel_import","legacy_excel","I:\My Drive\Grosses\Archive\2020\9-11 TENET Grosses.xlsx","8.50","6.50","4.00","Imported from legacy weekly grosses workbook"
"2020-09-12","Tenet","7:30 PM","9","2","4","0","15","105.50","legacy_excel_import","legacy_excel","I:\My Drive\Grosses\Archive\2020\9-11 TENET Grosses.xlsx","8.50","6.50","4.00","Imported from legacy weekly grosses workbook"
"2020-09-13","Tenet","2:30 PM","0","3","3","0","6","31.50","legacy_excel_import","legacy_excel","I:\My Drive\Grosses\Archive\2020\9-11 TENET Grosses.xlsx","8.50","6.50","4.00","Imported from legacy weekly grosses workbook"
"2020-09-18","Tenet","7:30 PM","16","3","1","0","20","159.50","legacy_excel_import","legacy_excel","I:\My Drive\Grosses\Archive\2020\9-18 TENET Grosses.xlsx","8.50","6.50","4.00","Imported from legacy weekly grosses workbook"
"2020-09-19","Tenet","7:30 PM","18","4","4","0","26","195.00","legacy_excel_import","legacy_excel","I:\My Drive\Grosses\Archive\2020\9-18 TENET Grosses.xlsx","8.50","6.50","4.00","Imported from legacy weekly grosses workbook"
"2020-09-20","Tenet","2:30 PM","0","4","1","0","5","30.00","legacy_excel_import","legacy_excel","I:\My Drive\Grosses\Archive\2020\9-18 TENET Grosses.xlsx","8.50","6.50","4.00","Imported from legacy weekly grosses workbook"
"2020-09-25","New Mutants","7:30 PM","9","4","1","0","14","106.50","legacy_excel_import","legacy_excel","I:\My Drive\Grosses\Archive\2020\9-25 NEW MUTANTS Grosses.xlsx","8.50","6.50","4.00","Imported from legacy weekly grosses workbook"
"2020-09-26","New Mutants","7:30 PM","17","6","0","0","23","183.50","legacy_excel_import","legacy_excel","I:\My Drive\Grosses\Archive\2020\9-25 NEW MUTANTS Grosses.xlsx","8.50","6.50","4.00","Imported from legacy weekly grosses workbook"
"2020-09-27","New Mutants","2:30 PM","0","1","2","0","3","14.50","legacy_excel_import","legacy_excel","I:\My Drive\Grosses\Archive\2020\9-25 NEW MUTANTS Grosses.xlsx","8.50","6.50","4.00","Imported from legacy weekly grosses workbook"
"2020-10-02","Infidel","7:30 PM","5","0","3","0","8","54.50","legacy_excel_import","legacy_excel","I:\My Drive\Grosses\Archive\2020\10-2 INFIDEL Grosses.xlsx","8.50","6.50","4.00","Imported from legacy weekly grosses workbook"
"2020-10-03","Infidel","7:30 PM","10","4","2","0","16","119.00","legacy_excel_import","legacy_excel","I:\My Drive\Grosses\Archive\2020\10-2 INFIDEL Grosses.xlsx","8.50","6.50","4.00","Imported from legacy weekly grosses workbook"
"2020-10-09","10-9 HEAVEN","7:30 PM","5","5","1","0","11","79.00","legacy_excel_import","legacy_excel","I:\My Drive\Grosses\Archive\2020\10-9 HEAVEN Grosses.xlsx","8.50","6.50","4.00","Imported from legacy weekly grosses workbook"
"2020-10-10","10-9 HEAVEN","7:30 PM","7","0","2","0","9","67.50","legacy_excel_import","legacy_excel","I:\My Drive\Grosses\Archive\2020\10-9 HEAVEN Grosses.xlsx","8.50","6.50","4.00","Imported from legacy weekly grosses workbook"
"2020-10-11","10-9 HEAVEN","2:30 PM","0","5","0","0","5","32.50","legacy_excel_import","legacy_excel","I:\My Drive\Grosses\Archive\2020\10-9 HEAVEN Grosses.xlsx","8.50","6.50","4.00","Imported from legacy weekly grosses workbook"
"2020-10-16","Heaven","7:30 PM","3","3","0","0","6","45.00","legacy_excel_import","legacy_excel","I:\My Drive\Grosses\Archive\2020\10-16 HEAVEN Grosses.xlsx","8.50","6.50","4.00","Imported from legacy weekly grosses workbook"
"2020-10-17","Heaven","7:30 PM","4","1","0","0","5","40.50","legacy_excel_import","legacy_excel","I:\My Drive\Grosses\Archive\2020\10-16 HEAVEN Grosses.xlsx","8.50","6.50","4.00","Imported from legacy weekly grosses workbook"
"2020-10-18","Heaven","2:30 PM","0","1","5","0","6","26.50","legacy_excel_import","legacy_excel","I:\My Drive\Grosses\Archive\2020\10-16 HEAVEN Grosses.xlsx","8.50","6.50","4.00","Imported from legacy weekly grosses workbook"
"2020-10-23","Hocus Pocus","7:30 PM","2","0","0","0","2","17.00","legacy_excel_import","legacy_excel","I:\My Drive\Grosses\Archive\2020\10-23 HOCUS POCUS Grosses.xlsx","8.50","6.50","4.00","Imported from legacy weekly grosses workbook"
"2020-10-24","Hocus Pocus","7:30 PM","1","0","1","0","2","12.50","legacy_excel_import","legacy_excel","I:\My Drive\Grosses\Archive\2020\10-23 HOCUS POCUS Grosses.xlsx","8.50","6.50","4.00","Imported from legacy weekly grosses workbook"
"2020-10-31","The War With Grandpa","7:30 PM","18","6","4","0","28","208.00","legacy_excel_import","legacy_excel","I:\My Drive\Grosses\Archive\2020\10-31 The War With Gpa.xlsx","8.50","6.50","4.00","Imported from legacy weekly grosses workbook"
"2020-11-01","The War With Grandpa","7:30 PM","14","3","5","0","22","158.50","legacy_excel_import","legacy_excel","I:\My Drive\Grosses\Archive\2020\10-31 The War With Gpa.xlsx","8.50","6.50","4.00","Imported from legacy weekly grosses workbook"
"2020-11-02","The War With Grandpa","2:30 PM","3","4","0","0","7","51.50","legacy_excel_import","legacy_excel","I:\My Drive\Grosses\Archive\2020\10-31 The War With Gpa.xlsx","8.50","6.50","4.00","Imported from legacy weekly grosses workbook"
"2020-11-06","War w/ Grandpa","7:30 PM","20","14","0","0","34","261.00","legacy_excel_import","legacy_excel","I:\My Drive\Grosses\Archive\2020\11-6 WAR W GPA.xlsx","8.50","6.50","4.00","Imported from legacy weekly grosses workbook"
"2020-11-07","War w/ Grandpa","7:30 PM","2","6","0","0","8","56.00","legacy_excel_import","legacy_excel","I:\My Drive\Grosses\Archive\2020\11-6 WAR W GPA.xlsx","8.50","6.50","4.00","Imported from legacy weekly grosses workbook"
"2020-11-08","War w/ Grandpa","2:30 PM","0","2","0","0","2","13.00","legacy_excel_import","legacy_excel","I:\My Drive\Grosses\Archive\2020\11-6 WAR W GPA.xlsx","8.50","6.50","4.00","Imported from legacy weekly grosses workbook"
"2020-11-13","Honest Thief","7:30 PM","2","0","4","0","6","33.00","legacy_excel_import","legacy_excel","I:\My Drive\Grosses\Archive\2020\11-13 Honest Thief Gross.xlsx","8.50","6.50","4.00","Imported from legacy weekly grosses workbook"
"2020-11-14","Honest Thief","7:30 PM","12","2","6","0","20","139.00","legacy_excel_import","legacy_excel","I:\My Drive\Grosses\Archive\2020\11-13 Honest Thief Gross.xlsx","8.50","6.50","4.00","Imported from legacy weekly grosses workbook"
"2020-11-15","Honest Thief","2:30 PM","8","2","4","0","14","97.00","legacy_excel_import","legacy_excel","I:\My Drive\Grosses\Archive\2020\11-13 Honest Thief Gross.xlsx","8.50","6.50","4.00","Imported from legacy weekly grosses workbook"
"2021-02-26","Croods: A New Age","7:30 PM","31","29","1","0","61","456.00","legacy_excel_import","legacy_excel","I:\My Drive\Grosses\Archive\2021\2-26 Croods New Age Grosses.xlsx","8.50","6.50","4.00","Imported from legacy weekly grosses workbook"
"2021-02-27","Croods: A New Age","7:30 PM","15","14","4","0","33","234.50","legacy_excel_import","legacy_excel","I:\My Drive\Grosses\Archive\2021\2-26 Croods New Age Grosses.xlsx","8.50","6.50","4.00","Imported from legacy weekly grosses workbook"
"2021-02-28","Croods: A New Age","2:30 PM","0","18","0","0","18","117.00","legacy_excel_import","legacy_excel","I:\My Drive\Grosses\Archive\2021\2-26 Croods New Age Grosses.xlsx","8.50","6.50","4.00","Imported from legacy weekly grosses workbook"
"2021-03-05","Raya & the last dragon","7:30 PM","19","14","6","0","39","276.50","legacy_excel_import","legacy_excel","I:\My Drive\Grosses\Archive\2021\3-5 Raya Grosses.xlsx","8.50","6.50","4.00","Imported from legacy weekly grosses workbook"
"2021-03-06","Raya & the last dragon","7:30 PM","22","17","0","0","39","297.50","legacy_excel_import","legacy_excel","I:\My Drive\Grosses\Archive\2021\3-5 Raya Grosses.xlsx","8.50","6.50","4.00","Imported from legacy weekly grosses workbook"
"2021-03-07","Raya & the last dragon","2:30 PM","0","71","1","0","72","465.50","legacy_excel_import","legacy_excel","I:\My Drive\Grosses\Archive\2021\3-5 Raya Grosses.xlsx","8.50","6.50","4.00","Imported from legacy weekly grosses workbook"
"2021-03-12","Raya","7:30 PM","18","14","3","0","35","256.00","legacy_excel_import","legacy_excel","I:\My Drive\Grosses\Archive\2021\3-12 Raya Grosses.xlsx","8.50","6.50","4.00","Imported from legacy weekly grosses workbook"
"2021-03-13","Raya","7:30 PM","13","15","0","0","28","208.00","legacy_excel_import","legacy_excel","I:\My Drive\Grosses\Archive\2021\3-12 Raya Grosses.xlsx","8.50","6.50","4.00","Imported from legacy weekly grosses workbook"
"2021-03-14","Raya","2:30 PM","0","22","3","0","25","155.00","legacy_excel_import","legacy_excel","I:\My Drive\Grosses\Archive\2021\3-12 Raya Grosses.xlsx","8.50","6.50","4.00","Imported from legacy weekly grosses workbook"
"2021-03-19","Tom and Jerry","7:30 PM","14","3","3","0","20","150.50","legacy_excel_import","legacy_excel","I:\My Drive\Grosses\Archive\2021\3-19 Tom and Jerry.xlsx","8.50","6.50","4.00","Imported from legacy weekly grosses workbook"
"2021-03-20","Tom and Jerry","7:30 PM","18","8","3","0","29","217.00","legacy_excel_import","legacy_excel","I:\My Drive\Grosses\Archive\2021\3-19 Tom and Jerry.xlsx","8.50","6.50","4.00","Imported from legacy weekly grosses workbook"
"2021-03-21","Tom and Jerry","2:30 PM","0","33","0","0","33","214.50","legacy_excel_import","legacy_excel","I:\My Drive\Grosses\Archive\2021\3-19 Tom and Jerry.xlsx","8.50","6.50","4.00","Imported from legacy weekly grosses workbook"
"2021-03-22","Tom and Jerry","7:30 PM","0","0","2","0","2","8.00","legacy_excel_import","legacy_excel","I:\My Drive\Grosses\Archive\2021\3-19 Tom and Jerry.xlsx","8.50","6.50","4.00","Imported from legacy weekly grosses workbook"
"2021-03-23","Tom and Jerry","7:30 PM","1","0","3","0","4","20.50","legacy_excel_import","legacy_excel","I:\My Drive\Grosses\Archive\2021\3-19 Tom and Jerry.xlsx","8.50","6.50","4.00","Imported from legacy weekly grosses workbook"
"2021-03-24","Tom and Jerry","7:30 PM","5","0","0","0","5","42.50","legacy_excel_import","legacy_excel","I:\My Drive\Grosses\Archive\2021\3-19 Tom and Jerry.xlsx","8.50","6.50","4.00","Imported from legacy weekly grosses workbook"
"2021-03-26","Chaos Walking","7:30 PM","9","3","0","0","12","96.00","legacy_excel_import","legacy_excel","I:\My Drive\Grosses\Archive\2021\3-26 Chaos Walking Grosses.xlsx","8.50","6.50","4.00","Imported from legacy weekly grosses workbook"
"2021-03-27","Chaos Walking","7:30 PM","5","3","1","0","9","66.00","legacy_excel_import","legacy_excel","I:\My Drive\Grosses\Archive\2021\3-26 Chaos Walking Grosses.xlsx","8.50","6.50","4.00","Imported from legacy weekly grosses workbook"
"2021-03-28","Chaos Walking","2:30 PM","0","9","3","0","12","70.50","legacy_excel_import","legacy_excel","I:\My Drive\Grosses\Archive\2021\3-26 Chaos Walking Grosses.xlsx","8.50","6.50","4.00","Imported from legacy weekly grosses workbook"
"2021-03-29","Chaos Walking","7:30 PM","0","0","4","0","4","16.00","legacy_excel_import","legacy_excel","I:\My Drive\Grosses\Archive\2021\3-26 Chaos Walking Grosses.xlsx","8.50","6.50","4.00","Imported from legacy weekly grosses workbook"
"2021-03-30","Chaos Walking","7:30 PM","6","0","0","0","6","51.00","legacy_excel_import","legacy_excel","I:\My Drive\Grosses\Archive\2021\3-26 Chaos Walking Grosses.xlsx","8.50","6.50","4.00","Imported from legacy weekly grosses workbook"
"2021-03-31","Chaos Walking","7:30 PM","3","0","0","0","3","25.50","legacy_excel_import","legacy_excel","I:\My Drive\Grosses\Archive\2021\3-26 Chaos Walking Grosses.xlsx","8.50","6.50","4.00","Imported from legacy weekly grosses workbook"
"2021-04-02","Godzilla vs Kong","7:30 PM","22","1","0","0","23","193.50","legacy_excel_import","legacy_excel","I:\My Drive\Grosses\Archive\2021\4-2 Godzilla vs Kong.xlsx","8.50","6.50","4.00","Imported from legacy weekly grosses workbook"
"2021-04-03","Godzilla vs Kong","7:30 PM","35","21","6","0","62","458.00","legacy_excel_import","legacy_excel","I:\My Drive\Grosses\Archive\2021\4-2 Godzilla vs Kong.xlsx","8.50","6.50","4.00","Imported from legacy weekly grosses workbook"
"2021-04-04","Godzilla vs Kong","2:30 PM","0","12","0","0","12","78.00","legacy_excel_import","legacy_excel","I:\My Drive\Grosses\Archive\2021\4-2 Godzilla vs Kong.xlsx","8.50","6.50","4.00","Imported from legacy weekly grosses workbook"
"2021-04-05","Godzilla vs Kong","7:30 PM","13","3","2","0","18","138.00","legacy_excel_import","legacy_excel","I:\My Drive\Grosses\Archive\2021\4-2 Godzilla vs Kong.xlsx","8.50","6.50","4.00","Imported from legacy weekly grosses workbook"
"2021-04-06","Godzilla vs Kong","7:30 PM","12","6","0","0","18","141.00","legacy_excel_import","legacy_excel","I:\My Drive\Grosses\Archive\2021\4-2 Godzilla vs Kong.xlsx","8.50","6.50","4.00","Imported from legacy weekly grosses workbook"
"2021-04-07","Godzilla vs Kong","7:30 PM","14","3","0","0","17","138.50","legacy_excel_import","legacy_excel","I:\My Drive\Grosses\Archive\2021\4-2 Godzilla vs Kong.xlsx","8.50","6.50","4.00","Imported from legacy weekly grosses workbook"
"2021-04-09","Godzilla vs Kong","7:30 PM","20","19","0","0","39","293.50","legacy_excel_import","legacy_excel","I:\My Drive\Grosses\Archive\2021\4-9 Godzilla vs Kong.xlsx","8.50","6.50","4.00","Imported from legacy weekly grosses workbook"
"2021-04-10","Godzilla vs Kong","7:30 PM","23","8","1","0","32","251.50","legacy_excel_import","legacy_excel","I:\My Drive\Grosses\Archive\2021\4-9 Godzilla vs Kong.xlsx","8.50","6.50","4.00","Imported from legacy weekly grosses workbook"
"2021-04-11","Godzilla vs Kong","2:30 PM","0","8","0","0","8","52.00","legacy_excel_import","legacy_excel","I:\My Drive\Grosses\Archive\2021\4-9 Godzilla vs Kong.xlsx","8.50","6.50","4.00","Imported from legacy weekly grosses workbook"
"2021-04-12","Godzilla vs Kong","7:30 PM","4","1","0","0","5","40.50","legacy_excel_import","legacy_excel","I:\My Drive\Grosses\Archive\2021\4-9 Godzilla vs Kong.xlsx","8.50","6.50","4.00","Imported from legacy weekly grosses workbook"
"2021-04-13","Godzilla vs Kong","7:30 PM","1","1","3","0","5","27.00","legacy_excel_import","legacy_excel","I:\My Drive\Grosses\Archive\2021\4-9 Godzilla vs Kong.xlsx","8.50","6.50","4.00","Imported from legacy weekly grosses workbook"
"2021-04-14","Godzilla vs Kong","7:30 PM","5","4","0","0","9","68.50","legacy_excel_import","legacy_excel","I:\My Drive\Grosses\Archive\2021\4-9 Godzilla vs Kong.xlsx","8.50","6.50","4.00","Imported from legacy weekly grosses workbook"
"2021-04-16","The Courier","7:30 PM","2","0","3","0","5","29.00","legacy_excel_import","legacy_excel","I:\My Drive\Grosses\Archive\2021\4-16 The Courier.xlsx","8.50","6.50","4.00","Imported from legacy weekly grosses workbook"
"2021-04-17","The Courier","7:30 PM","2","0","3","0","5","29.00","legacy_excel_import","legacy_excel","I:\My Drive\Grosses\Archive\2021\4-16 The Courier.xlsx","8.50","6.50","4.00","Imported from legacy weekly grosses workbook"
"2021-04-19","The Courier","7:30 PM","4","1","2","0","7","48.50","legacy_excel_import","legacy_excel","I:\My Drive\Grosses\Archive\2021\4-16 The Courier.xlsx","8.50","6.50","4.00","Imported from legacy weekly grosses workbook"
"2021-04-20","The Courier","7:30 PM","3","1","0","0","4","32.00","legacy_excel_import","legacy_excel","I:\My Drive\Grosses\Archive\2021\4-16 The Courier.xlsx","8.50","6.50","4.00","Imported from legacy weekly grosses workbook"
"2021-04-21","The Courier","7:30 PM","2","4","0","0","6","43.00","legacy_excel_import","legacy_excel","I:\My Drive\Grosses\Archive\2021\4-16 The Courier.xlsx","8.50","6.50","4.00","Imported from legacy weekly grosses workbook"
"2021-04-23","Nobody","7:30 PM","7","3","0","0","10","79.00","legacy_excel_import","legacy_excel","I:\My Drive\Grosses\Archive\2021\4-23 Nobody.xlsx","8.50","6.50","4.00","Imported from legacy weekly grosses workbook"
"2021-04-24","Nobody","7:30 PM","4","2","2","0","8","55.00","legacy_excel_import","legacy_excel","I:\My Drive\Grosses\Archive\2021\4-23 Nobody.xlsx","8.50","6.50","4.00","Imported from legacy weekly grosses workbook"
"2021-04-25","Nobody","2:30 PM","0","4","2","0","6","34.00","legacy_excel_import","legacy_excel","I:\My Drive\Grosses\Archive\2021\4-23 Nobody.xlsx","8.50","6.50","4.00","Imported from legacy weekly grosses workbook"
"2021-04-26","Nobody","7:30 PM","3","2","1","0","6","42.50","legacy_excel_import","legacy_excel","I:\My Drive\Grosses\Archive\2021\4-23 Nobody.xlsx","8.50","6.50","4.00","Imported from legacy weekly grosses workbook"
"2021-04-27","Nobody","7:30 PM","0","0","2","0","2","8.00","legacy_excel_import","legacy_excel","I:\My Drive\Grosses\Archive\2021\4-23 Nobody.xlsx","8.50","6.50","4.00","Imported from legacy weekly grosses workbook"
"2021-04-28","Nobody","7:30 PM","0","1","1","0","2","10.50","legacy_excel_import","legacy_excel","I:\My Drive\Grosses\Archive\2021\4-23 Nobody.xlsx","8.50","6.50","4.00","Imported from legacy weekly grosses workbook"
"2021-04-30","The Girl Who Believed in Miracles","7:30 PM","3","1","0","0","4","32.00","legacy_excel_import","legacy_excel","I:\My Drive\Grosses\Archive\2021\04-30 Girl Miracles.xlsx","8.50","6.50","4.00","Imported from legacy weekly grosses workbook"
"2021-05-01","The Girl Who Believed in Miracles","7:30 PM","6","10","4","0","20","132.00","legacy_excel_import","legacy_excel","I:\My Drive\Grosses\Archive\2021\04-30 Girl Miracles.xlsx","8.50","6.50","4.00","Imported from legacy weekly grosses workbook"
"2021-05-02","The Girl Who Believed in Miracles","2:30 PM","0","3","0","0","3","19.50","legacy_excel_import","legacy_excel","I:\My Drive\Grosses\Archive\2021\04-30 Girl Miracles.xlsx","8.50","6.50","4.00","Imported from legacy weekly grosses workbook"
"2021-05-03","The Girl Who Believed in Miracles","7:30 PM","2","2","3","0","7","42.00","legacy_excel_import","legacy_excel","I:\My Drive\Grosses\Archive\2021\04-30 Girl Miracles.xlsx","8.50","6.50","4.00","Imported from legacy weekly grosses workbook"
"2021-05-04","The Girl Who Believed in Miracles","7:30 PM","4","1","0","0","5","40.50","legacy_excel_import","legacy_excel","I:\My Drive\Grosses\Archive\2021\04-30 Girl Miracles.xlsx","8.50","6.50","4.00","Imported from legacy weekly grosses workbook"
"2021-05-05","The Girl Who Believed in Miracles","7:30 PM","6","5","0","0","11","83.50","legacy_excel_import","legacy_excel","I:\My Drive\Grosses\Archive\2021\04-30 Girl Miracles.xlsx","8.50","6.50","4.00","Imported from legacy weekly grosses workbook"
"2021-05-08","Voyagers","7:30 PM","2","0","0","0","2","17.00","legacy_excel_import","legacy_excel","I:\My Drive\Grosses\Archive\2021\5-8 Voyagers Grosses.xlsx","8.50","6.50","4.00","Imported from legacy weekly grosses workbook"
"2021-05-09","Voyagers","7:30 PM","4","1","2","0","7","48.50","legacy_excel_import","legacy_excel","I:\My Drive\Grosses\Archive\2021\5-8 Voyagers Grosses.xlsx","8.50","6.50","4.00","Imported from legacy weekly grosses workbook"
"2021-05-10","Voyagers","2:30 PM","0","6","4","0","10","55.00","legacy_excel_import","legacy_excel","I:\My Drive\Grosses\Archive\2021\5-8 Voyagers Grosses.xlsx","8.50","6.50","4.00","Imported from legacy weekly grosses workbook"
"2021-05-11","Voyagers","7:30 PM","2","2","0","0","4","30.00","legacy_excel_import","legacy_excel","I:\My Drive\Grosses\Archive\2021\5-8 Voyagers Grosses.xlsx","8.50","6.50","4.00","Imported from legacy weekly grosses workbook"
"2021-05-12","Voyagers","7:30 PM","1","0","5","0","6","28.50","legacy_excel_import","legacy_excel","I:\My Drive\Grosses\Archive\2021\5-8 Voyagers Grosses.xlsx","8.50","6.50","4.00","Imported from legacy weekly grosses workbook"
"2021-05-14","Mortal Combat","7:30 PM","3","2","1","0","6","42.50","legacy_excel_import","legacy_excel","I:\My Drive\Grosses\Archive\2021\5-14 Mortal Combat.xlsx","8.50","6.50","4.00","Imported from legacy weekly grosses workbook"
"2021-05-15","Mortal Combat","7:30 PM","5","2","0","0","7","55.50","legacy_excel_import","legacy_excel","I:\My Drive\Grosses\Archive\2021\5-14 Mortal Combat.xlsx","8.50","6.50","4.00","Imported from legacy weekly grosses workbook"
"2021-05-16","Mortal Combat","2:30 PM","0","5","0","0","5","32.50","legacy_excel_import","legacy_excel","I:\My Drive\Grosses\Archive\2021\5-14 Mortal Combat.xlsx","8.50","6.50","4.00","Imported from legacy weekly grosses workbook"
"2021-05-17","Mortal Combat","7:30 PM","3","4","2","0","9","59.50","legacy_excel_import","legacy_excel","I:\My Drive\Grosses\Archive\2021\5-14 Mortal Combat.xlsx","8.50","6.50","4.00","Imported from legacy weekly grosses workbook"
"2021-05-18","Mortal Combat","7:30 PM","5","0","1","0","6","46.50","legacy_excel_import","legacy_excel","I:\My Drive\Grosses\Archive\2021\5-14 Mortal Combat.xlsx","8.50","6.50","4.00","Imported from legacy weekly grosses workbook"
"2021-05-19","Mortal Combat","7:30 PM","2","0","2","0","4","25.00","legacy_excel_import","legacy_excel","I:\My Drive\Grosses\Archive\2021\5-14 Mortal Combat.xlsx","8.50","6.50","4.00","Imported from legacy weekly grosses workbook"
"2021-05-21","Wrath of Man","7:30 PM","8","1","0","0","9","74.50","legacy_excel_import","legacy_excel","I:\My Drive\Grosses\Archive\2021\5-21 Wrath of Man.xlsx","8.50","6.50","4.00","Imported from legacy weekly grosses workbook"
"2021-05-22","Wrath of Man","7:30 PM","6","2","6","0","14","88.00","legacy_excel_import","legacy_excel","I:\My Drive\Grosses\Archive\2021\5-21 Wrath of Man.xlsx","8.50","6.50","4.00","Imported from legacy weekly grosses workbook"
"2021-05-23","Wrath of Man","2:30 PM","0","4","2","0","6","34.00","legacy_excel_import","legacy_excel","I:\My Drive\Grosses\Archive\2021\5-21 Wrath of Man.xlsx","8.50","6.50","4.00","Imported from legacy weekly grosses workbook"
"2021-05-24","Wrath of Man","7:30 PM","1","1","4","0","6","31.00","legacy_excel_import","legacy_excel","I:\My Drive\Grosses\Archive\2021\5-21 Wrath of Man.xlsx","8.50","6.50","4.00","Imported from legacy weekly grosses workbook"
"2021-05-25","Wrath of Man","7:30 PM","0","1","3","0","4","18.50","legacy_excel_import","legacy_excel","I:\My Drive\Grosses\Archive\2021\5-21 Wrath of Man.xlsx","8.50","6.50","4.00","Imported from legacy weekly grosses workbook"
"2021-05-26","Wrath of Man","7:30 PM","2","2","2","0","6","38.00","legacy_excel_import","legacy_excel","I:\My Drive\Grosses\Archive\2021\5-21 Wrath of Man.xlsx","8.50","6.50","4.00","Imported from legacy weekly grosses workbook"
"2021-05-28","Cruella","7:30 PM","20","10","0","0","30","235.00","legacy_excel_import","legacy_excel","I:\My Drive\Grosses\Archive\2021\5-28 Cruella Grosses - Copy.xlsx","8.50","6.50","4.00","Imported from legacy weekly grosses workbook"
"2021-05-29","Cruella","7:30 PM","39","8","0","0","47","383.50","legacy_excel_import","legacy_excel","I:\My Drive\Grosses\Archive\2021\5-28 Cruella Grosses - Copy.xlsx","8.50","6.50","4.00","Imported from legacy weekly grosses workbook"
"2021-05-30","Cruella","2:30 PM","0","7","0","0","7","45.50","legacy_excel_import","legacy_excel","I:\My Drive\Grosses\Archive\2021\5-28 Cruella Grosses - Copy.xlsx","8.50","6.50","4.00","Imported from legacy weekly grosses workbook"
"2021-05-31","Cruella","7:30 PM","8","4","3","0","15","106.00","legacy_excel_import","legacy_excel","I:\My Drive\Grosses\Archive\2021\5-28 Cruella Grosses - Copy.xlsx","8.50","6.50","4.00","Imported from legacy weekly grosses workbook"
"2021-06-01","Cruella","7:30 PM","3","3","0","0","6","45.00","legacy_excel_import","legacy_excel","I:\My Drive\Grosses\Archive\2021\5-28 Cruella Grosses - Copy.xlsx","8.50","6.50","4.00","Imported from legacy weekly grosses workbook"
"2021-06-02","Cruella","7:30 PM","4","4","0","0","8","60.00","legacy_excel_import","legacy_excel","I:\My Drive\Grosses\Archive\2021\5-28 Cruella Grosses - Copy.xlsx","8.50","6.50","4.00","Imported from legacy weekly grosses workbook"
"2021-06-04","Cruella","7:30 PM","10","15","2","0","27","190.50","legacy_excel_import","legacy_excel","I:\My Drive\Grosses\Archive\2021\6-4 Cruella Grosses - Copy.xlsx","8.50","6.50","4.00","Imported from legacy weekly grosses workbook"
"2021-06-05","Cruella","7:30 PM","22","4","0","0","26","213.00","legacy_excel_import","legacy_excel","I:\My Drive\Grosses\Archive\2021\6-4 Cruella Grosses - Copy.xlsx","8.50","6.50","4.00","Imported from legacy weekly grosses workbook"
"2021-06-06","Cruella","2:30 PM","0","18","2","0","20","125.00","legacy_excel_import","legacy_excel","I:\My Drive\Grosses\Archive\2021\6-4 Cruella Grosses - Copy.xlsx","8.50","6.50","4.00","Imported from legacy weekly grosses workbook"
"2021-06-07","Cruella","7:30 PM","6","9","1","0","16","113.50","legacy_excel_import","legacy_excel","I:\My Drive\Grosses\Archive\2021\6-4 Cruella Grosses - Copy.xlsx","8.50","6.50","4.00","Imported from legacy weekly grosses workbook"
"2021-06-08","Cruella","7:30 PM","29","6","4","0","39","301.50","legacy_excel_import","legacy_excel","I:\My Drive\Grosses\Archive\2021\6-4 Cruella Grosses - Copy.xlsx","8.50","6.50","4.00","Imported from legacy weekly grosses workbook"
"2021-06-09","Cruella","7:30 PM","7","3","1","0","11","83.00","legacy_excel_import","legacy_excel","I:\My Drive\Grosses\Archive\2021\6-4 Cruella Grosses - Copy.xlsx","8.50","6.50","4.00","Imported from legacy weekly grosses workbook"
"2021-06-11","A Quiet Place 2","7:30 PM","8","2","1","0","11","85.00","legacy_excel_import","legacy_excel","I:\My Drive\Grosses\Archive\2021\6-11 Quiet Place 2 Grosses.xlsx","8.50","6.50","4.00","Imported from legacy weekly grosses workbook"
"2021-06-12","A Quiet Place 2","7:30 PM","27","2","8","0","37","274.50","legacy_excel_import","legacy_excel","I:\My Drive\Grosses\Archive\2021\6-11 Quiet Place 2 Grosses.xlsx","8.50","6.50","4.00","Imported from legacy weekly grosses workbook"
"2021-06-13","A Quiet Place 2","2:30 PM","2","5","0","0","7","49.50","legacy_excel_import","legacy_excel","I:\My Drive\Grosses\Archive\2021\6-11 Quiet Place 2 Grosses.xlsx","8.50","6.50","4.00","Imported from legacy weekly grosses workbook"
"2021-06-14","A Quiet Place 2","7:30 PM","17","1","3","0","21","163.00","legacy_excel_import","legacy_excel","I:\My Drive\Grosses\Archive\2021\6-11 Quiet Place 2 Grosses.xlsx","8.50","6.50","4.00","Imported from legacy weekly grosses workbook"
"2021-06-15","A Quiet Place 2","7:30 PM","5","2","3","0","10","67.50","legacy_excel_import","legacy_excel","I:\My Drive\Grosses\Archive\2021\6-11 Quiet Place 2 Grosses.xlsx","8.50","6.50","4.00","Imported from legacy weekly grosses workbook"
"2021-06-16","A Quiet Place 2","7:30 PM","33","4","0","0","37","306.50","legacy_excel_import","legacy_excel","I:\My Drive\Grosses\Archive\2021\6-11 Quiet Place 2 Grosses.xlsx","8.50","6.50","4.00","Imported from legacy weekly grosses workbook"
"2021-06-18","Spirit Untamed","7:30 PM","9","10","2","0","21","149.50","legacy_excel_import","legacy_excel","I:\My Drive\Grosses\Archive\2021\6-18 Spirit Grosses.xlsx","8.50","6.50","4.00","Imported from legacy weekly grosses workbook"
"2021-06-19","Spirit Untamed","7:30 PM","7","7","1","0","15","109.00","legacy_excel_import","legacy_excel","I:\My Drive\Grosses\Archive\2021\6-18 Spirit Grosses.xlsx","8.50","6.50","4.00","Imported from legacy weekly grosses workbook"
"2021-06-20","Spirit Untamed","2:30 PM","0","8","3","0","11","64.00","legacy_excel_import","legacy_excel","I:\My Drive\Grosses\Archive\2021\6-18 Spirit Grosses.xlsx","8.50","6.50","4.00","Imported from legacy weekly grosses workbook"
"2021-06-21","Spirit Untamed","7:30 PM","0","2","3","0","5","25.00","legacy_excel_import","legacy_excel","I:\My Drive\Grosses\Archive\2021\6-18 Spirit Grosses.xlsx","8.50","6.50","4.00","Imported from legacy weekly grosses workbook"
"2021-06-22","Spirit Untamed","7:30 PM","8","8","2","0","18","128.00","legacy_excel_import","legacy_excel","I:\My Drive\Grosses\Archive\2021\6-18 Spirit Grosses.xlsx","8.50","6.50","4.00","Imported from legacy weekly grosses workbook"
"2021-06-23","Spirit Untamed","7:30 PM","5","8","0","0","13","94.50","legacy_excel_import","legacy_excel","I:\My Drive\Grosses\Archive\2021\6-18 Spirit Grosses.xlsx","8.50","6.50","4.00","Imported from legacy weekly grosses workbook"
"2021-06-25","F9","7:30 PM","16","4","1","0","21","166.00","legacy_excel_import","legacy_excel","I:\My Drive\Grosses\Archive\2021\6-25 F9 Grosses.xlsx","8.50","6.50","4.00","Imported from legacy weekly grosses workbook"
"2021-06-26","F9","7:30 PM","13","6","0","0","19","149.50","legacy_excel_import","legacy_excel","I:\My Drive\Grosses\Archive\2021\6-25 F9 Grosses.xlsx","8.50","6.50","4.00","Imported from legacy weekly grosses workbook"
"2021-06-27","F9","2:30 PM","0","23","4","0","27","165.50","legacy_excel_import","legacy_excel","I:\My Drive\Grosses\Archive\2021\6-25 F9 Grosses.xlsx","8.50","6.50","4.00","Imported from legacy weekly grosses workbook"
"2021-06-28","F9","7:30 PM","9","3","2","0","14","104.00","legacy_excel_import","legacy_excel","I:\My Drive\Grosses\Archive\2021\6-25 F9 Grosses.xlsx","8.50","6.50","4.00","Imported from legacy weekly grosses workbook"
"2021-06-29","F9","7:30 PM","23","1","2","0","26","210.00","legacy_excel_import","legacy_excel","I:\My Drive\Grosses\Archive\2021\6-25 F9 Grosses.xlsx","8.50","6.50","4.00","Imported from legacy weekly grosses workbook"
"2021-06-30","F9","7:30 PM","9","3","4","0","16","112.00","legacy_excel_import","legacy_excel","I:\My Drive\Grosses\Archive\2021\6-25 F9 Grosses.xlsx","8.50","6.50","4.00","Imported from legacy weekly grosses workbook"
"2021-07-02","F9","7:30 PM","29","11","0","0","40","318.00","legacy_excel_import","legacy_excel","I:\My Drive\Grosses\Archive\2021\7-2 F9 Grosses.xlsx","8.50","6.50","4.00","Imported from legacy weekly grosses workbook"
"2021-07-03","F9","7:30 PM","22","11","2","0","35","266.50","legacy_excel_import","legacy_excel","I:\My Drive\Grosses\Archive\2021\7-2 F9 Grosses.xlsx","8.50","6.50","4.00","Imported from legacy weekly grosses workbook"
"2021-07-05","F9","7:30 PM","13","3","2","0","18","138.00","legacy_excel_import","legacy_excel","I:\My Drive\Grosses\Archive\2021\7-2 F9 Grosses.xlsx","8.50","6.50","4.00","Imported from legacy weekly grosses workbook"
"2021-07-06","F9","7:30 PM","19","8","1","0","28","217.50","legacy_excel_import","legacy_excel","I:\My Drive\Grosses\Archive\2021\7-2 F9 Grosses.xlsx","8.50","6.50","4.00","Imported from legacy weekly grosses workbook"
"2021-07-07","F9","7:30 PM","14","0","1","0","15","123.00","legacy_excel_import","legacy_excel","I:\My Drive\Grosses\Archive\2021\7-2 F9 Grosses.xlsx","8.50","6.50","4.00","Imported from legacy weekly grosses workbook"
"2021-07-09","Black Widow","7:30 PM","52","10","4","0","66","523.00","legacy_excel_import","legacy_excel","I:\My Drive\Grosses\Archive\2021\7-9 Black Widow Grosses.xlsx","8.50","6.50","4.00","Imported from legacy weekly grosses workbook"
"2021-07-10","Black Widow","7:30 PM","36","5","10","0","51","378.50","legacy_excel_import","legacy_excel","I:\My Drive\Grosses\Archive\2021\7-9 Black Widow Grosses.xlsx","8.50","6.50","4.00","Imported from legacy weekly grosses workbook"
"2021-07-11","Black Widow","2:30 PM","0","18","6","0","24","141.00","legacy_excel_import","legacy_excel","I:\My Drive\Grosses\Archive\2021\7-9 Black Widow Grosses.xlsx","8.50","6.50","4.00","Imported from legacy weekly grosses workbook"
"2021-07-12","Black Widow","7:30 PM","8","7","6","0","21","137.50","legacy_excel_import","legacy_excel","I:\My Drive\Grosses\Archive\2021\7-9 Black Widow Grosses.xlsx","8.50","6.50","4.00","Imported from legacy weekly grosses workbook"
"2021-07-13","Black Widow","7:30 PM","10","3","2","0","15","112.50","legacy_excel_import","legacy_excel","I:\My Drive\Grosses\Archive\2021\7-9 Black Widow Grosses.xlsx","8.50","6.50","4.00","Imported from legacy weekly grosses workbook"
"2021-07-14","Black Widow","7:30 PM","5","6","1","0","12","85.50","legacy_excel_import","legacy_excel","I:\My Drive\Grosses\Archive\2021\7-9 Black Widow Grosses.xlsx","8.50","6.50","4.00","Imported from legacy weekly grosses workbook"
"2021-07-16","Black Widow","7:30 PM","16","12","1","0","29","218.00","legacy_excel_import","legacy_excel","I:\My Drive\Grosses\Archive\2021\7-16 Black Widow Grosses.xlsx","8.50","6.50","4.00","Imported from legacy weekly grosses workbook"
"2021-07-17","Black Widow","7:30 PM","12","4","0","0","16","128.00","legacy_excel_import","legacy_excel","I:\My Drive\Grosses\Archive\2021\7-16 Black Widow Grosses.xlsx","8.50","6.50","4.00","Imported from legacy weekly grosses workbook"
"2021-07-18","Black Widow","2:30 PM","5","14","14","0","33","189.50","legacy_excel_import","legacy_excel","I:\My Drive\Grosses\Archive\2021\7-16 Black Widow Grosses.xlsx","8.50","6.50","4.00","Imported from legacy weekly grosses workbook"
"2021-07-19","Black Widow","7:30 PM","13","4","3","0","20","148.50","legacy_excel_import","legacy_excel","I:\My Drive\Grosses\Archive\2021\7-16 Black Widow Grosses.xlsx","8.50","6.50","4.00","Imported from legacy weekly grosses workbook"
"2021-07-20","Black Widow","7:30 PM","11","5","1","0","17","130.00","legacy_excel_import","legacy_excel","I:\My Drive\Grosses\Archive\2021\7-16 Black Widow Grosses.xlsx","8.50","6.50","4.00","Imported from legacy weekly grosses workbook"
"2021-07-21","Black Widow","7:30 PM","24","3","0","0","27","223.50","legacy_excel_import","legacy_excel","I:\My Drive\Grosses\Archive\2021\7-16 Black Widow Grosses.xlsx","8.50","6.50","4.00","Imported from legacy weekly grosses workbook"
"2021-07-23","Black Widow","7:30 PM","17","4","0","0","21","170.50","legacy_excel_import","legacy_excel","I:\My Drive\Grosses\Archive\2021\7-23 Black Widow Grosses.xlsx","8.50","6.50","4.00","Imported from legacy weekly grosses workbook"
"2021-07-24","Black Widow","7:30 PM","18","5","6","0","29","209.50","legacy_excel_import","legacy_excel","I:\My Drive\Grosses\Archive\2021\7-23 Black Widow Grosses.xlsx","8.50","6.50","4.00","Imported from legacy weekly grosses workbook"
"2021-07-25","Black Widow","2:30 PM","0","27","1","0","28","179.50","legacy_excel_import","legacy_excel","I:\My Drive\Grosses\Archive\2021\7-23 Black Widow Grosses.xlsx","8.50","6.50","4.00","Imported from legacy weekly grosses workbook"
"2021-07-26","Black Widow","7:30 PM","10","1","0","0","11","91.50","legacy_excel_import","legacy_excel","I:\My Drive\Grosses\Archive\2021\7-23 Black Widow Grosses.xlsx","8.50","6.50","4.00","Imported from legacy weekly grosses workbook"
"2021-07-27","Black Widow","7:30 PM","0","1","4","0","5","22.50","legacy_excel_import","legacy_excel","I:\My Drive\Grosses\Archive\2021\7-23 Black Widow Grosses.xlsx","8.50","6.50","4.00","Imported from legacy weekly grosses workbook"
"2021-07-28","Black Widow","7:30 PM","6","6","0","0","12","90.00","legacy_excel_import","legacy_excel","I:\My Drive\Grosses\Archive\2021\7-23 Black Widow Grosses.xlsx","8.50","6.50","4.00","Imported from legacy weekly grosses workbook"
"2021-07-30","Jungle Cruise","7:30 PM","38","34","3","0","75","556.00","legacy_excel_import","legacy_excel","I:\My Drive\Grosses\Archive\2021\7-30 Jungle Cruise Grosses.xlsx","8.50","6.50","4.00","Imported from legacy weekly grosses workbook"
"2021-07-31","Jungle Cruise","7:30 PM","35","11","2","0","48","377.00","legacy_excel_import","legacy_excel","I:\My Drive\Grosses\Archive\2021\7-30 Jungle Cruise Grosses.xlsx","8.50","6.50","4.00","Imported from legacy weekly grosses workbook"
"2021-08-01","Jungle Cruise","2:30 PM","5","54","6","0","65","417.50","legacy_excel_import","legacy_excel","I:\My Drive\Grosses\Archive\2021\7-30 Jungle Cruise Grosses.xlsx","8.50","6.50","4.00","Imported from legacy weekly grosses workbook"
"2021-08-02","Jungle Cruise","7:30 PM","20","14","1","0","35","265.00","legacy_excel_import","legacy_excel","I:\My Drive\Grosses\Archive\2021\7-30 Jungle Cruise Grosses.xlsx","8.50","6.50","4.00","Imported from legacy weekly grosses workbook"
"2021-08-03","Jungle Cruise","7:30 PM","36","19","1","0","56","433.50","legacy_excel_import","legacy_excel","I:\My Drive\Grosses\Archive\2021\7-30 Jungle Cruise Grosses.xlsx","8.50","6.50","4.00","Imported from legacy weekly grosses workbook"
"2021-08-04","Jungle Cruise","7:30 PM","15","15","6","0","36","249.00","legacy_excel_import","legacy_excel","I:\My Drive\Grosses\Archive\2021\7-30 Jungle Cruise Grosses.xlsx","8.50","6.50","4.00","Imported from legacy weekly grosses workbook"
"2021-08-06","Jungle Cruise","7:30 PM","36","17","0","0","53","416.50","legacy_excel_import","legacy_excel","I:\My Drive\Grosses\Archive\2021\8-6 Jungle Cruise Grosses.xlsx","8.50","6.50","4.00","Imported from legacy weekly grosses workbook"
"2021-08-07","Jungle Cruise","7:30 PM","30","14","0","0","44","346.00","legacy_excel_import","legacy_excel","I:\My Drive\Grosses\Archive\2021\8-6 Jungle Cruise Grosses.xlsx","8.50","6.50","4.00","Imported from legacy weekly grosses workbook"
"2021-08-08","Jungle Cruise","2:30 PM","0","57","5","0","62","390.50","legacy_excel_import","legacy_excel","I:\My Drive\Grosses\Archive\2021\8-6 Jungle Cruise Grosses.xlsx","8.50","6.50","4.00","Imported from legacy weekly grosses workbook"
"2021-08-09","Jungle Cruise","7:30 PM","20","10","0","0","30","235.00","legacy_excel_import","legacy_excel","I:\My Drive\Grosses\Archive\2021\8-6 Jungle Cruise Grosses.xlsx","8.50","6.50","4.00","Imported from legacy weekly grosses workbook"
"2021-08-10","Jungle Cruise","7:30 PM","22","12","4","0","38","281.00","legacy_excel_import","legacy_excel","I:\My Drive\Grosses\Archive\2021\8-6 Jungle Cruise Grosses.xlsx","8.50","6.50","4.00","Imported from legacy weekly grosses workbook"
"2021-08-11","Jungle Cruise","7:30 PM","11","13","3","0","27","190.00","legacy_excel_import","legacy_excel","I:\My Drive\Grosses\Archive\2021\8-6 Jungle Cruise Grosses.xlsx","8.50","6.50","4.00","Imported from legacy weekly grosses workbook"
"2021-08-13","Free Guy","7:30 PM","38","15","3","0","56","432.50","legacy_excel_import","legacy_excel","I:\My Drive\Grosses\Archive\2021\8-13 Free Guy Grosses.xlsx","8.50","6.50","4.00","Imported from legacy weekly grosses workbook"
"2021-08-14","Free Guy","7:30 PM","30","9","6","0","45","337.50","legacy_excel_import","legacy_excel","I:\My Drive\Grosses\Archive\2021\8-13 Free Guy Grosses.xlsx","8.50","6.50","4.00","Imported from legacy weekly grosses workbook"
"2021-08-15","Free Guy","2:30 PM","5","16","0","0","21","146.50","legacy_excel_import","legacy_excel","I:\My Drive\Grosses\Archive\2021\8-13 Free Guy Grosses.xlsx","8.50","6.50","4.00","Imported from legacy weekly grosses workbook"
"2021-08-16","Free Guy","7:30 PM","24","4","2","0","30","238.00","legacy_excel_import","legacy_excel","I:\My Drive\Grosses\Archive\2021\8-13 Free Guy Grosses.xlsx","8.50","6.50","4.00","Imported from legacy weekly grosses workbook"
"2021-08-17","Free Guy","7:30 PM","15","5","8","0","28","192.00","legacy_excel_import","legacy_excel","I:\My Drive\Grosses\Archive\2021\8-13 Free Guy Grosses.xlsx","8.50","6.50","4.00","Imported from legacy weekly grosses workbook"
"2021-08-18","Free Guy","7:30 PM","16","8","0","0","24","188.00","legacy_excel_import","legacy_excel","I:\My Drive\Grosses\Archive\2021\8-13 Free Guy Grosses.xlsx","8.50","6.50","4.00","Imported from legacy weekly grosses workbook"
"2021-08-20","8- 20 Free Guy","7:30 PM","28","17","3","0","48","360.50","legacy_excel_import","legacy_excel","I:\My Drive\Grosses\Archive\2021\8- 20 Free Guy.xlsx","8.50","6.50","4.00","Imported from legacy weekly grosses workbook"
"2021-08-21","8- 20 Free Guy","7:30 PM","26","11","6","0","43","316.50","legacy_excel_import","legacy_excel","I:\My Drive\Grosses\Archive\2021\8- 20 Free Guy.xlsx","8.50","6.50","4.00","Imported from legacy weekly grosses workbook"
"2021-08-22","8- 20 Free Guy","2:30 PM","2","37","3","0","42","269.50","legacy_excel_import","legacy_excel","I:\My Drive\Grosses\Archive\2021\8- 20 Free Guy.xlsx","8.50","6.50","4.00","Imported from legacy weekly grosses workbook"
"2021-08-23","8- 20 Free Guy","7:30 PM","18","9","0","0","27","211.50","legacy_excel_import","legacy_excel","I:\My Drive\Grosses\Archive\2021\8- 20 Free Guy.xlsx","8.50","6.50","4.00","Imported from legacy weekly grosses workbook"
"2021-08-24","8- 20 Free Guy","7:30 PM","14","5","0","0","19","151.50","legacy_excel_import","legacy_excel","I:\My Drive\Grosses\Archive\2021\8- 20 Free Guy.xlsx","8.50","6.50","4.00","Imported from legacy weekly grosses workbook"
"2021-08-25","8- 20 Free Guy","7:30 PM","15","8","0","0","23","179.50","legacy_excel_import","legacy_excel","I:\My Drive\Grosses\Archive\2021\8- 20 Free Guy.xlsx","8.50","6.50","4.00","Imported from legacy weekly grosses workbook"
"2021-08-27","Space Jam: A New Legacy","7:30 PM","8","4","1","0","13","98.00","legacy_excel_import","legacy_excel","I:\My Drive\Grosses\Archive\2021\8-27 Space Jam.xlsx","8.50","6.50","4.00","Imported from legacy weekly grosses workbook"
"2021-08-28","Space Jam: A New Legacy","7:30 PM","3","1","0","0","4","32.00","legacy_excel_import","legacy_excel","I:\My Drive\Grosses\Archive\2021\8-27 Space Jam.xlsx","8.50","6.50","4.00","Imported from legacy weekly grosses workbook"
"2021-08-29","Space Jam: A New Legacy","2:30 PM","0","9","3","0","12","70.50","legacy_excel_import","legacy_excel","I:\My Drive\Grosses\Archive\2021\8-27 Space Jam.xlsx","8.50","6.50","4.00","Imported from legacy weekly grosses workbook"
"2021-08-30","Space Jam: A New Legacy","7:30 PM","3","5","0","0","8","58.00","legacy_excel_import","legacy_excel","I:\My Drive\Grosses\Archive\2021\8-27 Space Jam.xlsx","8.50","6.50","4.00","Imported from legacy weekly grosses workbook"
"2021-08-31","Space Jam: A New Legacy","7:30 PM","1","3","3","0","7","40.00","legacy_excel_import","legacy_excel","I:\My Drive\Grosses\Archive\2021\8-27 Space Jam.xlsx","8.50","6.50","4.00","Imported from legacy weekly grosses workbook"
"2021-09-01","Space Jam: A New Legacy","7:30 PM","3","0","0","0","3","25.50","legacy_excel_import","legacy_excel","I:\My Drive\Grosses\Archive\2021\8-27 Space Jam.xlsx","8.50","6.50","4.00","Imported from legacy weekly grosses workbook"
"2021-09-03","Shang Chi","7:30 PM","6","6","0","0","12","90.00","legacy_excel_import","legacy_excel","I:\My Drive\Grosses\Archive\2021\9-3 Shang Chi.xlsx","8.50","6.50","4.00","Imported from legacy weekly grosses workbook"
"2021-09-04","Shang Chi","7:30 PM","25","6","4","0","35","267.50","legacy_excel_import","legacy_excel","I:\My Drive\Grosses\Archive\2021\9-3 Shang Chi.xlsx","8.50","6.50","4.00","Imported from legacy weekly grosses workbook"
"2021-09-05","Shang Chi","2:30 PM","4","22","1","0","27","181.00","legacy_excel_import","legacy_excel","I:\My Drive\Grosses\Archive\2021\9-3 Shang Chi.xlsx","8.50","6.50","4.00","Imported from legacy weekly grosses workbook"
"2021-09-06","Shang Chi","7:30 PM","36","4","1","0","41","336.00","legacy_excel_import","legacy_excel","I:\My Drive\Grosses\Archive\2021\9-3 Shang Chi.xlsx","8.50","6.50","4.00","Imported from legacy weekly grosses workbook"
"2021-09-07","Shang Chi","7:30 PM","13","3","0","0","16","130.00","legacy_excel_import","legacy_excel","I:\My Drive\Grosses\Archive\2021\9-3 Shang Chi.xlsx","8.50","6.50","4.00","Imported from legacy weekly grosses workbook"
"2021-09-08","Shang Chi","7:30 PM","7","5","1","0","13","96.00","legacy_excel_import","legacy_excel","I:\My Drive\Grosses\Archive\2021\9-3 Shang Chi.xlsx","8.50","6.50","4.00","Imported from legacy weekly grosses workbook"
"2021-09-10","Shang Chi","7:30 PM","11","8","5","0","24","165.50","legacy_excel_import","legacy_excel","I:\My Drive\Grosses\Archive\2021\9-10 Shang Chi Grosses.xlsx","8.50","6.50","4.00","Imported from legacy weekly grosses workbook"
"2021-09-11","Shang Chi","7:30 PM","14","0","4","0","18","135.00","legacy_excel_import","legacy_excel","I:\My Drive\Grosses\Archive\2021\9-10 Shang Chi Grosses.xlsx","8.50","6.50","4.00","Imported from legacy weekly grosses workbook"
"2021-09-12","Shang Chi","2:30 PM","0","25","1","0","26","166.50","legacy_excel_import","legacy_excel","I:\My Drive\Grosses\Archive\2021\9-10 Shang Chi Grosses.xlsx","8.50","6.50","4.00","Imported from legacy weekly grosses workbook"
"2021-09-13","Shang Chi","7:30 PM","9","4","0","0","13","102.50","legacy_excel_import","legacy_excel","I:\My Drive\Grosses\Archive\2021\9-10 Shang Chi Grosses.xlsx","8.50","6.50","4.00","Imported from legacy weekly grosses workbook"
"2021-09-14","Shang Chi","7:30 PM","3","1","1","0","5","36.00","legacy_excel_import","legacy_excel","I:\My Drive\Grosses\Archive\2021\9-10 Shang Chi Grosses.xlsx","8.50","6.50","4.00","Imported from legacy weekly grosses workbook"
"2021-09-15","Shang Chi","7:30 PM","18","2","0","0","20","166.00","legacy_excel_import","legacy_excel","I:\My Drive\Grosses\Archive\2021\9-10 Shang Chi Grosses.xlsx","8.50","6.50","4.00","Imported from legacy weekly grosses workbook"
"2021-09-17","Cry Macho","7:30 PM","9","2","0","0","11","89.50","legacy_excel_import","legacy_excel","I:\My Drive\Grosses\Archive\2021\9-17 Cry Macho Grosses.xlsx","8.50","6.50","4.00","Imported from legacy weekly grosses workbook"
"2021-09-18","Cry Macho","7:30 PM","13","10","0","0","23","175.50","legacy_excel_import","legacy_excel","I:\My Drive\Grosses\Archive\2021\9-17 Cry Macho Grosses.xlsx","8.50","6.50","4.00","Imported from legacy weekly grosses workbook"
"2021-09-19","Cry Macho","2:30 PM","0","32","3","0","35","220.00","legacy_excel_import","legacy_excel","I:\My Drive\Grosses\Archive\2021\9-17 Cry Macho Grosses.xlsx","8.50","6.50","4.00","Imported from legacy weekly grosses workbook"
"2021-09-20","Cry Macho","7:30 PM","2","8","4","0","14","85.00","legacy_excel_import","legacy_excel","I:\My Drive\Grosses\Archive\2021\9-17 Cry Macho Grosses.xlsx","8.50","6.50","4.00","Imported from legacy weekly grosses workbook"
"2021-09-21","Cry Macho","7:30 PM","4","1","0","0","5","40.50","legacy_excel_import","legacy_excel","I:\My Drive\Grosses\Archive\2021\9-17 Cry Macho Grosses.xlsx","8.50","6.50","4.00","Imported from legacy weekly grosses workbook"
"2021-09-22","Cry Macho","7:30 PM","0","8","0","0","8","52.00","legacy_excel_import","legacy_excel","I:\My Drive\Grosses\Archive\2021\9-17 Cry Macho Grosses.xlsx","8.50","6.50","4.00","Imported from legacy weekly grosses workbook"
"2021-09-24","Cry Macho","7:30 PM","6","0","0","0","6","51.00","legacy_excel_import","legacy_excel","I:\My Drive\Grosses\Archive\2021\9-24 Cry Macho Grosses.xlsx","8.50","6.50","4.00","Imported from legacy weekly grosses workbook"
"2021-09-25","Cry Macho","7:30 PM","3","2","6","0","11","62.50","legacy_excel_import","legacy_excel","I:\My Drive\Grosses\Archive\2021\9-24 Cry Macho Grosses.xlsx","8.50","6.50","4.00","Imported from legacy weekly grosses workbook"
"2021-09-26","Cry Macho","2:30 PM","0","10","0","0","10","65.00","legacy_excel_import","legacy_excel","I:\My Drive\Grosses\Archive\2021\9-24 Cry Macho Grosses.xlsx","8.50","6.50","4.00","Imported from legacy weekly grosses workbook"
"2021-09-27","Cry Macho","7:30 PM","0","5","0","0","5","32.50","legacy_excel_import","legacy_excel","I:\My Drive\Grosses\Archive\2021\9-24 Cry Macho Grosses.xlsx","8.50","6.50","4.00","Imported from legacy weekly grosses workbook"
"2021-09-28","Cry Macho","7:30 PM","2","7","0","0","9","62.50","legacy_excel_import","legacy_excel","I:\My Drive\Grosses\Archive\2021\9-24 Cry Macho Grosses.xlsx","8.50","6.50","4.00","Imported from legacy weekly grosses workbook"
"2021-09-29","Cry Macho","7:30 PM","7","14","2","0","23","158.50","legacy_excel_import","legacy_excel","I:\My Drive\Grosses\Archive\2021\9-24 Cry Macho Grosses.xlsx","8.50","6.50","4.00","Imported from legacy weekly grosses workbook"
"2021-10-22","Dune","7:30 PM","16","2","2","0","20","157.00","legacy_excel_import","legacy_excel","I:\My Drive\Grosses\Archive\2021\10-22 Dune Grosses.xlsx","8.50","6.50","4.00","Imported from legacy weekly grosses workbook"
"2021-10-23","Dune","7:30 PM","3","1","2","0","6","40.00","legacy_excel_import","legacy_excel","I:\My Drive\Grosses\Archive\2021\10-22 Dune Grosses.xlsx","8.50","6.50","4.00","Imported from legacy weekly grosses workbook"
"2021-10-24","Dune","2:30 PM","0","16","1","0","17","108.00","legacy_excel_import","legacy_excel","I:\My Drive\Grosses\Archive\2021\10-22 Dune Grosses.xlsx","8.50","6.50","4.00","Imported from legacy weekly grosses workbook"
"2021-10-25","Dune","7:30 PM","6","3","0","0","9","70.50","legacy_excel_import","legacy_excel","I:\My Drive\Grosses\Archive\2021\10-22 Dune Grosses.xlsx","8.50","6.50","4.00","Imported from legacy weekly grosses workbook"
"2021-10-26","Dune","7:30 PM","3","3","0","0","6","45.00","legacy_excel_import","legacy_excel","I:\My Drive\Grosses\Archive\2021\10-22 Dune Grosses.xlsx","8.50","6.50","4.00","Imported from legacy weekly grosses workbook"
"2021-10-27","Dune","7:30 PM","4","0","1","0","5","38.00","legacy_excel_import","legacy_excel","I:\My Drive\Grosses\Archive\2021\10-22 Dune Grosses.xlsx","8.50","6.50","4.00","Imported from legacy weekly grosses workbook"
"2021-10-29","Dune","7:30 PM","11","5","0","0","16","126.00","legacy_excel_import","legacy_excel","I:\My Drive\Grosses\Archive\2021\10-29 Dune Grosses.xlsx","8.50","6.50","4.00","Imported from legacy weekly grosses workbook"
"2021-10-30","Dune","7:30 PM","14","0","2","0","16","127.00","legacy_excel_import","legacy_excel","I:\My Drive\Grosses\Archive\2021\10-29 Dune Grosses.xlsx","8.50","6.50","4.00","Imported from legacy weekly grosses workbook"
"2021-10-31","Dune","2:30 PM","2","3","0","0","5","36.50","legacy_excel_import","legacy_excel","I:\My Drive\Grosses\Archive\2021\10-29 Dune Grosses.xlsx","8.50","6.50","4.00","Imported from legacy weekly grosses workbook"
"2021-11-01","Dune","7:30 PM","6","0","0","0","6","51.00","legacy_excel_import","legacy_excel","I:\My Drive\Grosses\Archive\2021\10-29 Dune Grosses.xlsx","8.50","6.50","4.00","Imported from legacy weekly grosses workbook"
"2021-11-02","Dune","7:30 PM","3","2","0","0","5","38.50","legacy_excel_import","legacy_excel","I:\My Drive\Grosses\Archive\2021\10-29 Dune Grosses.xlsx","8.50","6.50","4.00","Imported from legacy weekly grosses workbook"
"2021-11-03","Dune","7:30 PM","11","4","0","0","15","119.50","legacy_excel_import","legacy_excel","I:\My Drive\Grosses\Archive\2021\10-29 Dune Grosses.xlsx","8.50","6.50","4.00","Imported from legacy weekly grosses workbook"
"2021-11-05","Venom 2","7:30 PM","16","1","1","0","18","146.50","legacy_excel_import","legacy_excel","I:\My Drive\Grosses\Archive\2021\11-5 Venom 2 Grosses.xlsx","8.50","6.50","4.00","Imported from legacy weekly grosses workbook"
"2021-11-06","Venom 2","7:30 PM","30","3","0","0","33","274.50","legacy_excel_import","legacy_excel","I:\My Drive\Grosses\Archive\2021\11-5 Venom 2 Grosses.xlsx","8.50","6.50","4.00","Imported from legacy weekly grosses workbook"
"2021-11-07","Venom 2","2:30 PM","1","16","3","0","20","124.50","legacy_excel_import","legacy_excel","I:\My Drive\Grosses\Archive\2021\11-5 Venom 2 Grosses.xlsx","8.50","6.50","4.00","Imported from legacy weekly grosses workbook"
"2021-11-08","Venom 2","7:30 PM","6","2","5","0","13","84.00","legacy_excel_import","legacy_excel","I:\My Drive\Grosses\Archive\2021\11-5 Venom 2 Grosses.xlsx","8.50","6.50","4.00","Imported from legacy weekly grosses workbook"
"2021-11-09","Venom 2","7:30 PM","7","5","2","0","14","100.00","legacy_excel_import","legacy_excel","I:\My Drive\Grosses\Archive\2021\11-5 Venom 2 Grosses.xlsx","8.50","6.50","4.00","Imported from legacy weekly grosses workbook"
"2021-11-10","Venom 2","7:30 PM","18","1","3","0","22","171.50","legacy_excel_import","legacy_excel","I:\My Drive\Grosses\Archive\2021\11-5 Venom 2 Grosses.xlsx","8.50","6.50","4.00","Imported from legacy weekly grosses workbook"
"2021-11-12","The Last Duel","7:30 PM","8","1","0","0","9","74.50","legacy_excel_import","legacy_excel","I:\My Drive\Grosses\Archive\2021\11-12 The Last Duel Grosses.xlsx","8.50","6.50","4.00","Imported from legacy weekly grosses workbook"
"2021-11-13","The Last Duel","7:30 PM","6","0","0","0","6","51.00","legacy_excel_import","legacy_excel","I:\My Drive\Grosses\Archive\2021\11-12 The Last Duel Grosses.xlsx","8.50","6.50","4.00","Imported from legacy weekly grosses workbook"
"2021-11-14","The Last Duel","2:30 PM","0","2","0","0","2","13.00","legacy_excel_import","legacy_excel","I:\My Drive\Grosses\Archive\2021\11-12 The Last Duel Grosses.xlsx","8.50","6.50","4.00","Imported from legacy weekly grosses workbook"
"2021-11-15","The Last Duel","7:30 PM","6","5","4","0","15","99.50","legacy_excel_import","legacy_excel","I:\My Drive\Grosses\Archive\2021\11-12 The Last Duel Grosses.xlsx","8.50","6.50","4.00","Imported from legacy weekly grosses workbook"
"2021-11-16","The Last Duel","7:30 PM","3","1","2","0","6","40.00","legacy_excel_import","legacy_excel","I:\My Drive\Grosses\Archive\2021\11-12 The Last Duel Grosses.xlsx","8.50","6.50","4.00","Imported from legacy weekly grosses workbook"
"2021-11-17","The Last Duel","7:30 PM","2","1","1","0","4","27.50","legacy_excel_import","legacy_excel","I:\My Drive\Grosses\Archive\2021\11-12 The Last Duel Grosses.xlsx","8.50","6.50","4.00","Imported from legacy weekly grosses workbook"
"2021-11-19","Ron’s Gone Wrong","7:30 PM","14","12","4","0","30","213.00","legacy_excel_import","legacy_excel","I:\My Drive\Grosses\Archive\2021\11-19 Ron's Gone Wrong Grosses.xlsx","8.50","6.50","4.00","Imported from legacy weekly grosses workbook"
"2021-11-20","Ron’s Gone Wrong","7:30 PM","21","8","2","0","31","238.50","legacy_excel_import","legacy_excel","I:\My Drive\Grosses\Archive\2021\11-19 Ron's Gone Wrong Grosses.xlsx","8.50","6.50","4.00","Imported from legacy weekly grosses workbook"
"2021-11-21","Ron’s Gone Wrong","2:30 PM","0","18","1","0","19","121.00","legacy_excel_import","legacy_excel","I:\My Drive\Grosses\Archive\2021\11-19 Ron's Gone Wrong Grosses.xlsx","8.50","6.50","4.00","Imported from legacy weekly grosses workbook"
"2021-11-22","Ron’s Gone Wrong","7:30 PM","0","0","5","0","5","20.00","legacy_excel_import","legacy_excel","I:\My Drive\Grosses\Archive\2021\11-19 Ron's Gone Wrong Grosses.xlsx","8.50","6.50","4.00","Imported from legacy weekly grosses workbook"
"2021-11-23","Ron’s Gone Wrong","7:30 PM","4","5","3","0","12","78.50","legacy_excel_import","legacy_excel","I:\My Drive\Grosses\Archive\2021\11-19 Ron's Gone Wrong Grosses.xlsx","8.50","6.50","4.00","Imported from legacy weekly grosses workbook"
"2021-11-24","Ron’s Gone Wrong","7:30 PM","7","4","5","0","16","105.50","legacy_excel_import","legacy_excel","I:\My Drive\Grosses\Archive\2021\11-19 Ron's Gone Wrong Grosses.xlsx","8.50","6.50","4.00","Imported from legacy weekly grosses workbook"
"2021-11-26","Eternals","7:30 PM","5","5","0","0","10","75.00","legacy_excel_import","legacy_excel","I:\My Drive\Grosses\Archive\2021\11-26 Eternals Grosses.xlsx","8.50","6.50","4.00","Imported from legacy weekly grosses workbook"
"2021-11-27","Eternals","7:30 PM","2","3","3","0","8","48.50","legacy_excel_import","legacy_excel","I:\My Drive\Grosses\Archive\2021\11-26 Eternals Grosses.xlsx","8.50","6.50","4.00","Imported from legacy weekly grosses workbook"
"2021-11-28","Eternals","2:30 PM","0","36","2","0","38","242.00","legacy_excel_import","legacy_excel","I:\My Drive\Grosses\Archive\2021\11-26 Eternals Grosses.xlsx","8.50","6.50","4.00","Imported from legacy weekly grosses workbook"
"2021-11-29","Eternals","7:30 PM","4","4","2","0","10","68.00","legacy_excel_import","legacy_excel","I:\My Drive\Grosses\Archive\2021\11-26 Eternals Grosses.xlsx","8.50","6.50","4.00","Imported from legacy weekly grosses workbook"
"2021-11-30","Eternals","7:30 PM","8","1","5","0","14","94.50","legacy_excel_import","legacy_excel","I:\My Drive\Grosses\Archive\2021\11-26 Eternals Grosses.xlsx","8.50","6.50","4.00","Imported from legacy weekly grosses workbook"
"2021-12-01","Eternals","7:30 PM","1","1","4","0","6","31.00","legacy_excel_import","legacy_excel","I:\My Drive\Grosses\Archive\2021\11-26 Eternals Grosses.xlsx","8.50","6.50","4.00","Imported from legacy weekly grosses workbook"
"2021-12-10","Ghostbusters Afterlife","7:30 PM","6","4","1","0","11","81.00","legacy_excel_import","legacy_excel","I:\My Drive\Grosses\Archive\2021\12-10 Ghostbusters Grosses.xlsx","8.50","6.50","4.00","Imported from legacy weekly grosses workbook"
"2021-12-11","Ghostbusters Afterlife","7:30 PM","11","11","3","0","25","177.00","legacy_excel_import","legacy_excel","I:\My Drive\Grosses\Archive\2021\12-10 Ghostbusters Grosses.xlsx","8.50","6.50","4.00","Imported from legacy weekly grosses workbook"
"2021-12-12","Ghostbusters Afterlife","2:30 PM","3","27","3","0","33","213.00","legacy_excel_import","legacy_excel","I:\My Drive\Grosses\Archive\2021\12-10 Ghostbusters Grosses.xlsx","8.50","6.50","4.00","Imported from legacy weekly grosses workbook"
"2021-12-13","Ghostbusters Afterlife","7:30 PM","6","1","6","0","13","81.50","legacy_excel_import","legacy_excel","I:\My Drive\Grosses\Archive\2021\12-10 Ghostbusters Grosses.xlsx","8.50","6.50","4.00","Imported from legacy weekly grosses workbook"
"2021-12-14","Ghostbusters Afterlife","7:30 PM","11","2","2","0","15","114.50","legacy_excel_import","legacy_excel","I:\My Drive\Grosses\Archive\2021\12-10 Ghostbusters Grosses.xlsx","8.50","6.50","4.00","Imported from legacy weekly grosses workbook"
"2021-12-15","Ghostbusters Afterlife","7:30 PM","8","12","5","0","25","166.00","legacy_excel_import","legacy_excel","I:\My Drive\Grosses\Archive\2021\12-10 Ghostbusters Grosses.xlsx","8.50","6.50","4.00","Imported from legacy weekly grosses workbook"
"2021-12-17","Spiderman NWH","7:30 PM","64","16","10","0","90","688.00","legacy_excel_import","legacy_excel","I:\My Drive\Grosses\Archive\2021\12-17 Spiderman Grosses.xlsx","8.50","6.50","4.00","Imported from legacy weekly grosses workbook"
"2021-12-18","Spiderman NWH","7:30 PM","35","12","3","0","50","387.50","legacy_excel_import","legacy_excel","I:\My Drive\Grosses\Archive\2021\12-17 Spiderman Grosses.xlsx","8.50","6.50","4.00","Imported from legacy weekly grosses workbook"
"2021-12-19","Spiderman NWH","2:30 PM","35","12","3","0","50","387.50","legacy_excel_import","legacy_excel","I:\My Drive\Grosses\Archive\2021\12-17 Spiderman Grosses.xlsx","8.50","6.50","4.00","Imported from legacy weekly grosses workbook"
"2021-12-20","Spiderman NWH","7:30 PM","72","10","2","0","84","685.00","legacy_excel_import","legacy_excel","I:\My Drive\Grosses\Archive\2021\12-17 Spiderman Grosses.xlsx","8.50","6.50","4.00","Imported from legacy weekly grosses workbook"
"2021-12-21","Spiderman NWH","7:30 PM","58","19","5","0","82","636.50","legacy_excel_import","legacy_excel","I:\My Drive\Grosses\Archive\2021\12-17 Spiderman Grosses.xlsx","8.50","6.50","4.00","Imported from legacy weekly grosses workbook"
"2021-12-22","Spiderman NWH","7:30 PM","53","19","6","0","78","598.00","legacy_excel_import","legacy_excel","I:\My Drive\Grosses\Archive\2021\12-17 Spiderman Grosses.xlsx","8.50","6.50","4.00","Imported from legacy weekly grosses workbook"
"2021-12-26","Spiderman","2:30 PM","2","93","7","0","102","649.50","legacy_excel_import","legacy_excel","I:\My Drive\Grosses\Archive\2021\12-24 Spiderman Grosses.xlsx","8.50","6.50","4.00","Imported from legacy weekly grosses workbook"
"2021-12-27","Spiderman","7:30 PM","31","11","2","0","44","343.00","legacy_excel_import","legacy_excel","I:\My Drive\Grosses\Archive\2021\12-24 Spiderman Grosses.xlsx","8.50","6.50","4.00","Imported from legacy weekly grosses workbook"
"2021-12-28","Spiderman","7:30 PM","37","8","3","0","48","378.50","legacy_excel_import","legacy_excel","I:\My Drive\Grosses\Archive\2021\12-24 Spiderman Grosses.xlsx","8.50","6.50","4.00","Imported from legacy weekly grosses workbook"
"2021-12-29","Spiderman","7:30 PM","57","20","5","0","82","634.50","legacy_excel_import","legacy_excel","I:\My Drive\Grosses\Archive\2021\12-24 Spiderman Grosses.xlsx","8.50","6.50","4.00","Imported from legacy weekly grosses workbook"
"2022-01-01","Spiderman","7:30 PM","63","14","4","0","81","642.50","legacy_excel_import","legacy_excel","I:\My Drive\Grosses\Archive\2021\12-31 Spiderman Grosses.xlsx","8.50","6.50","4.00","Imported from legacy weekly grosses workbook"
"2022-01-02","Spiderman","2:30 PM","5","52","4","0","61","396.50","legacy_excel_import","legacy_excel","I:\My Drive\Grosses\Archive\2021\12-31 Spiderman Grosses.xlsx","8.50","6.50","4.00","Imported from legacy weekly grosses workbook"
"2022-01-03","Spiderman","7:30 PM","12","2","0","0","14","115.00","legacy_excel_import","legacy_excel","I:\My Drive\Grosses\Archive\2021\12-31 Spiderman Grosses.xlsx","8.50","6.50","4.00","Imported from legacy weekly grosses workbook"
"2022-01-04","Spiderman","7:30 PM","6","3","0","0","9","70.50","legacy_excel_import","legacy_excel","I:\My Drive\Grosses\Archive\2021\12-31 Spiderman Grosses.xlsx","8.50","6.50","4.00","Imported from legacy weekly grosses workbook"
"2022-01-05","Spiderman","7:30 PM","12","4","0","0","16","128.00","legacy_excel_import","legacy_excel","I:\My Drive\Grosses\Archive\2021\12-31 Spiderman Grosses.xlsx","8.50","6.50","4.00","Imported from legacy weekly grosses workbook"
"2022-01-07","Matrix Resurrections","7:30 PM","8","0","0","0","8","68.00","legacy_excel_import","legacy_excel","I:\My Drive\Grosses\Archive\2022\1-7 Matrix Grosses.xlsx","8.50","6.50","4.00","Imported from legacy weekly grosses workbook"
"2022-01-08","Matrix Resurrections","7:30 PM","23","4","2","0","29","229.50","legacy_excel_import","legacy_excel","I:\My Drive\Grosses\Archive\2022\1-7 Matrix Grosses.xlsx","8.50","6.50","4.00","Imported from legacy weekly grosses workbook"
"2022-01-09","Matrix Resurrections","2:30 PM","1","6","1","0","8","51.50","legacy_excel_import","legacy_excel","I:\My Drive\Grosses\Archive\2022\1-7 Matrix Grosses.xlsx","8.50","6.50","4.00","Imported from legacy weekly grosses workbook"
"2022-01-10","Matrix Resurrections","7:30 PM","3","1","4","0","8","48.00","legacy_excel_import","legacy_excel","I:\My Drive\Grosses\Archive\2022\1-7 Matrix Grosses.xlsx","8.50","6.50","4.00","Imported from legacy weekly grosses workbook"
"2022-01-11","Matrix Resurrections","7:30 PM","3","3","1","0","7","49.00","legacy_excel_import","legacy_excel","I:\My Drive\Grosses\Archive\2022\1-7 Matrix Grosses.xlsx","8.50","6.50","4.00","Imported from legacy weekly grosses workbook"
"2022-01-12","Matrix Resurrections","7:30 PM","26","2","2","0","30","242.00","legacy_excel_import","legacy_excel","I:\My Drive\Grosses\Archive\2022\1-7 Matrix Grosses.xlsx","8.50","6.50","4.00","Imported from legacy weekly grosses workbook"
"2022-01-14","Sing 2","7:30 PM","23","17","0","0","40","306.00","legacy_excel_import","legacy_excel","I:\My Drive\Grosses\Archive\2022\1-14 Sing 2 Grosses.xlsx","8.50","6.50","4.00","Imported from legacy weekly grosses workbook"
"2022-01-15","Sing 2","7:30 PM","21","27","2","0","50","362.00","legacy_excel_import","legacy_excel","I:\My Drive\Grosses\Archive\2022\1-14 Sing 2 Grosses.xlsx","8.50","6.50","4.00","Imported from legacy weekly grosses workbook"
"2022-01-16","Sing 2","2:30 PM","0","55","2","0","57","365.50","legacy_excel_import","legacy_excel","I:\My Drive\Grosses\Archive\2022\1-14 Sing 2 Grosses.xlsx","8.50","6.50","4.00","Imported from legacy weekly grosses workbook"
"2022-01-17","Sing 2","7:30 PM","12","9","2","0","23","168.50","legacy_excel_import","legacy_excel","I:\My Drive\Grosses\Archive\2022\1-14 Sing 2 Grosses.xlsx","8.50","6.50","4.00","Imported from legacy weekly grosses workbook"
"2022-01-18","Sing 2","7:30 PM","5","10","1","0","16","111.50","legacy_excel_import","legacy_excel","I:\My Drive\Grosses\Archive\2022\1-14 Sing 2 Grosses.xlsx","8.50","6.50","4.00","Imported from legacy weekly grosses workbook"
"2022-01-19","Sing 2","7:30 PM","3","8","2","0","13","85.50","legacy_excel_import","legacy_excel","I:\My Drive\Grosses\Archive\2022\1-14 Sing 2 Grosses.xlsx","8.50","6.50","4.00","Imported from legacy weekly grosses workbook"
"2022-01-22","The King’s Man","7:30 PM","6","4","5","0","15","97.00","legacy_excel_import","legacy_excel","I:\My Drive\Grosses\Archive\2022\1-21 The King's Man Grosses.xlsx","8.50","6.50","4.00","Imported from legacy weekly grosses workbook"
"2022-01-23","The King’s Man","2:30 PM","0","2","3","0","5","25.00","legacy_excel_import","legacy_excel","I:\My Drive\Grosses\Archive\2022\1-21 The King's Man Grosses.xlsx","8.50","6.50","4.00","Imported from legacy weekly grosses workbook"
"2022-01-24","The King’s Man","7:30 PM","7","9","2","0","18","126.00","legacy_excel_import","legacy_excel","I:\My Drive\Grosses\Archive\2022\1-21 The King's Man Grosses.xlsx","8.50","6.50","4.00","Imported from legacy weekly grosses workbook"
"2022-01-28","American Underdog","7:30 PM","13","4","2","0","19","144.50","legacy_excel_import","legacy_excel","I:\My Drive\Grosses\Archive\2022\1-28 American Underdog.xlsx","8.50","6.50","4.00","Imported from legacy weekly grosses workbook"
"2022-01-29","American Underdog","7:30 PM","2","4","1","0","7","47.00","legacy_excel_import","legacy_excel","I:\My Drive\Grosses\Archive\2022\1-28 American Underdog.xlsx","8.50","6.50","4.00","Imported from legacy weekly grosses workbook"
"2022-01-30","American Underdog","2:30 PM","0","14","2","0","16","99.00","legacy_excel_import","legacy_excel","I:\My Drive\Grosses\Archive\2022\1-28 American Underdog.xlsx","8.50","6.50","4.00","Imported from legacy weekly grosses workbook"
"2022-01-31","American Underdog","7:30 PM","0","4","3","0","7","38.00","legacy_excel_import","legacy_excel","I:\My Drive\Grosses\Archive\2022\1-28 American Underdog.xlsx","8.50","6.50","4.00","Imported from legacy weekly grosses workbook"
"2022-02-01","American Underdog","7:30 PM","2","2","2","0","6","38.00","legacy_excel_import","legacy_excel","I:\My Drive\Grosses\Archive\2022\1-28 American Underdog.xlsx","8.50","6.50","4.00","Imported from legacy weekly grosses workbook"
"2022-02-02","American Underdog","7:30 PM","3","2","3","0","8","50.50","legacy_excel_import","legacy_excel","I:\My Drive\Grosses\Archive\2022\1-28 American Underdog.xlsx","8.50","6.50","4.00","Imported from legacy weekly grosses workbook"
"2022-02-18","Uncharted","7:30 PM","31","19","2","0","52","395.00","legacy_excel_import","legacy_excel","I:\My Drive\Grosses\Archive\2022\2-18 Uncharted Grosses.xlsx","8.50","6.50","4.00","Imported from legacy weekly grosses workbook"
"2022-02-19","Uncharted","7:30 PM","53","14","2","0","69","549.50","legacy_excel_import","legacy_excel","I:\My Drive\Grosses\Archive\2022\2-18 Uncharted Grosses.xlsx","8.50","6.50","4.00","Imported from legacy weekly grosses workbook"
"2022-02-20","Uncharted","2:30 PM","0","48","2","0","50","320.00","legacy_excel_import","legacy_excel","I:\My Drive\Grosses\Archive\2022\2-18 Uncharted Grosses.xlsx","8.50","6.50","4.00","Imported from legacy weekly grosses workbook"
"2022-02-21","Uncharted","7:30 PM","46","15","2","0","63","496.50","legacy_excel_import","legacy_excel","I:\My Drive\Grosses\Archive\2022\2-18 Uncharted Grosses.xlsx","8.50","6.50","4.00","Imported from legacy weekly grosses workbook"
"2022-02-22","Moonfall","7:30 PM","0","2","0","0","2","13.00","legacy_excel_import","legacy_excel","I:\My Drive\Grosses\Archive\2022\Moon Fall Grosses 2.4.2022-2.10.2022.xlsx","8.50","6.50","4.00","Imported from legacy weekly grosses workbook"
"2022-02-22","strange world wk2","7:30 PM","9","6","1","0","16","119.50","legacy_excel_import","legacy_excel","I:\My Drive\Grosses\Archive\2022\strange world wk2.xlsx","8.50","6.50","4.00","Imported from legacy weekly grosses workbook"
"2022-02-22","Uncharted","7:30 PM","30","6","0","0","36","294.00","legacy_excel_import","legacy_excel","I:\My Drive\Grosses\Archive\2022\2-18 Uncharted Grosses.xlsx","8.50","6.50","4.00","Imported from legacy weekly grosses workbook"
"2022-02-23","Moonfall","7:30 PM","4","1","3","0","8","52.50","legacy_excel_import","legacy_excel","I:\My Drive\Grosses\Archive\2022\Moon Fall Grosses 2.4.2022-2.10.2022.xlsx","8.50","6.50","4.00","Imported from legacy weekly grosses workbook"
"2022-02-23","strange world wk2","7:30 PM","8","11","0","0","19","139.50","legacy_excel_import","legacy_excel","I:\My Drive\Grosses\Archive\2022\strange world wk2.xlsx","8.50","6.50","4.00","Imported from legacy weekly grosses workbook"
"2022-02-23","Uncharted","7:30 PM","5","0","3","0","8","54.50","legacy_excel_import","legacy_excel","I:\My Drive\Grosses\Archive\2022\2-18 Uncharted Grosses.xlsx","8.50","6.50","4.00","Imported from legacy weekly grosses workbook"
"2022-02-24","Moonfall","2:30 PM","0","14","4","0","18","107.00","legacy_excel_import","legacy_excel","I:\My Drive\Grosses\Archive\2022\Moon Fall Grosses 2.4.2022-2.10.2022.xlsx","8.50","6.50","4.00","Imported from legacy weekly grosses workbook"
"2022-02-24","strange world wk2","2:30 PM","0","11","2","0","13","79.50","legacy_excel_import","legacy_excel","I:\My Drive\Grosses\Archive\2022\strange world wk2.xlsx","8.50","6.50","4.00","Imported from legacy weekly grosses workbook"
"2022-02-25","Moonfall","7:30 PM","3","4","1","0","8","55.50","legacy_excel_import","legacy_excel","I:\My Drive\Grosses\Archive\2022\Moon Fall Grosses 2.4.2022-2.10.2022.xlsx","8.50","6.50","4.00","Imported from legacy weekly grosses workbook"
"2022-02-25","Uncharted","7:30 PM","29","4","1","0","34","276.50","legacy_excel_import","legacy_excel","I:\My Drive\Grosses\Archive\2022\2-25 Uncharted Grosses.xlsx","8.50","6.50","4.00","Imported from legacy weekly grosses workbook"
"2022-02-26","Moonfall","7:30 PM","3","1","2","0","6","40.00","legacy_excel_import","legacy_excel","I:\My Drive\Grosses\Archive\2022\Moon Fall Grosses 2.4.2022-2.10.2022.xlsx","8.50","6.50","4.00","Imported from legacy weekly grosses workbook"
"2022-02-26","Uncharted","7:30 PM","40","8","6","0","54","416.00","legacy_excel_import","legacy_excel","I:\My Drive\Grosses\Archive\2022\2-25 Uncharted Grosses.xlsx","8.50","6.50","4.00","Imported from legacy weekly grosses workbook"
"2022-02-27","Moonfall","7:30 PM","3","0","2","0","5","33.50","legacy_excel_import","legacy_excel","I:\My Drive\Grosses\Archive\2022\Moon Fall Grosses 2.4.2022-2.10.2022.xlsx","8.50","6.50","4.00","Imported from legacy weekly grosses workbook"
"2022-02-27","Uncharted","2:30 PM","15","23","2","0","40","285.00","legacy_excel_import","legacy_excel","I:\My Drive\Grosses\Archive\2022\2-25 Uncharted Grosses.xlsx","8.50","6.50","4.00","Imported from legacy weekly grosses workbook"
"2022-02-28","Uncharted","7:30 PM","1","1","3","0","5","27.00","legacy_excel_import","legacy_excel","I:\My Drive\Grosses\Archive\2022\2-25 Uncharted Grosses.xlsx","8.50","6.50","4.00","Imported from legacy weekly grosses workbook"
"2022-03-01","Uncharted","7:30 PM","12","4","1","0","17","132.00","legacy_excel_import","legacy_excel","I:\My Drive\Grosses\Archive\2022\2-25 Uncharted Grosses.xlsx","8.50","6.50","4.00","Imported from legacy weekly grosses workbook"
"2022-03-02","Uncharted","7:30 PM","1","8","0","0","9","60.50","legacy_excel_import","legacy_excel","I:\My Drive\Grosses\Archive\2022\2-25 Uncharted Grosses.xlsx","8.50","6.50","4.00","Imported from legacy weekly grosses workbook"
"2022-03-04","The Batman","7:30 PM","21","10","1","0","32","247.50","legacy_excel_import","legacy_excel","I:\My Drive\Grosses\Archive\2022\3-4 The Batman Grosses.xlsx","8.50","6.50","4.00","Imported from legacy weekly grosses workbook"
"2022-03-05","The Batman","7:30 PM","39","18","1","0","58","452.50","legacy_excel_import","legacy_excel","I:\My Drive\Grosses\Archive\2022\3-4 The Batman Grosses.xlsx","8.50","6.50","4.00","Imported from legacy weekly grosses workbook"
"2022-03-06","The Batman","2:30 PM","0","49","5","0","54","338.50","legacy_excel_import","legacy_excel","I:\My Drive\Grosses\Archive\2022\3-4 The Batman Grosses.xlsx","8.50","6.50","4.00","Imported from legacy weekly grosses workbook"
"2022-03-07","The Batman","7:30 PM","7","7","3","0","17","117.00","legacy_excel_import","legacy_excel","I:\My Drive\Grosses\Archive\2022\3-4 The Batman Grosses.xlsx","8.50","6.50","4.00","Imported from legacy weekly grosses workbook"
"2022-03-08","The Batman","7:30 PM","6","2","3","0","11","76.00","legacy_excel_import","legacy_excel","I:\My Drive\Grosses\Archive\2022\3-4 The Batman Grosses.xlsx","8.50","6.50","4.00","Imported from legacy weekly grosses workbook"
"2022-03-09","The Batman","7:30 PM","8","1","2","0","11","82.50","legacy_excel_import","legacy_excel","I:\My Drive\Grosses\Archive\2022\3-4 The Batman Grosses.xlsx","8.50","6.50","4.00","Imported from legacy weekly grosses workbook"
"2022-03-11","The Batman","7:30 PM","24","6","3","0","33","255.00","legacy_excel_import","legacy_excel","I:\My Drive\Grosses\Archive\2022\3-11 The Batman Grosses.xlsx","8.50","6.50","4.00","Imported from legacy weekly grosses workbook"
"2022-03-12","The Batman","7:30 PM","38","16","3","0","57","439.00","legacy_excel_import","legacy_excel","I:\My Drive\Grosses\Archive\2022\3-11 The Batman Grosses.xlsx","8.50","6.50","4.00","Imported from legacy weekly grosses workbook"
"2022-03-13","The Batman","2:30 PM","0","23","2","0","25","157.50","legacy_excel_import","legacy_excel","I:\My Drive\Grosses\Archive\2022\3-11 The Batman Grosses.xlsx","8.50","6.50","4.00","Imported from legacy weekly grosses workbook"
"2022-03-14","The Batman","7:30 PM","8","2","1","0","11","85.00","legacy_excel_import","legacy_excel","I:\My Drive\Grosses\Archive\2022\3-11 The Batman Grosses.xlsx","8.50","6.50","4.00","Imported from legacy weekly grosses workbook"
"2022-03-15","The Batman","7:30 PM","5","3","5","0","13","82.00","legacy_excel_import","legacy_excel","I:\My Drive\Grosses\Archive\2022\3-11 The Batman Grosses.xlsx","8.50","6.50","4.00","Imported from legacy weekly grosses workbook"
"2022-03-16","The Batman","7:30 PM","18","0","2","0","20","161.00","legacy_excel_import","legacy_excel","I:\My Drive\Grosses\Archive\2022\3-11 The Batman Grosses.xlsx","8.50","6.50","4.00","Imported from legacy weekly grosses workbook"
"2022-03-18","Dog","7:30 PM","23","7","2","0","32","249.00","legacy_excel_import","legacy_excel","I:\My Drive\Grosses\Archive\2022\Dog 3-18 Grosses.xlsx","8.50","6.50","4.00","Imported from legacy weekly grosses workbook"
"2022-03-19","Dog","7:30 PM","26","11","9","0","46","328.50","legacy_excel_import","legacy_excel","I:\My Drive\Grosses\Archive\2022\Dog 3-18 Grosses.xlsx","8.50","6.50","4.00","Imported from legacy weekly grosses workbook"
"2022-03-20","Dog","2:30 PM","0","57","2","0","59","378.50","legacy_excel_import","legacy_excel","I:\My Drive\Grosses\Archive\2022\Dog 3-18 Grosses.xlsx","8.50","6.50","4.00","Imported from legacy weekly grosses workbook"
"2022-03-21","Dog","7:30 PM","6","6","4","0","16","106.00","legacy_excel_import","legacy_excel","I:\My Drive\Grosses\Archive\2022\Dog 3-18 Grosses.xlsx","8.50","6.50","4.00","Imported from legacy weekly grosses workbook"
"2022-03-22","Dog","7:30 PM","2","2","0","0","4","30.00","legacy_excel_import","legacy_excel","I:\My Drive\Grosses\Archive\2022\Dog 3-18 Grosses.xlsx","8.50","6.50","4.00","Imported from legacy weekly grosses workbook"
"2022-03-23","Dog","7:30 PM","3","6","7","0","16","92.50","legacy_excel_import","legacy_excel","I:\My Drive\Grosses\Archive\2022\Dog 3-18 Grosses.xlsx","8.50","6.50","4.00","Imported from legacy weekly grosses workbook"
"2022-03-25","The Lost City","7:30 PM","37","11","0","0","48","386.00","legacy_excel_import","legacy_excel","I:\My Drive\Grosses\Archive\2022\3-25 The Lost City Grosses.xlsx","8.50","6.50","4.00","Imported from legacy weekly grosses workbook"
"2022-03-26","The Lost City","7:30 PM","35","7","0","0","42","343.00","legacy_excel_import","legacy_excel","I:\My Drive\Grosses\Archive\2022\3-25 The Lost City Grosses.xlsx","8.50","6.50","4.00","Imported from legacy weekly grosses workbook"
"2022-03-27","The Lost City","2:30 PM","9","21","0","0","30","213.00","legacy_excel_import","legacy_excel","I:\My Drive\Grosses\Archive\2022\3-25 The Lost City Grosses.xlsx","8.50","6.50","4.00","Imported from legacy weekly grosses workbook"
"2022-03-28","The Lost City","7:30 PM","14","8","4","0","26","187.00","legacy_excel_import","legacy_excel","I:\My Drive\Grosses\Archive\2022\3-25 The Lost City Grosses.xlsx","8.50","6.50","4.00","Imported from legacy weekly grosses workbook"
"2022-03-29","The Lost City","7:30 PM","6","3","1","0","10","74.50","legacy_excel_import","legacy_excel","I:\My Drive\Grosses\Archive\2022\3-25 The Lost City Grosses.xlsx","8.50","6.50","4.00","Imported from legacy weekly grosses workbook"
"2022-03-30","The Lost City","7:30 PM","7","5","11","0","23","136.00","legacy_excel_import","legacy_excel","I:\My Drive\Grosses\Archive\2022\3-25 The Lost City Grosses.xlsx","8.50","6.50","4.00","Imported from legacy weekly grosses workbook"
"2022-04-01","The Lost City","7:30 PM","29","6","1","0","36","289.50","legacy_excel_import","legacy_excel","I:\My Drive\Grosses\Archive\2022\4-1 The Lost City Grosses.xlsx","8.50","6.50","4.00","Imported from legacy weekly grosses workbook"
"2022-04-02","The Lost City","7:30 PM","64","27","1","0","92","723.50","legacy_excel_import","legacy_excel","I:\My Drive\Grosses\Archive\2022\4-1 The Lost City Grosses.xlsx","8.50","6.50","4.00","Imported from legacy weekly grosses workbook"
"2022-04-03","The Lost City","2:30 PM","0","59","9","0","68","419.50","legacy_excel_import","legacy_excel","I:\My Drive\Grosses\Archive\2022\4-1 The Lost City Grosses.xlsx","8.50","6.50","4.00","Imported from legacy weekly grosses workbook"
"2022-04-04","The Lost City","7:30 PM","39","13","5","0","57","436.00","legacy_excel_import","legacy_excel","I:\My Drive\Grosses\Archive\2022\4-1 The Lost City Grosses.xlsx","8.50","6.50","4.00","Imported from legacy weekly grosses workbook"
"2022-04-05","The Lost City","7:30 PM","24","9","4","0","37","278.50","legacy_excel_import","legacy_excel","I:\My Drive\Grosses\Archive\2022\4-1 The Lost City Grosses.xlsx","8.50","6.50","4.00","Imported from legacy weekly grosses workbook"
"2022-04-06","The Lost City","7:30 PM","8","5","2","0","15","108.50","legacy_excel_import","legacy_excel","I:\My Drive\Grosses\Archive\2022\4-1 The Lost City Grosses.xlsx","8.50","6.50","4.00","Imported from legacy weekly grosses workbook"
"2022-04-08","Sonic 2","7:30 PM","40","35","4","0","79","583.50","legacy_excel_import","legacy_excel","I:\My Drive\Grosses\Archive\2022\4-8 Sonic 2 Grosses.xlsx","8.50","6.50","4.00","Imported from legacy weekly grosses workbook"
"2022-04-09","Sonic 2","7:30 PM","31","28","3","0","62","457.50","legacy_excel_import","legacy_excel","I:\My Drive\Grosses\Archive\2022\4-8 Sonic 2 Grosses.xlsx","8.50","6.50","4.00","Imported from legacy weekly grosses workbook"
"2022-04-10","Sonic 2","2:30 PM","9","56","6","0","71","464.50","legacy_excel_import","legacy_excel","I:\My Drive\Grosses\Archive\2022\4-8 Sonic 2 Grosses.xlsx","8.50","6.50","4.00","Imported from legacy weekly grosses workbook"
"2022-04-11","Sonic 2","7:30 PM","18","13","1","0","32","241.50","legacy_excel_import","legacy_excel","I:\My Drive\Grosses\Archive\2022\4-8 Sonic 2 Grosses.xlsx","8.50","6.50","4.00","Imported from legacy weekly grosses workbook"
"2022-04-12","Sonic 2","7:30 PM","2","3","0","0","5","36.50","legacy_excel_import","legacy_excel","I:\My Drive\Grosses\Archive\2022\4-8 Sonic 2 Grosses.xlsx","8.50","6.50","4.00","Imported from legacy weekly grosses workbook"
"2022-04-13","Sonic 2","7:30 PM","5","0","0","0","5","42.50","legacy_excel_import","legacy_excel","I:\My Drive\Grosses\Archive\2022\4-8 Sonic 2 Grosses.xlsx","8.50","6.50","4.00","Imported from legacy weekly grosses workbook"
"2022-04-15","Sonic 2","7:30 PM","19","13","0","0","32","246.00","legacy_excel_import","legacy_excel","I:\My Drive\Grosses\Archive\2022\4-15 Sonic 2 Grosses.xlsx","8.50","6.50","4.00","Imported from legacy weekly grosses workbook"
"2022-04-16","Sonic 2","7:30 PM","13","21","4","0","38","263.00","legacy_excel_import","legacy_excel","I:\My Drive\Grosses\Archive\2022\4-15 Sonic 2 Grosses.xlsx","8.50","6.50","4.00","Imported from legacy weekly grosses workbook"
"2022-04-17","Sonic 2","2:30 PM","0","7","0","0","7","45.50","legacy_excel_import","legacy_excel","I:\My Drive\Grosses\Archive\2022\4-15 Sonic 2 Grosses.xlsx","8.50","6.50","4.00","Imported from legacy weekly grosses workbook"
"2022-04-18","Sonic 2","7:30 PM","14","7","3","0","24","176.50","legacy_excel_import","legacy_excel","I:\My Drive\Grosses\Archive\2022\4-15 Sonic 2 Grosses.xlsx","8.50","6.50","4.00","Imported from legacy weekly grosses workbook"
"2022-04-19","Sonic 2","7:30 PM","9","9","1","0","19","139.00","legacy_excel_import","legacy_excel","I:\My Drive\Grosses\Archive\2022\4-15 Sonic 2 Grosses.xlsx","8.50","6.50","4.00","Imported from legacy weekly grosses workbook"
"2022-04-20","Sonic 2","7:30 PM","11","16","1","0","28","201.50","legacy_excel_import","legacy_excel","I:\My Drive\Grosses\Archive\2022\4-15 Sonic 2 Grosses.xlsx","8.50","6.50","4.00","Imported from legacy weekly grosses workbook"
"2022-04-22","Morbius","7:30 PM","13","2","2","0","17","131.50","legacy_excel_import","legacy_excel","I:\My Drive\Grosses\Archive\2022\4-22 Morbius Grosses - Copy.xlsx","8.50","6.50","4.00","Imported from legacy weekly grosses workbook"
"2022-04-23","Morbius","7:30 PM","15","2","0","0","17","140.50","legacy_excel_import","legacy_excel","I:\My Drive\Grosses\Archive\2022\4-22 Morbius Grosses - Copy.xlsx","8.50","6.50","4.00","Imported from legacy weekly grosses workbook"
"2022-04-24","Morbius","2:30 PM","0","9","2","0","11","66.50","legacy_excel_import","legacy_excel","I:\My Drive\Grosses\Archive\2022\4-22 Morbius Grosses - Copy.xlsx","8.50","6.50","4.00","Imported from legacy weekly grosses workbook"
"2022-04-25","Morbius","7:30 PM","9","0","3","0","12","88.50","legacy_excel_import","legacy_excel","I:\My Drive\Grosses\Archive\2022\4-22 Morbius Grosses - Copy.xlsx","8.50","6.50","4.00","Imported from legacy weekly grosses workbook"
"2022-04-26","Morbius","7:30 PM","2","1","6","0","9","47.50","legacy_excel_import","legacy_excel","I:\My Drive\Grosses\Archive\2022\4-22 Morbius Grosses - Copy.xlsx","8.50","6.50","4.00","Imported from legacy weekly grosses workbook"
"2022-04-27","Morbius","7:30 PM","4","1","1","0","6","44.50","legacy_excel_import","legacy_excel","I:\My Drive\Grosses\Archive\2022\4-22 Morbius Grosses - Copy.xlsx","8.50","6.50","4.00","Imported from legacy weekly grosses workbook"
"2022-04-29","fantastic beasts","7:30 PM","18","3","2","0","23","180.50","legacy_excel_import","legacy_excel","I:\My Drive\Grosses\Archive\2022\4-29 fantastic beasts grosses.xlsx","8.50","6.50","4.00","Imported from legacy weekly grosses workbook"
"2022-04-30","fantastic beasts","7:30 PM","23","22","9","0","54","374.50","legacy_excel_import","legacy_excel","I:\My Drive\Grosses\Archive\2022\4-29 fantastic beasts grosses.xlsx","8.50","6.50","4.00","Imported from legacy weekly grosses workbook"
"2022-05-01","fantastic beasts","2:30 PM","0","39","4","0","43","269.50","legacy_excel_import","legacy_excel","I:\My Drive\Grosses\Archive\2022\4-29 fantastic beasts grosses.xlsx","8.50","6.50","4.00","Imported from legacy weekly grosses workbook"
"2022-05-02","fantastic beasts","7:30 PM","8","7","2","0","17","121.50","legacy_excel_import","legacy_excel","I:\My Drive\Grosses\Archive\2022\4-29 fantastic beasts grosses.xlsx","8.50","6.50","4.00","Imported from legacy weekly grosses workbook"
"2022-05-03","fantastic beasts","7:30 PM","2","7","5","0","14","82.50","legacy_excel_import","legacy_excel","I:\My Drive\Grosses\Archive\2022\4-29 fantastic beasts grosses.xlsx","8.50","6.50","4.00","Imported from legacy weekly grosses workbook"
"2022-05-04","fantastic beasts","7:30 PM","6","4","6","0","16","101.00","legacy_excel_import","legacy_excel","I:\My Drive\Grosses\Archive\2022\4-29 fantastic beasts grosses.xlsx","8.50","6.50","4.00","Imported from legacy weekly grosses workbook"
"2022-05-06","Doctor Strange In The Multiverse of Madness","7:30 PM","65","22","2","0","89","703.50","legacy_excel_import","legacy_excel","I:\My Drive\Grosses\Archive\2022\5-6 Dr Strange.xlsx","8.50","6.50","4.00","Imported from legacy weekly grosses workbook"
"2022-05-07","Doctor Strange In The Multiverse of Madness","7:30 PM","55","21","2","0","78","612.00","legacy_excel_import","legacy_excel","I:\My Drive\Grosses\Archive\2022\5-6 Dr Strange.xlsx","8.50","6.50","4.00","Imported from legacy weekly grosses workbook"
"2022-05-08","Doctor Strange In The Multiverse of Madness","2:30 PM","0","48","6","0","54","336.00","legacy_excel_import","legacy_excel","I:\My Drive\Grosses\Archive\2022\5-6 Dr Strange.xlsx","8.50","6.50","4.00","Imported from legacy weekly grosses workbook"
"2022-05-09","Doctor Strange In The Multiverse of Madness","7:30 PM","19","4","4","0","27","203.50","legacy_excel_import","legacy_excel","I:\My Drive\Grosses\Archive\2022\5-6 Dr Strange.xlsx","8.50","6.50","4.00","Imported from legacy weekly grosses workbook"
"2022-05-10","Doctor Strange In The Multiverse of Madness","7:30 PM","11","2","3","0","16","118.50","legacy_excel_import","legacy_excel","I:\My Drive\Grosses\Archive\2022\5-6 Dr Strange.xlsx","8.50","6.50","4.00","Imported from legacy weekly grosses workbook"
"2022-05-11","Doctor Strange In The Multiverse of Madness","7:30 PM","28","4","6","0","38","288.00","legacy_excel_import","legacy_excel","I:\My Drive\Grosses\Archive\2022\5-6 Dr Strange.xlsx","8.50","6.50","4.00","Imported from legacy weekly grosses workbook"
"2022-05-13","Doctor Strange In The Multiverse of Madness","7:30 PM","33","15","2","0","50","386.00","legacy_excel_import","legacy_excel","I:\My Drive\Grosses\Archive\2022\513 Dr Strange (THIS ONE).xlsx","8.50","6.50","4.00","Imported from legacy weekly grosses workbook"
"2022-05-13","Dr Strange In The Multiverse of Madness","7:30 PM","33","15","2","0","50","386.00","legacy_excel_import","legacy_excel","I:\My Drive\Grosses\Archive\2022\5-13 Dr Strange 2.xlsx","8.50","6.50","4.00","Imported from legacy weekly grosses workbook"
"2022-05-14","Doctor Strange In The Multiverse of Madness","7:30 PM","24","1","2","0","27","218.50","legacy_excel_import","legacy_excel","I:\My Drive\Grosses\Archive\2022\513 Dr Strange (THIS ONE).xlsx","8.50","6.50","4.00","Imported from legacy weekly grosses workbook"
"2022-05-14","Dr Strange In The Multiverse of Madness","7:30 PM","24","1","2","0","27","218.50","legacy_excel_import","legacy_excel","I:\My Drive\Grosses\Archive\2022\5-13 Dr Strange 2.xlsx","8.50","6.50","4.00","Imported from legacy weekly grosses workbook"
"2022-05-15","Doctor Strange In The Multiverse of Madness","2:30 PM","0","22","0","0","22","143.00","legacy_excel_import","legacy_excel","I:\My Drive\Grosses\Archive\2022\513 Dr Strange (THIS ONE).xlsx","8.50","6.50","4.00","Imported from legacy weekly grosses workbook"
"2022-05-16","Doctor Strange In The Multiverse of Madness","7:30 PM","5","1","7","0","13","77.00","legacy_excel_import","legacy_excel","I:\My Drive\Grosses\Archive\2022\513 Dr Strange (THIS ONE).xlsx","8.50","6.50","4.00","Imported from legacy weekly grosses workbook"
"2022-05-17","Doctor Strange In The Multiverse of Madness","7:30 PM","4","1","3","0","8","52.50","legacy_excel_import","legacy_excel","I:\My Drive\Grosses\Archive\2022\513 Dr Strange (THIS ONE).xlsx","8.50","6.50","4.00","Imported from legacy weekly grosses workbook"
"2022-05-18","Doctor Strange In The Multiverse of Madness","7:30 PM","9","5","2","0","16","117.00","legacy_excel_import","legacy_excel","I:\My Drive\Grosses\Archive\2022\513 Dr Strange (THIS ONE).xlsx","8.50","6.50","4.00","Imported from legacy weekly grosses workbook"
"2022-05-20","Doctor Strange In The Multiverse of Madness","7:30 PM","19","9","0","0","28","220.00","legacy_excel_import","legacy_excel","I:\My Drive\Grosses\Archive\2022\5-20 Dr Strange.xlsx","8.50","6.50","4.00","Imported from legacy weekly grosses workbook"
"2022-05-21","Doctor Strange In The Multiverse of Madness","7:30 PM","26","5","0","0","31","253.50","legacy_excel_import","legacy_excel","I:\My Drive\Grosses\Archive\2022\5-20 Dr Strange.xlsx","8.50","6.50","4.00","Imported from legacy weekly grosses workbook"
"2022-05-22","Doctor Strange In The Multiverse of Madness","2:30 PM","0","7","0","0","7","45.50","legacy_excel_import","legacy_excel","I:\My Drive\Grosses\Archive\2022\5-20 Dr Strange.xlsx","8.50","6.50","4.00","Imported from legacy weekly grosses workbook"
"2022-05-24","Doctor Strange In The Multiverse of Madness","7:30 PM","4","2","3","0","9","59.00","legacy_excel_import","legacy_excel","I:\My Drive\Grosses\Archive\2022\5-20 Dr Strange.xlsx","8.50","6.50","4.00","Imported from legacy weekly grosses workbook"
"2022-05-25","Doctor Strange In The Multiverse of Madness","7:30 PM","14","5","4","0","23","167.50","legacy_excel_import","legacy_excel","I:\My Drive\Grosses\Archive\2022\5-20 Dr Strange.xlsx","8.50","6.50","4.00","Imported from legacy weekly grosses workbook"
"2022-05-26","Doctor Strange In The Multiverse of Madness","7:30 PM","32","4","1","0","37","302.00","legacy_excel_import","legacy_excel","I:\My Drive\Grosses\Archive\2022\5-20 Dr Strange.xlsx","8.50","6.50","4.00","Imported from legacy weekly grosses workbook"
"2022-05-27","Top Gun: Maverick","7:30 PM","83","18","3","0","104","834.50","legacy_excel_import","legacy_excel","I:\My Drive\Grosses\Archive\2022\5-27 Top Gun.xlsx","8.50","6.50","4.00","Imported from legacy weekly grosses workbook"
"2022-05-28","Top Gun: Maverick","7:30 PM","77","21","4","0","102","807.00","legacy_excel_import","legacy_excel","I:\My Drive\Grosses\Archive\2022\5-27 Top Gun.xlsx","8.50","6.50","4.00","Imported from legacy weekly grosses workbook"
"2022-05-29","2000 Mules","7:30 PM","0","16","2","0","18","112.00","legacy_excel_import","legacy_excel","I:\My Drive\Grosses\Archive\2022\5-28 2000 Mules.xlsx","8.50","6.50","4.00","Imported from legacy weekly grosses workbook"
"2022-05-29","Top Gun: Maverick","2:30 PM","0","107","9","0","116","731.50","legacy_excel_import","legacy_excel","I:\My Drive\Grosses\Archive\2022\5-27 Top Gun.xlsx","8.50","6.50","4.00","Imported from legacy weekly grosses workbook"
"2022-05-30","2000 Mules","2:30 PM","0","34","0","0","34","221.00","legacy_excel_import","legacy_excel","I:\My Drive\Grosses\Archive\2022\5-28 2000 Mules.xlsx","8.50","6.50","4.00","Imported from legacy weekly grosses workbook"
"2022-05-30","Top Gun: Maverick","7:30 PM","64","27","0","0","91","719.50","legacy_excel_import","legacy_excel","I:\My Drive\Grosses\Archive\2022\5-27 Top Gun.xlsx","8.50","6.50","4.00","Imported from legacy weekly grosses workbook"
"2022-05-31","Top Gun: Maverick","7:30 PM","29","33","3","0","65","473.00","legacy_excel_import","legacy_excel","I:\My Drive\Grosses\Archive\2022\5-27 Top Gun.xlsx","8.50","6.50","4.00","Imported from legacy weekly grosses workbook"
"2022-06-01","Top Gun: Maverick","7:30 PM","42","35","2","0","79","592.50","legacy_excel_import","legacy_excel","I:\My Drive\Grosses\Archive\2022\5-27 Top Gun.xlsx","8.50","6.50","4.00","Imported from legacy weekly grosses workbook"
"2022-06-02","Top Gun: Maverick","7:30 PM","32","4","1","0","37","302.00","legacy_excel_import","legacy_excel","I:\My Drive\Grosses\Archive\2022\5-27 Top Gun.xlsx","8.50","6.50","4.00","Imported from legacy weekly grosses workbook"
"2022-06-03","Top Gun: Maverick","7:30 PM","94","36","4","0","134","1049.00","legacy_excel_import","legacy_excel","I:\My Drive\Grosses\Archive\2022\6-3 Top Gun.xlsx","8.50","6.50","4.00","Imported from legacy weekly grosses workbook"
"2022-06-04","Top Gun: Maverick","7:30 PM","116","26","3","0","145","1167.00","legacy_excel_import","legacy_excel","I:\My Drive\Grosses\Archive\2022\6-3 Top Gun.xlsx","8.50","6.50","4.00","Imported from legacy weekly grosses workbook"
"2022-06-05","2000 Mules","7:30 PM","26","1","1","0","28","231.50","legacy_excel_import","legacy_excel","I:\My Drive\Grosses\Archive\2022\6-4 2000 Mules.xlsx","8.50","6.50","4.00","Imported from legacy weekly grosses workbook"
"2022-06-05","Top Gun: Maverick","2:30 PM","4","160","1","0","165","1078.00","legacy_excel_import","legacy_excel","I:\My Drive\Grosses\Archive\2022\6-3 Top Gun.xlsx","8.50","6.50","4.00","Imported from legacy weekly grosses workbook"
"2022-06-06","2000 Mules","2:30 PM","18","20","4","0","42","299.00","legacy_excel_import","legacy_excel","I:\My Drive\Grosses\Archive\2022\6-4 2000 Mules.xlsx","8.50","6.50","4.00","Imported from legacy weekly grosses workbook"
"2022-06-06","Top Gun: Maverick","7:30 PM","52","28","6","0","86","648.00","legacy_excel_import","legacy_excel","I:\My Drive\Grosses\Archive\2022\6-3 Top Gun.xlsx","8.50","6.50","4.00","Imported from legacy weekly grosses workbook"
"2022-06-07","Top Gun: Maverick","7:30 PM","47","27","3","0","77","587.00","legacy_excel_import","legacy_excel","I:\My Drive\Grosses\Archive\2022\6-3 Top Gun.xlsx","8.50","6.50","4.00","Imported from legacy weekly grosses workbook"
"2022-06-08","Top Gun: Maverick","7:30 PM","39","28","0","0","67","513.50","legacy_excel_import","legacy_excel","I:\My Drive\Grosses\Archive\2022\6-3 Top Gun.xlsx","8.50","6.50","4.00","Imported from legacy weekly grosses workbook"
"2022-06-10","Jurassic World Dominion","7:30 PM","78","25","7","0","110","853.50","legacy_excel_import","legacy_excel","I:\My Drive\Grosses\Archive\2022\6-10 Jurassic World.xlsx","8.50","6.50","4.00","Imported from legacy weekly grosses workbook"
"2022-06-11","Jurassic World Dominion","7:30 PM","59","28","0","0","87","683.50","legacy_excel_import","legacy_excel","I:\My Drive\Grosses\Archive\2022\6-10 Jurassic World.xlsx","8.50","6.50","4.00","Imported from legacy weekly grosses workbook"
"2022-06-12","Jurassic World Dominion","2:30 PM","0","50","0","0","50","325.00","legacy_excel_import","legacy_excel","I:\My Drive\Grosses\Archive\2022\6-10 Jurassic World.xlsx","8.50","6.50","4.00","Imported from legacy weekly grosses workbook"
"2022-06-13","Jurassic World Dominion","7:30 PM","38","24","10","0","72","519.00","legacy_excel_import","legacy_excel","I:\My Drive\Grosses\Archive\2022\6-10 Jurassic World.xlsx","8.50","6.50","4.00","Imported from legacy weekly grosses workbook"
"2022-06-14","Jurassic World Dominion","7:30 PM","22","9","2","0","33","253.50","legacy_excel_import","legacy_excel","I:\My Drive\Grosses\Archive\2022\6-10 Jurassic World.xlsx","8.50","6.50","4.00","Imported from legacy weekly grosses workbook"
"2022-06-15","Jurassic World Dominion","7:30 PM","19","25","4","0","48","340.00","legacy_excel_import","legacy_excel","I:\My Drive\Grosses\Archive\2022\6-10 Jurassic World.xlsx","8.50","6.50","4.00","Imported from legacy weekly grosses workbook"
"2022-06-17","Jurassic World Dominion","7:30 PM","47","26","3","0","76","580.50","legacy_excel_import","legacy_excel","I:\My Drive\Grosses\Archive\2022\6-17 Jurassic World Grosses.xlsx","8.50","6.50","4.00","Imported from legacy weekly grosses workbook"
"2022-06-18","Jurassic World Dominion","7:30 PM","59","32","0","0","91","709.50","legacy_excel_import","legacy_excel","I:\My Drive\Grosses\Archive\2022\6-17 Jurassic World Grosses.xlsx","8.50","6.50","4.00","Imported from legacy weekly grosses workbook"
"2022-06-19","Jurassic World Dominion","2:30 PM","2","50","4","0","56","358.00","legacy_excel_import","legacy_excel","I:\My Drive\Grosses\Archive\2022\6-17 Jurassic World Grosses.xlsx","8.50","6.50","4.00","Imported from legacy weekly grosses workbook"
"2022-06-20","Jurassic World Dominion","7:30 PM","31","13","0","0","44","348.00","legacy_excel_import","legacy_excel","I:\My Drive\Grosses\Archive\2022\6-17 Jurassic World Grosses.xlsx","8.50","6.50","4.00","Imported from legacy weekly grosses workbook"
"2022-06-21","Jurassic World Dominion","7:30 PM","28","17","5","0","50","368.50","legacy_excel_import","legacy_excel","I:\My Drive\Grosses\Archive\2022\6-17 Jurassic World Grosses.xlsx","8.50","6.50","4.00","Imported from legacy weekly grosses workbook"
"2022-06-22","Jurassic World Dominion","7:30 PM","9","8","0","0","17","128.50","legacy_excel_import","legacy_excel","I:\My Drive\Grosses\Archive\2022\6-17 Jurassic World Grosses.xlsx","8.50","6.50","4.00","Imported from legacy weekly grosses workbook"
"2022-06-24","Lightyear","7:30 PM","9","13","0","0","22","161.00","legacy_excel_import","legacy_excel","I:\My Drive\Grosses\Archive\2022\6-24 Lightyear - Copy (3).xlsx","8.50","6.50","4.00","Imported from legacy weekly grosses workbook"
"2022-06-25","Lightyear","7:30 PM","3","12","0","0","15","103.50","legacy_excel_import","legacy_excel","I:\My Drive\Grosses\Archive\2022\6-24 Lightyear - Copy (3).xlsx","8.50","6.50","4.00","Imported from legacy weekly grosses workbook"
"2022-06-26","Lightyear","2:30 PM","0","27","2","0","29","183.50","legacy_excel_import","legacy_excel","I:\My Drive\Grosses\Archive\2022\6-24 Lightyear - Copy (3).xlsx","8.50","6.50","4.00","Imported from legacy weekly grosses workbook"
"2022-06-27","Lightyear","7:30 PM","6","5","0","0","11","83.50","legacy_excel_import","legacy_excel","I:\My Drive\Grosses\Archive\2022\6-24 Lightyear - Copy (3).xlsx","8.50","6.50","4.00","Imported from legacy weekly grosses workbook"
"2022-06-28","Lightyear","7:30 PM","12","8","0","0","20","154.00","legacy_excel_import","legacy_excel","I:\My Drive\Grosses\Archive\2022\6-24 Lightyear - Copy (3).xlsx","8.50","6.50","4.00","Imported from legacy weekly grosses workbook"
"2022-06-29","Lightyear","7:30 PM","13","11","3","0","27","194.00","legacy_excel_import","legacy_excel","I:\My Drive\Grosses\Archive\2022\6-24 Lightyear - Copy (3).xlsx","8.50","6.50","4.00","Imported from legacy weekly grosses workbook"
"2022-07-01","Lightyear","7:30 PM","9","8","0","0","17","128.50","legacy_excel_import","legacy_excel","I:\My Drive\Grosses\Archive\2022\7-1 Lightyear.xlsx","8.50","6.50","4.00","Imported from legacy weekly grosses workbook"
"2022-07-02","Lightyear","7:30 PM","7","4","0","0","11","85.50","legacy_excel_import","legacy_excel","I:\My Drive\Grosses\Archive\2022\7-1 Lightyear.xlsx","8.50","6.50","4.00","Imported from legacy weekly grosses workbook"
"2022-07-03","Lightyear","2:30 PM","0","53","0","0","53","344.50","legacy_excel_import","legacy_excel","I:\My Drive\Grosses\Archive\2022\7-1 Lightyear.xlsx","8.50","6.50","4.00","Imported from legacy weekly grosses workbook"
"2022-07-05","Lightyear","7:30 PM","8","11","0","0","19","139.50","legacy_excel_import","legacy_excel","I:\My Drive\Grosses\Archive\2022\7-1 Lightyear.xlsx","8.50","6.50","4.00","Imported from legacy weekly grosses workbook"
"2022-07-06","Lightyear","7:30 PM","9","10","0","0","19","141.50","legacy_excel_import","legacy_excel","I:\My Drive\Grosses\Archive\2022\7-1 Lightyear.xlsx","8.50","6.50","4.00","Imported from legacy weekly grosses workbook"
"2022-07-08","Minions","7:30 PM","36","38","2","0","76","561.00","legacy_excel_import","legacy_excel","I:\My Drive\Grosses\Archive\2022\7-8 Minions.xlsx","8.50","6.50","4.00","Imported from legacy weekly grosses workbook"
"2022-07-09","Minions","7:30 PM","33","24","3","0","60","448.50","legacy_excel_import","legacy_excel","I:\My Drive\Grosses\Archive\2022\7-8 Minions.xlsx","8.50","6.50","4.00","Imported from legacy weekly grosses workbook"
"2022-07-10","Minions","2:30 PM","0","41","7","0","48","294.50","legacy_excel_import","legacy_excel","I:\My Drive\Grosses\Archive\2022\7-8 Minions.xlsx","8.50","6.50","4.00","Imported from legacy weekly grosses workbook"
"2022-07-11","Minions","7:30 PM","44","0","0","0","44","374.00","legacy_excel_import","legacy_excel","I:\My Drive\Grosses\Archive\2022\7-8 Minions.xlsx","8.50","6.50","4.00","Imported from legacy weekly grosses workbook"
"2022-07-12","Minions","7:30 PM","17","20","4","0","41","290.50","legacy_excel_import","legacy_excel","I:\My Drive\Grosses\Archive\2022\7-8 Minions.xlsx","8.50","6.50","4.00","Imported from legacy weekly grosses workbook"
"2022-07-13","Minions","7:30 PM","22","10","0","0","32","252.00","legacy_excel_import","legacy_excel","I:\My Drive\Grosses\Archive\2022\7-8 Minions.xlsx","8.50","6.50","4.00","Imported from legacy weekly grosses workbook"
"2022-07-15","Minions","7:30 PM","32","16","0","0","48","376.00","legacy_excel_import","legacy_excel","I:\My Drive\Grosses\Archive\2022\7-15 Minions.xlsx","8.50","6.50","4.00","Imported from legacy weekly grosses workbook"
"2022-07-16","Minions","7:30 PM","19","8","0","0","27","213.50","legacy_excel_import","legacy_excel","I:\My Drive\Grosses\Archive\2022\7-15 Minions.xlsx","8.50","6.50","4.00","Imported from legacy weekly grosses workbook"
"2022-07-17","Minions","2:30 PM","0","53","2","0","55","352.50","legacy_excel_import","legacy_excel","I:\My Drive\Grosses\Archive\2022\7-15 Minions.xlsx","8.50","6.50","4.00","Imported from legacy weekly grosses workbook"
"2022-07-18","Minions","7:30 PM","60","0","0","0","60","510.00","legacy_excel_import","legacy_excel","I:\My Drive\Grosses\Archive\2022\7-15 Minions.xlsx","8.50","6.50","4.00","Imported from legacy weekly grosses workbook"
"2022-07-19","Minions","7:30 PM","18","11","0","0","29","224.50","legacy_excel_import","legacy_excel","I:\My Drive\Grosses\Archive\2022\7-15 Minions.xlsx","8.50","6.50","4.00","Imported from legacy weekly grosses workbook"
"2022-07-20","Minions","7:30 PM","31","30","0","0","61","458.50","legacy_excel_import","legacy_excel","I:\My Drive\Grosses\Archive\2022\7-15 Minions.xlsx","8.50","6.50","4.00","Imported from legacy weekly grosses workbook"
"2022-07-22","Elvis","7:30 PM","19","20","0","0","39","291.50","legacy_excel_import","legacy_excel","I:\My Drive\Grosses\Archive\2022\7-22 elvis.xlsx","8.50","6.50","4.00","Imported from legacy weekly grosses workbook"
"2022-07-23","Elvis","7:30 PM","24","17","2","0","43","322.50","legacy_excel_import","legacy_excel","I:\My Drive\Grosses\Archive\2022\7-22 elvis.xlsx","8.50","6.50","4.00","Imported from legacy weekly grosses workbook"
"2022-07-24","Elvis","2:30 PM","0","39","0","0","39","253.50","legacy_excel_import","legacy_excel","I:\My Drive\Grosses\Archive\2022\7-22 elvis.xlsx","8.50","6.50","4.00","Imported from legacy weekly grosses workbook"
"2022-07-25","Elvis","7:30 PM","38","32","5","0","75","551.00","legacy_excel_import","legacy_excel","I:\My Drive\Grosses\Archive\2022\7-22 elvis.xlsx","8.50","6.50","4.00","Imported from legacy weekly grosses workbook"
"2022-07-26","Elvis","7:30 PM","0","13","4","0","17","100.50","legacy_excel_import","legacy_excel","I:\My Drive\Grosses\Archive\2022\7-22 elvis.xlsx","8.50","6.50","4.00","Imported from legacy weekly grosses workbook"
"2022-07-27","Elvis","7:30 PM","9","5","0","0","14","109.00","legacy_excel_import","legacy_excel","I:\My Drive\Grosses\Archive\2022\7-22 elvis.xlsx","8.50","6.50","4.00","Imported from legacy weekly grosses workbook"
"2022-07-29","Thor","7:30 PM","26","2","2","0","30","242.00","legacy_excel_import","legacy_excel","I:\My Drive\Grosses\Archive\2022\7-29 Thor.xlsx","8.50","6.50","4.00","Imported from legacy weekly grosses workbook"
"2022-07-30","Thor","7:30 PM","10","5","3","0","18","129.50","legacy_excel_import","legacy_excel","I:\My Drive\Grosses\Archive\2022\7-29 Thor.xlsx","8.50","6.50","4.00","Imported from legacy weekly grosses workbook"
"2022-07-31","Thor","2:30 PM","3","37","5","0","45","286.00","legacy_excel_import","legacy_excel","I:\My Drive\Grosses\Archive\2022\7-29 Thor.xlsx","8.50","6.50","4.00","Imported from legacy weekly grosses workbook"
"2022-08-01","Thor","7:30 PM","22","5","6","0","33","243.50","legacy_excel_import","legacy_excel","I:\My Drive\Grosses\Archive\2022\7-29 Thor.xlsx","8.50","6.50","4.00","Imported from legacy weekly grosses workbook"
"2022-08-02","Thor","7:30 PM","7","7","0","0","14","105.00","legacy_excel_import","legacy_excel","I:\My Drive\Grosses\Archive\2022\7-29 Thor.xlsx","8.50","6.50","4.00","Imported from legacy weekly grosses workbook"
"2022-08-03","Thor","7:30 PM","3","2","0","0","5","38.50","legacy_excel_import","legacy_excel","I:\My Drive\Grosses\Archive\2022\7-29 Thor.xlsx","8.50","6.50","4.00","Imported from legacy weekly grosses workbook"
"2022-08-05","Thor Love and Thunder","7:30 PM","26","13","2","0","41","313.50","legacy_excel_import","legacy_excel","I:\My Drive\Grosses\Archive\2022\8-5 Thor.xlsx","8.50","6.50","4.00","Imported from legacy weekly grosses workbook"
"2022-08-06","Thor Love and Thunder","7:30 PM","14","9","2","0","25","185.50","legacy_excel_import","legacy_excel","I:\My Drive\Grosses\Archive\2022\8-5 Thor.xlsx","8.50","6.50","4.00","Imported from legacy weekly grosses workbook"
"2022-08-07","Thor Love and Thunder","2:30 PM","4","30","5","0","39","249.00","legacy_excel_import","legacy_excel","I:\My Drive\Grosses\Archive\2022\8-5 Thor.xlsx","8.50","6.50","4.00","Imported from legacy weekly grosses workbook"
"2022-08-08","Thor Love and Thunder","7:30 PM","9","17","0","0","26","187.00","legacy_excel_import","legacy_excel","I:\My Drive\Grosses\Archive\2022\8-5 Thor.xlsx","8.50","6.50","4.00","Imported from legacy weekly grosses workbook"
"2022-08-09","Thor Love and Thunder","7:30 PM","15","2","1","0","18","144.50","legacy_excel_import","legacy_excel","I:\My Drive\Grosses\Archive\2022\8-5 Thor.xlsx","8.50","6.50","4.00","Imported from legacy weekly grosses workbook"
"2022-08-10","Thor Love and Thunder","7:30 PM","5","12","0","0","17","120.50","legacy_excel_import","legacy_excel","I:\My Drive\Grosses\Archive\2022\8-5 Thor.xlsx","8.50","6.50","4.00","Imported from legacy weekly grosses workbook"
"2022-08-12","Top Gun Maverick","7:30 PM","25","16","0","0","41","316.50","legacy_excel_import","legacy_excel","I:\My Drive\Grosses\Archive\2022\8-12 Top Gun.xlsx","8.50","6.50","4.00","Imported from legacy weekly grosses workbook"
"2022-08-13","Top Gun Maverick","7:30 PM","24","12","1","0","37","286.00","legacy_excel_import","legacy_excel","I:\My Drive\Grosses\Archive\2022\8-12 Top Gun.xlsx","8.50","6.50","4.00","Imported from legacy weekly grosses workbook"
"2022-08-14","Top Gun Maverick","2:30 PM","0","24","2","0","26","164.00","legacy_excel_import","legacy_excel","I:\My Drive\Grosses\Archive\2022\8-12 Top Gun.xlsx","8.50","6.50","4.00","Imported from legacy weekly grosses workbook"
"2022-08-15","Top Gun Maverick","7:30 PM","18","17","4","0","39","279.50","legacy_excel_import","legacy_excel","I:\My Drive\Grosses\Archive\2022\8-12 Top Gun.xlsx","8.50","6.50","4.00","Imported from legacy weekly grosses workbook"
"2022-08-16","Top Gun Maverick","7:30 PM","17","16","3","0","36","260.50","legacy_excel_import","legacy_excel","I:\My Drive\Grosses\Archive\2022\8-12 Top Gun.xlsx","8.50","6.50","4.00","Imported from legacy weekly grosses workbook"
"2022-08-17","Top Gun Maverick","7:30 PM","21","11","4","0","36","266.00","legacy_excel_import","legacy_excel","I:\My Drive\Grosses\Archive\2022\8-12 Top Gun.xlsx","8.50","6.50","4.00","Imported from legacy weekly grosses workbook"
"2022-08-19","Where the Crawdads Sing","7:30 PM","11","10","1","0","22","162.50","legacy_excel_import","legacy_excel","I:\My Drive\Grosses\Archive\2022\8-19 Where the Crawdads Sing.xlsx","8.50","6.50","4.00","Imported from legacy weekly grosses workbook"
"2022-08-20","Where the Crawdads Sing","7:30 PM","18","19","2","0","39","284.50","legacy_excel_import","legacy_excel","I:\My Drive\Grosses\Archive\2022\8-19 Where the Crawdads Sing.xlsx","8.50","6.50","4.00","Imported from legacy weekly grosses workbook"
"2022-08-21","Where the Crawdads Sing","2:30 PM","0","61","0","0","61","396.50","legacy_excel_import","legacy_excel","I:\My Drive\Grosses\Archive\2022\8-19 Where the Crawdads Sing.xlsx","8.50","6.50","4.00","Imported from legacy weekly grosses workbook"
"2022-08-22","Where the Crawdads Sing","7:30 PM","43","20","2","0","65","503.50","legacy_excel_import","legacy_excel","I:\My Drive\Grosses\Archive\2022\8-19 Where the Crawdads Sing.xlsx","8.50","6.50","4.00","Imported from legacy weekly grosses workbook"
"2022-08-23","Where the Crawdads Sing","7:30 PM","20","12","4","0","36","264.00","legacy_excel_import","legacy_excel","I:\My Drive\Grosses\Archive\2022\8-19 Where the Crawdads Sing.xlsx","8.50","6.50","4.00","Imported from legacy weekly grosses workbook"
"2022-08-24","Where the Crawdads Sing","7:30 PM","29","20","0","0","49","376.50","legacy_excel_import","legacy_excel","I:\My Drive\Grosses\Archive\2022\crawdads sing.xlsx","8.50","6.50","4.00","Imported from legacy weekly grosses workbook"
"2022-08-26","Bullet Train","7:30 PM","15","3","0","0","18","147.00","legacy_excel_import","legacy_excel","I:\My Drive\Grosses\Archive\2022\8-26 Bullet Train.xlsx","8.50","6.50","4.00","Imported from legacy weekly grosses workbook"
"2022-08-26","bullit train","7:30 PM","15","3","0","0","18","147.00","legacy_excel_import","legacy_excel","I:\My Drive\Grosses\Archive\2022\8-26 bullit train.xlsx","8.50","6.50","4.00","Imported from legacy weekly grosses workbook"
"2022-08-27","Bullet Train","7:30 PM","20","15","3","0","38","279.50","legacy_excel_import","legacy_excel","I:\My Drive\Grosses\Archive\2022\8-26 Bullet Train.xlsx","8.50","6.50","4.00","Imported from legacy weekly grosses workbook"
"2022-08-27","bullit train","7:30 PM","20","15","3","0","38","279.50","legacy_excel_import","legacy_excel","I:\My Drive\Grosses\Archive\2022\8-26 bullit train.xlsx","8.50","6.50","4.00","Imported from legacy weekly grosses workbook"
"2022-08-28","Bullet Train","2:30 PM","0","17","0","0","17","110.50","legacy_excel_import","legacy_excel","I:\My Drive\Grosses\Archive\2022\8-26 Bullet Train.xlsx","8.50","6.50","4.00","Imported from legacy weekly grosses workbook"
"2022-08-28","bullit train","2:30 PM","0","17","0","0","17","110.50","legacy_excel_import","legacy_excel","I:\My Drive\Grosses\Archive\2022\8-26 bullit train.xlsx","8.50","6.50","4.00","Imported from legacy weekly grosses workbook"
"2022-08-29","Bullet Train","7:30 PM","12","20","4","0","36","248.00","legacy_excel_import","legacy_excel","I:\My Drive\Grosses\Archive\2022\8-26 Bullet Train.xlsx","8.50","6.50","4.00","Imported from legacy weekly grosses workbook"
"2022-08-30","Bullet Train","7:30 PM","12","4","0","0","16","128.00","legacy_excel_import","legacy_excel","I:\My Drive\Grosses\Archive\2022\8-26 Bullet Train.xlsx","8.50","6.50","4.00","Imported from legacy weekly grosses workbook"
"2022-08-31","Bullet Train","7:30 PM","17","0","0","0","17","144.50","legacy_excel_import","legacy_excel","I:\My Drive\Grosses\Archive\2022\8-26 Bullet Train.xlsx","8.50","6.50","4.00","Imported from legacy weekly grosses workbook"
"2022-08-31","bullit train","7:30 PM","17","0","0","0","17","144.50","legacy_excel_import","legacy_excel","I:\My Drive\Grosses\Archive\2022\8-26 bullit train.xlsx","8.50","6.50","4.00","Imported from legacy weekly grosses workbook"
"2022-09-02","DC Super Pets","7:30 PM","19","14","4","0","37","268.50","legacy_excel_import","legacy_excel","I:\My Drive\Grosses\Archive\2022\super pets.xlsx","8.50","6.50","4.00","Imported from legacy weekly grosses workbook"
"2022-09-04","DC Super Pets","2:30 PM","0","9","6","0","15","82.50","legacy_excel_import","legacy_excel","I:\My Drive\Grosses\Archive\2022\super pets.xlsx","8.50","6.50","4.00","Imported from legacy weekly grosses workbook"
"2022-09-05","DC Super Pets","7:30 PM","2","2","0","0","4","30.00","legacy_excel_import","legacy_excel","I:\My Drive\Grosses\Archive\2022\super pets.xlsx","8.50","6.50","4.00","Imported from legacy weekly grosses workbook"
"2022-09-07","DC Super Pets","7:30 PM","1","3","0","0","4","28.00","legacy_excel_import","legacy_excel","I:\My Drive\Grosses\Archive\2022\super pets.xlsx","8.50","6.50","4.00","Imported from legacy weekly grosses workbook"
"2022-09-09","Spiderman NWH","7:30 PM","13","3","0","0","16","130.00","legacy_excel_import","legacy_excel","I:\My Drive\Grosses\Archive\2022\9-9 Spiderman NWH.xlsx","8.50","6.50","4.00","Imported from legacy weekly grosses workbook"
"2022-09-10","Spiderman NWH","7:30 PM","0","9","0","0","9","58.50","legacy_excel_import","legacy_excel","I:\My Drive\Grosses\Archive\2022\9-9 Spiderman NWH.xlsx","8.50","6.50","4.00","Imported from legacy weekly grosses workbook"
"2022-09-11","Spiderman NWH","2:30 PM","0","11","0","0","11","71.50","legacy_excel_import","legacy_excel","I:\My Drive\Grosses\Archive\2022\9-9 Spiderman NWH.xlsx","8.50","6.50","4.00","Imported from legacy weekly grosses workbook"
"2022-09-13","Spiderman NWH","7:30 PM","0","5","1","0","6","36.50","legacy_excel_import","legacy_excel","I:\My Drive\Grosses\Archive\2022\9-9 Spiderman NWH.xlsx","8.50","6.50","4.00","Imported from legacy weekly grosses workbook"
"2022-09-14","Spiderman NWH","7:30 PM","0","6","0","0","6","39.00","legacy_excel_import","legacy_excel","I:\My Drive\Grosses\Archive\2022\9-9 Spiderman NWH.xlsx","8.50","6.50","4.00","Imported from legacy weekly grosses workbook"
"2022-09-16","Beast","7:30 PM","10","1","0","0","11","91.50","legacy_excel_import","legacy_excel","I:\My Drive\Grosses\Archive\2022\9-16 Beast.xlsx","8.50","6.50","4.00","Imported from legacy weekly grosses workbook"
"2022-09-17","Beast","7:30 PM","20","2","2","0","24","191.00","legacy_excel_import","legacy_excel","I:\My Drive\Grosses\Archive\2022\9-16 Beast.xlsx","8.50","6.50","4.00","Imported from legacy weekly grosses workbook"
"2022-09-18","Beast","2:30 PM","0","7","0","0","7","45.50","legacy_excel_import","legacy_excel","I:\My Drive\Grosses\Archive\2022\9-16 Beast.xlsx","8.50","6.50","4.00","Imported from legacy weekly grosses workbook"
"2022-09-19","Beast","7:30 PM","5","0","0","0","5","42.50","legacy_excel_import","legacy_excel","I:\My Drive\Grosses\Archive\2022\9-16 Beast.xlsx","8.50","6.50","4.00","Imported from legacy weekly grosses workbook"
"2022-09-21","Beast","7:30 PM","7","0","0","0","7","59.50","legacy_excel_import","legacy_excel","I:\My Drive\Grosses\Archive\2022\9-16 Beast.xlsx","8.50","6.50","4.00","Imported from legacy weekly grosses workbook"
"2022-09-23","Gigi & Nate","7:30 PM","5","1","0","0","6","49.00","legacy_excel_import","legacy_excel","I:\My Drive\Grosses\Archive\2022\9-23 Gigi & Nate Grosses.xlsx","8.50","6.50","4.00","Imported from legacy weekly grosses workbook"
"2022-09-25","Gigi & Nate","2:30 PM","0","16","2","0","18","112.00","legacy_excel_import","legacy_excel","I:\My Drive\Grosses\Archive\2022\9-23 Gigi & Nate Grosses.xlsx","8.50","6.50","4.00","Imported from legacy weekly grosses workbook"
"2022-09-27","Gigi & Nate","7:30 PM","2","0","2","0","4","25.00","legacy_excel_import","legacy_excel","I:\My Drive\Grosses\Archive\2022\9-23 Gigi & Nate Grosses.xlsx","8.50","6.50","4.00","Imported from legacy weekly grosses workbook"
"2022-09-28","Gigi & Nate","7:30 PM","6","3","3","0","12","82.50","legacy_excel_import","legacy_excel","I:\My Drive\Grosses\Archive\2022\9-23 Gigi & Nate Grosses.xlsx","8.50","6.50","4.00","Imported from legacy weekly grosses workbook"
"2022-09-30","Fall","7:30 PM","3","7","0","0","10","71.00","legacy_excel_import","legacy_excel","I:\My Drive\Grosses\Archive\2022\9-30 Fall.xlsx","8.50","6.50","4.00","Imported from legacy weekly grosses workbook"
"2022-10-01","Fall","7:30 PM","8","6","0","0","14","107.00","legacy_excel_import","legacy_excel","I:\My Drive\Grosses\Archive\2022\9-30 Fall.xlsx","8.50","6.50","4.00","Imported from legacy weekly grosses workbook"
"2022-10-02","Fall","2:30 PM","0","0","5","0","5","20.00","legacy_excel_import","legacy_excel","I:\My Drive\Grosses\Archive\2022\9-30 Fall.xlsx","8.50","6.50","4.00","Imported from legacy weekly grosses workbook"
"2022-10-03","Fall","7:30 PM","2","3","1","0","6","40.50","legacy_excel_import","legacy_excel","I:\My Drive\Grosses\Archive\2022\9-30 Fall.xlsx","8.50","6.50","4.00","Imported from legacy weekly grosses workbook"
"2022-10-04","Fall","7:30 PM","1","0","0","0","1","8.50","legacy_excel_import","legacy_excel","I:\My Drive\Grosses\Archive\2022\9-30 Fall.xlsx","8.50","6.50","4.00","Imported from legacy weekly grosses workbook"
"2022-10-05","Fall","7:30 PM","0","0","2","0","2","8.00","legacy_excel_import","legacy_excel","I:\My Drive\Grosses\Archive\2022\9-30 Fall.xlsx","8.50","6.50","4.00","Imported from legacy weekly grosses workbook"
"2022-10-07","Lyle Lyle Crocodile","7:30 PM","12","10","1","0","23","171.00","legacy_excel_import","legacy_excel","I:\My Drive\Grosses\Archive\2022\10-7 Lyle Lyle.xlsx","8.50","6.50","4.00","Imported from legacy weekly grosses workbook"
"2022-10-08","Lyle Lyle Crocodile","7:30 PM","11","6","0","0","17","132.50","legacy_excel_import","legacy_excel","I:\My Drive\Grosses\Archive\2022\10-7 Lyle Lyle.xlsx","8.50","6.50","4.00","Imported from legacy weekly grosses workbook"
"2022-10-09","Lyle Lyle Crocodile","2:30 PM","0","17","3","0","20","122.50","legacy_excel_import","legacy_excel","I:\My Drive\Grosses\Archive\2022\10-7 Lyle Lyle.xlsx","8.50","6.50","4.00","Imported from legacy weekly grosses workbook"
"2022-10-14","Lyle Lyle Crocodile","7:30 PM","2","5","0","0","7","49.50","legacy_excel_import","legacy_excel","I:\My Drive\Grosses\Archive\2022\10-14 lyle.xlsx","8.50","6.50","4.00","Imported from legacy weekly grosses workbook"
"2022-10-15","Lyle Lyle Crocodile","7:30 PM","13","10","0","0","23","175.50","legacy_excel_import","legacy_excel","I:\My Drive\Grosses\Archive\2022\10-14 lyle.xlsx","8.50","6.50","4.00","Imported from legacy weekly grosses workbook"
"2022-10-16","Lyle Lyle Crocodile","2:30 PM","0","21","0","0","21","136.50","legacy_excel_import","legacy_excel","I:\My Drive\Grosses\Archive\2022\10-14 lyle.xlsx","8.50","6.50","4.00","Imported from legacy weekly grosses workbook"
"2022-10-21","Black Adam","7:30 PM","30","5","7","0","42","315.50","legacy_excel_import","legacy_excel","I:\My Drive\Grosses\Archive\2022\10-21 Black Adam.xlsx","8.50","6.50","4.00","Imported from legacy weekly grosses workbook"
"2022-10-22","Black Adam","7:30 PM","20","10","4","0","34","251.00","legacy_excel_import","legacy_excel","I:\My Drive\Grosses\Archive\2022\10-21 Black Adam.xlsx","8.50","6.50","4.00","Imported from legacy weekly grosses workbook"
"2022-10-23","Black Adam","2:30 PM","0","27","9","0","36","211.50","legacy_excel_import","legacy_excel","I:\My Drive\Grosses\Archive\2022\10-21 Black Adam.xlsx","8.50","6.50","4.00","Imported from legacy weekly grosses workbook"
"2022-10-29","black adam","7:30 PM","37","9","3","0","49","385.00","legacy_excel_import","legacy_excel","I:\My Drive\Grosses\Archive\2022\black adam wk 2.xlsx","8.50","6.50","4.00","Imported from legacy weekly grosses workbook"
"2022-10-30","black adam","2:30 PM","0","41","0","0","41","266.50","legacy_excel_import","legacy_excel","I:\My Drive\Grosses\Archive\2022\black adam wk 2.xlsx","8.50","6.50","4.00","Imported from legacy weekly grosses workbook"
"2022-11-04","Ticket to paradise","7:30 PM","18","21","0","0","39","289.50","legacy_excel_import","legacy_excel","I:\My Drive\Grosses\Archive\2022\11-4 ticket to paradise.xlsx","8.50","6.50","4.00","Imported from legacy weekly grosses workbook"
"2022-11-05","Ticket to paradise","7:30 PM","18","7","3","0","28","210.50","legacy_excel_import","legacy_excel","I:\My Drive\Grosses\Archive\2022\11-4 ticket to paradise.xlsx","8.50","6.50","4.00","Imported from legacy weekly grosses workbook"
"2022-11-06","Ticket to paradise","2:30 PM","0","40","5","0","45","280.00","legacy_excel_import","legacy_excel","I:\My Drive\Grosses\Archive\2022\11-4 ticket to paradise.xlsx","8.50","6.50","4.00","Imported from legacy weekly grosses workbook"
"2022-11-11","Black Panther","7:30 PM","29","20","9","0","58","412.50","legacy_excel_import","legacy_excel","I:\My Drive\Grosses\Archive\2022\Black Panther 11-11.xlsx","8.50","6.50","4.00","Imported from legacy weekly grosses workbook"
"2022-11-12","Black Panther","7:30 PM","48","14","4","0","66","515.00","legacy_excel_import","legacy_excel","I:\My Drive\Grosses\Archive\2022\Black Panther 11-11.xlsx","8.50","6.50","4.00","Imported from legacy weekly grosses workbook"
"2022-11-13","Black Panther","2:30 PM","0","25","5","0","30","182.50","legacy_excel_import","legacy_excel","I:\My Drive\Grosses\Archive\2022\Black Panther 11-11.xlsx","8.50","6.50","4.00","Imported from legacy weekly grosses workbook"
"2022-11-18","Black Panther","7:30 PM","15","4","1","0","20","157.50","legacy_excel_import","legacy_excel","I:\My Drive\Grosses\Archive\2022\11-18 Black Panther.xlsx","8.50","6.50","4.00","Imported from legacy weekly grosses workbook"
"2022-11-19","Black Panther","7:30 PM","23","1","5","0","29","222.00","legacy_excel_import","legacy_excel","I:\My Drive\Grosses\Archive\2022\11-18 Black Panther.xlsx","8.50","6.50","4.00","Imported from legacy weekly grosses workbook"
"2022-11-20","Black Panther","2:30 PM","0","10","2","0","12","73.00","legacy_excel_import","legacy_excel","I:\My Drive\Grosses\Archive\2022\11-18 Black Panther.xlsx","8.50","6.50","4.00","Imported from legacy weekly grosses workbook"
"2022-11-22","Moon Fall","7:30 PM","19","2","2","0","23","182.50","legacy_excel_import","legacy_excel","I:\My Drive\Grosses\Archive\2022\Moon Fall Grosses 2.11.2022-2.17.2022.xlsx","8.50","6.50","4.00","Imported from legacy weekly grosses workbook"
"2022-11-23","Moon Fall","7:30 PM","8","1","3","0","12","86.50","legacy_excel_import","legacy_excel","I:\My Drive\Grosses\Archive\2022\Moon Fall Grosses 2.11.2022-2.17.2022.xlsx","8.50","6.50","4.00","Imported from legacy weekly grosses workbook"
"2022-11-24","Moon Fall","2:30 PM","0","8","1","0","9","56.00","legacy_excel_import","legacy_excel","I:\My Drive\Grosses\Archive\2022\Moon Fall Grosses 2.11.2022-2.17.2022.xlsx","8.50","6.50","4.00","Imported from legacy weekly grosses workbook"
"2022-11-25","Moon Fall","7:30 PM","18","2","0","0","20","166.00","legacy_excel_import","legacy_excel","I:\My Drive\Grosses\Archive\2022\Moon Fall Grosses 2.11.2022-2.17.2022.xlsx","8.50","6.50","4.00","Imported from legacy weekly grosses workbook"
"2022-11-25","Strange World","7:30 PM","10","9","0","0","19","143.50","legacy_excel_import","legacy_excel","I:\My Drive\Grosses\Archive\2022\strange world.xlsx","8.50","6.50","4.00","Imported from legacy weekly grosses workbook"
"2022-11-26","Moon Fall","7:30 PM","2","4","0","0","6","43.00","legacy_excel_import","legacy_excel","I:\My Drive\Grosses\Archive\2022\Moon Fall Grosses 2.11.2022-2.17.2022.xlsx","8.50","6.50","4.00","Imported from legacy weekly grosses workbook"
"2022-11-26","Strange World","7:30 PM","5","9","0","0","14","101.00","legacy_excel_import","legacy_excel","I:\My Drive\Grosses\Archive\2022\strange world.xlsx","8.50","6.50","4.00","Imported from legacy weekly grosses workbook"
"2022-11-27","Moon Fall","7:30 PM","1","1","3","0","5","27.00","legacy_excel_import","legacy_excel","I:\My Drive\Grosses\Archive\2022\Moon Fall Grosses 2.11.2022-2.17.2022.xlsx","8.50","6.50","4.00","Imported from legacy weekly grosses workbook"
"2022-11-27","Strange World","2:30 PM","0","14","1","0","15","95.00","legacy_excel_import","legacy_excel","I:\My Drive\Grosses\Archive\2022\strange world.xlsx","8.50","6.50","4.00","Imported from legacy weekly grosses workbook"
"2022-12-09","12-9 Devotion","7:30 PM","9","9","0","0","18","135.00","legacy_excel_import","legacy_excel","I:\My Drive\Grosses\Archive\2022\12-9 Devotion.xlsx","8.50","6.50","4.00","Imported from legacy weekly grosses workbook"
"2022-12-10","12-9 Devotion","7:30 PM","2","2","5","0","9","50.00","legacy_excel_import","legacy_excel","I:\My Drive\Grosses\Archive\2022\12-9 Devotion.xlsx","8.50","6.50","4.00","Imported from legacy weekly grosses workbook"
"2022-12-11","12-9 Devotion","2:30 PM","0","5","0","0","5","32.50","legacy_excel_import","legacy_excel","I:\My Drive\Grosses\Archive\2022\12-9 Devotion.xlsx","8.50","6.50","4.00","Imported from legacy weekly grosses workbook"
"2022-12-16","Avatar 2","7:30 PM","76","14","5","0","95","757.00","legacy_excel_import","legacy_excel","I:\My Drive\Grosses\Archive\2022\12-16 avatar.xlsx","8.50","6.50","4.00","Imported from legacy weekly grosses workbook"
"2022-12-17","Avatar 2","7:30 PM","53","11","4","0","68","538.00","legacy_excel_import","legacy_excel","I:\My Drive\Grosses\Archive\2022\12-16 avatar.xlsx","8.50","6.50","4.00","Imported from legacy weekly grosses workbook"
"2022-12-18","Avatar 2","2:30 PM","0","76","7","0","83","522.00","legacy_excel_import","legacy_excel","I:\My Drive\Grosses\Archive\2022\12-16 avatar.xlsx","8.50","6.50","4.00","Imported from legacy weekly grosses workbook"
"2022-12-23","Avatar 2","7:30 PM","35","6","0","0","41","336.50","legacy_excel_import","legacy_excel","I:\My Drive\Grosses\Archive\2022\avatar week 2.xlsx","8.50","6.50","4.00","Imported from legacy weekly grosses workbook"
"2022-12-24","Avatar 2","7:30 PM","16","8","2","0","26","196.00","legacy_excel_import","legacy_excel","I:\My Drive\Grosses\Archive\2022\avatar week 2.xlsx","8.50","6.50","4.00","Imported from legacy weekly grosses workbook"
"2022-12-30","Avatar 2","7:30 PM","31","20","0","0","51","393.50","legacy_excel_import","legacy_excel","I:\My Drive\Grosses\Archive\2022\12-30 Avatar 2.xlsx","8.50","6.50","4.00","Imported from legacy weekly grosses workbook"
"2022-12-31","Avatar 2","7:30 PM","26","6","0","0","32","260.00","legacy_excel_import","legacy_excel","I:\My Drive\Grosses\Archive\2022\12-30 Avatar 2.xlsx","8.50","6.50","4.00","Imported from legacy weekly grosses workbook"
"2023-01-01","Avatar 2","2:30 PM","11","60","2","0","73","491.50","legacy_excel_import","legacy_excel","I:\My Drive\Grosses\Archive\2022\12-30 Avatar 2.xlsx","8.50","6.50","4.00","Imported from legacy weekly grosses workbook"
"2023-01-06","Avatar","7:30 PM","18","2","0","0","20","166.00","legacy_excel_import","legacy_excel","I:\My Drive\Grosses\Archive\2023\1-6Avatar.xlsx","8.50","6.50","4.00","Imported from legacy weekly grosses workbook"
"2023-01-07","Avatar","7:30 PM","53","17","0","0","70","561.00","legacy_excel_import","legacy_excel","I:\My Drive\Grosses\Archive\2023\1-6Avatar.xlsx","8.50","6.50","4.00","Imported from legacy weekly grosses workbook"
"2023-01-08","Avatar","2:30 PM","4","30","6","0","40","253.00","legacy_excel_import","legacy_excel","I:\My Drive\Grosses\Archive\2023\1-6Avatar.xlsx","8.50","6.50","4.00","Imported from legacy weekly grosses workbook"
"2023-01-13","puss in boots","7:30 PM","23","10","0","0","33","260.50","legacy_excel_import","legacy_excel","I:\My Drive\Grosses\Archive\2023\1-13 puss in boots.xlsx","8.50","6.50","4.00","Imported from legacy weekly grosses workbook"
"2023-01-14","puss in boots","7:30 PM","35","26","2","0","63","474.50","legacy_excel_import","legacy_excel","I:\My Drive\Grosses\Archive\2023\1-13 puss in boots.xlsx","8.50","6.50","4.00","Imported from legacy weekly grosses workbook"
"2023-01-15","puss in boots","2:30 PM","0","53","2","0","55","352.50","legacy_excel_import","legacy_excel","I:\My Drive\Grosses\Archive\2023\1-13 puss in boots.xlsx","8.50","6.50","4.00","Imported from legacy weekly grosses workbook"
"2023-01-20","Puss In Boots","7:30 PM","12","4","3","0","19","140.00","legacy_excel_import","legacy_excel","I:\My Drive\Grosses\Archive\2023\1-20 Puss In Boots.xlsx","8.50","6.50","4.00","Imported from legacy weekly grosses workbook"
"2023-01-21","Puss In Boots","7:30 PM","23","18","2","0","43","320.50","legacy_excel_import","legacy_excel","I:\My Drive\Grosses\Archive\2023\1-20 Puss In Boots.xlsx","8.50","6.50","4.00","Imported from legacy weekly grosses workbook"
"2023-01-22","Puss In Boots","2:30 PM","0","28","8","0","36","214.00","legacy_excel_import","legacy_excel","I:\My Drive\Grosses\Archive\2023\1-20 Puss In Boots.xlsx","8.50","6.50","4.00","Imported from legacy weekly grosses workbook"
"2023-01-27","A Man Called Otto","7:30 PM","18","50","6","0","74","502.00","legacy_excel_import","legacy_excel","I:\My Drive\Grosses\Archive\2023\1-27 A man called otto.xlsx","8.50","6.50","4.00","Imported from legacy weekly grosses workbook"
"2023-01-28","A Man Called Otto","7:30 PM","24","22","3","0","49","359.00","legacy_excel_import","legacy_excel","I:\My Drive\Grosses\Archive\2023\1-27 A man called otto.xlsx","8.50","6.50","4.00","Imported from legacy weekly grosses workbook"
"2023-01-29","A Man Called Otto","2:30 PM","1","75","4","0","80","512.00","legacy_excel_import","legacy_excel","I:\My Drive\Grosses\Archive\2023\1-27 A man called otto.xlsx","8.50","6.50","4.00","Imported from legacy weekly grosses workbook"
"2023-02-03","80 for brady","7:30 PM","14","8","0","0","22","171.00","legacy_excel_import","legacy_excel","I:\My Drive\Grosses\Archive\2023\2-3 80 for brady.xlsx","8.50","6.50","4.00","Imported from legacy weekly grosses workbook"
"2023-02-04","80 for brady","7:30 PM","11","4","0","0","15","119.50","legacy_excel_import","legacy_excel","I:\My Drive\Grosses\Archive\2023\2-3 80 for brady.xlsx","8.50","6.50","4.00","Imported from legacy weekly grosses workbook"
"2023-02-05","80 for brady","2:30 PM","0","44","4","0","48","302.00","legacy_excel_import","legacy_excel","I:\My Drive\Grosses\Archive\2023\2-3 80 for brady.xlsx","8.50","6.50","4.00","Imported from legacy weekly grosses workbook"
"2023-02-10","80 for Brady","7:30 PM","4","4","0","0","8","60.00","legacy_excel_import","legacy_excel","I:\My Drive\Grosses\Archive\2023\2-10 80 for brady.xlsx","8.50","6.50","4.00","Imported from legacy weekly grosses workbook"
"2023-02-11","80 for Brady","7:30 PM","19","15","2","0","36","267.00","legacy_excel_import","legacy_excel","I:\My Drive\Grosses\Archive\2023\2-10 80 for brady.xlsx","8.50","6.50","4.00","Imported from legacy weekly grosses workbook"
"2023-02-17","2-17 antman","7:30 PM","27","12","3","0","42","319.50","legacy_excel_import","legacy_excel","I:\My Drive\Grosses\Archive\2023\2-17 antman.xlsx","8.50","6.50","4.00","Imported from legacy weekly grosses workbook"
"2023-02-18","2-17 antman","7:30 PM","64","26","0","0","90","713.00","legacy_excel_import","legacy_excel","I:\My Drive\Grosses\Archive\2023\2-17 antman.xlsx","8.50","6.50","4.00","Imported from legacy weekly grosses workbook"
"2023-02-19","2-17 antman","2:30 PM","6","44","10","0","60","377.00","legacy_excel_import","legacy_excel","I:\My Drive\Grosses\Archive\2023\2-17 antman.xlsx","8.50","6.50","4.00","Imported from legacy weekly grosses workbook"
"2023-02-24","2-24 antman","7:30 PM","38","10","4","0","52","404.00","legacy_excel_import","legacy_excel","I:\My Drive\Grosses\Archive\2023\2-24 antman.xlsx","8.50","6.50","4.00","Imported from legacy weekly grosses workbook"
"2023-02-25","2-24 antman","7:30 PM","19","7","4","0","30","223.00","legacy_excel_import","legacy_excel","I:\My Drive\Grosses\Archive\2023\2-24 antman.xlsx","8.50","6.50","4.00","Imported from legacy weekly grosses workbook"
"2023-02-26","2-24 antman","2:30 PM","0","24","5","0","29","176.00","legacy_excel_import","legacy_excel","I:\My Drive\Grosses\Archive\2023\2-24 antman.xlsx","8.50","6.50","4.00","Imported from legacy weekly grosses workbook"
"2023-03-03","jesus revolution","7:30 PM","55","40","2","0","97","735.50","legacy_excel_import","legacy_excel","I:\My Drive\Grosses\Archive\2023\3-3 jesus revolution.xlsx","8.50","6.50","4.00","Imported from legacy weekly grosses workbook"
"2023-03-04","jesus revolution","7:30 PM","58","22","2","0","82","644.00","legacy_excel_import","legacy_excel","I:\My Drive\Grosses\Archive\2023\3-3 jesus revolution.xlsx","8.50","6.50","4.00","Imported from legacy weekly grosses workbook"
"2023-03-05","jesus revolution","2:30 PM","0","173","1","0","174","1128.50","legacy_excel_import","legacy_excel","I:\My Drive\Grosses\Archive\2023\3-3 jesus revolution.xlsx","8.50","6.50","4.00","Imported from legacy weekly grosses workbook"
"2023-03-10","Jesus Revolution","7:30 PM","58","21","5","0","84","649.50","legacy_excel_import","legacy_excel","I:\My Drive\Grosses\Archive\2023\3-10 Jesus Revolution.xlsx","8.50","6.50","4.00","Imported from legacy weekly grosses workbook"
"2023-03-11","Jesus Revolution","7:30 PM","38","12","2","0","52","409.00","legacy_excel_import","legacy_excel","I:\My Drive\Grosses\Archive\2023\3-10 Jesus Revolution.xlsx","8.50","6.50","4.00","Imported from legacy weekly grosses workbook"
"2023-03-12","Jesus Revolution","2:30 PM","0","88","8","0","96","604.00","legacy_excel_import","legacy_excel","I:\My Drive\Grosses\Archive\2023\3-10 Jesus Revolution.xlsx","8.50","6.50","4.00","Imported from legacy weekly grosses workbook"
"2023-03-17","shazaam","7:30 PM","19","13","0","0","32","246.00","legacy_excel_import","legacy_excel","I:\My Drive\Grosses\Archive\2023\3-17 shazaam.xlsx","8.50","6.50","4.00","Imported from legacy weekly grosses workbook"
"2023-03-18","shazaam","7:30 PM","17","7","4","0","28","206.00","legacy_excel_import","legacy_excel","I:\My Drive\Grosses\Archive\2023\3-17 shazaam.xlsx","8.50","6.50","4.00","Imported from legacy weekly grosses workbook"
"2023-03-19","shazaam","2:30 PM","0","23","3","0","26","161.50","legacy_excel_import","legacy_excel","I:\My Drive\Grosses\Archive\2023\3-17 shazaam.xlsx","8.50","6.50","4.00","Imported from legacy weekly grosses workbook"
"2023-03-24","shazaam","7:30 PM","22","7","0","0","29","232.50","legacy_excel_import","legacy_excel","I:\My Drive\Grosses\Archive\2023\3-24 Shazaam.xlsx","8.50","6.50","4.00","Imported from legacy weekly grosses workbook"
"2023-03-26","shazaam","2:30 PM","0","18","6","0","24","141.00","legacy_excel_import","legacy_excel","I:\My Drive\Grosses\Archive\2023\3-24 Shazaam.xlsx","8.50","6.50","4.00","Imported from legacy weekly grosses workbook"
"2023-03-31","Champions","7:30 PM","21","16","0","0","37","282.50","legacy_excel_import","legacy_excel","I:\My Drive\Grosses\Archive\2023\3-31 champions.xlsx","8.50","6.50","4.00","Imported from legacy weekly grosses workbook"
"2023-04-01","Champions","7:30 PM","9","13","5","0","27","181.00","legacy_excel_import","legacy_excel","I:\My Drive\Grosses\Archive\2023\3-31 champions.xlsx","8.50","6.50","4.00","Imported from legacy weekly grosses workbook"
"2023-04-02","Champions","2:30 PM","9","13","8","0","30","193.00","legacy_excel_import","legacy_excel","I:\My Drive\Grosses\Archive\2023\3-31 champions.xlsx","8.50","6.50","4.00","Imported from legacy weekly grosses workbook"
"2023-04-07","Mario","7:30 PM","78","56","3","0","137","1039.00","legacy_excel_import","legacy_excel","I:\My Drive\Grosses\Archive\2023\4-7 mario.xlsx","8.50","6.50","4.00","Imported from legacy weekly grosses workbook"
"2023-04-08","Mario","7:30 PM","58","38","4","0","100","756.00","legacy_excel_import","legacy_excel","I:\My Drive\Grosses\Archive\2023\4-7 mario.xlsx","8.50","6.50","4.00","Imported from legacy weekly grosses workbook"
"2023-04-09","Mario","2:30 PM","0","69","5","0","74","468.50","legacy_excel_import","legacy_excel","I:\My Drive\Grosses\Archive\2023\4-7 mario.xlsx","8.50","6.50","4.00","Imported from legacy weekly grosses workbook"
"2023-04-10","Mario","7:30 PM","62","51","4","0","117","874.50","legacy_excel_import","legacy_excel","I:\My Drive\Grosses\Archive\2023\4-7 mario.xlsx","8.50","6.50","4.00","Imported from legacy weekly grosses workbook"
"2023-04-15","mario","7:30 PM","62","51","4","0","117","874.50","legacy_excel_import","legacy_excel","I:\My Drive\Grosses\Archive\2023\4-15 mario.xlsx","8.50","6.50","4.00","Imported from legacy weekly grosses workbook"
"2023-04-16","mario","7:30 PM","42","16","4","0","62","477.00","legacy_excel_import","legacy_excel","I:\My Drive\Grosses\Archive\2023\4-15 mario.xlsx","8.50","6.50","4.00","Imported from legacy weekly grosses workbook"
"2023-04-17","mario","2:30 PM","2","120","0","0","122","797.00","legacy_excel_import","legacy_excel","I:\My Drive\Grosses\Archive\2023\4-15 mario.xlsx","8.50","6.50","4.00","Imported from legacy weekly grosses workbook"
"2023-04-21","mario","7:30 PM","26","24","0","0","50","377.00","legacy_excel_import","legacy_excel","I:\My Drive\Grosses\Archive\2023\4-21 mario.xlsx","8.50","6.50","4.00","Imported from legacy weekly grosses workbook"
"2023-04-22","mario","7:30 PM","32","25","0","0","57","434.50","legacy_excel_import","legacy_excel","I:\My Drive\Grosses\Archive\2023\4-21 mario.xlsx","8.50","6.50","4.00","Imported from legacy weekly grosses workbook"
"2023-04-23","Elemental","7:30 PM","0","0","18","0","18","90.00","legacy_excel_import","legacy_excel","I:\My Drive\Grosses\Archive\2023\4-22 Elemental.xlsx","8.50","6.50","5.00","Imported from legacy weekly grosses workbook"
"2023-04-23","mario","2:30 PM","0","40","0","0","40","260.00","legacy_excel_import","legacy_excel","I:\My Drive\Grosses\Archive\2023\4-21 mario.xlsx","8.50","6.50","4.00","Imported from legacy weekly grosses workbook"
"2023-04-28","Dungeones & dragons","7:30 PM","36","4","3","0","43","344.00","legacy_excel_import","legacy_excel","I:\My Drive\Grosses\Archive\2023\4-28 d&d.xlsx","8.50","6.50","4.00","Imported from legacy weekly grosses workbook"
"2023-04-29","Dungeones & dragons","7:30 PM","49","8","6","0","63","492.50","legacy_excel_import","legacy_excel","I:\My Drive\Grosses\Archive\2023\4-28 d&d.xlsx","8.50","6.50","4.00","Imported from legacy weekly grosses workbook"
"2023-04-30","Dungeones & dragons","2:30 PM","0","23","16","0","39","213.50","legacy_excel_import","legacy_excel","I:\My Drive\Grosses\Archive\2023\4-28 d&d.xlsx","8.50","6.50","4.00","Imported from legacy weekly grosses workbook"
"2023-05-05","guardians of the galaxy vol.3","7:30 PM","53","17","4","0","74","577.00","legacy_excel_import","legacy_excel","I:\My Drive\Grosses\Archive\2023\5-5 guardians of the galaxy vol.3.xlsx","8.50","6.50","4.00","Imported from legacy weekly grosses workbook"
"2023-05-06","guardians of the galaxy vol.3","7:30 PM","91","25","1","0","117","940.00","legacy_excel_import","legacy_excel","I:\My Drive\Grosses\Archive\2023\5-5 guardians of the galaxy vol.3.xlsx","8.50","6.50","4.00","Imported from legacy weekly grosses workbook"
"2023-05-07","guardians of the galaxy vol.3","2:30 PM","0","134","0","0","134","871.00","legacy_excel_import","legacy_excel","I:\My Drive\Grosses\Archive\2023\5-5 guardians of the galaxy vol.3.xlsx","8.50","6.50","4.00","Imported from legacy weekly grosses workbook"
"2023-05-08","guardians of the galaxy vol.3","7:30 PM","7","3","5","0","15","99.00","legacy_excel_import","legacy_excel","I:\My Drive\Grosses\Archive\2023\5-5 guardians of the galaxy vol.3.xlsx","8.50","6.50","4.00","Imported from legacy weekly grosses workbook"
"2023-05-09","guardians of the galaxy vol.3","7:30 PM","5","1","0","0","6","49.00","legacy_excel_import","legacy_excel","I:\My Drive\Grosses\Archive\2023\5-5 guardians of the galaxy vol.3.xlsx","8.50","6.50","4.00","Imported from legacy weekly grosses workbook"
"2023-05-10","guardians of the galaxy vol.3","7:30 PM","8","1","1","0","10","78.50","legacy_excel_import","legacy_excel","I:\My Drive\Grosses\Archive\2023\5-5 guardians of the galaxy vol.3.xlsx","8.50","6.50","4.00","Imported from legacy weekly grosses workbook"
"2023-05-12","Guadians of Galaxy","7:30 PM","39","7","3","0","49","389.00","legacy_excel_import","legacy_excel","I:\My Drive\Grosses\Archive\2023\5-12 guadians.xlsx","8.50","6.50","4.00","Imported from legacy weekly grosses workbook"
"2023-05-13","Guadians of Galaxy","7:30 PM","50","8","0","0","58","477.00","legacy_excel_import","legacy_excel","I:\My Drive\Grosses\Archive\2023\5-12 guadians.xlsx","8.50","6.50","4.00","Imported from legacy weekly grosses workbook"
"2023-05-15","Guadians of Galaxy","7:30 PM","11","6","2","0","19","140.50","legacy_excel_import","legacy_excel","I:\My Drive\Grosses\Archive\2023\5-12 guadians.xlsx","8.50","6.50","4.00","Imported from legacy weekly grosses workbook"
"2023-05-16","Guadians of Galaxy","7:30 PM","6","1","0","0","7","57.50","legacy_excel_import","legacy_excel","I:\My Drive\Grosses\Archive\2023\5-12 guadians.xlsx","8.50","6.50","4.00","Imported from legacy weekly grosses workbook"
"2023-05-17","Guadians of Galaxy","7:30 PM","23","0","0","0","23","195.50","legacy_excel_import","legacy_excel","I:\My Drive\Grosses\Archive\2023\5-12 guadians.xlsx","8.50","6.50","4.00","Imported from legacy weekly grosses workbook"
"2023-05-19","Guardians of the Galaxy 3","7:30 PM","38","7","0","0","45","368.50","legacy_excel_import","legacy_excel","I:\My Drive\Grosses\Archive\2023\5-19 guardians of galaxy.xlsx","8.50","6.50","4.00","Imported from legacy weekly grosses workbook"
"2023-05-20","Guardians of the Galaxy 3","7:30 PM","17","24","0","0","41","300.50","legacy_excel_import","legacy_excel","I:\My Drive\Grosses\Archive\2023\5-19 guardians of galaxy.xlsx","8.50","6.50","4.00","Imported from legacy weekly grosses workbook"
"2023-05-21","Guardians of the Galaxy 3","2:30 PM","1","40","0","0","41","268.50","legacy_excel_import","legacy_excel","I:\My Drive\Grosses\Archive\2023\5-19 guardians of galaxy.xlsx","8.50","6.50","4.00","Imported from legacy weekly grosses workbook"
"2023-05-22","Guardians of the Galaxy 3","7:30 PM","6","2","1","0","9","68.00","legacy_excel_import","legacy_excel","I:\My Drive\Grosses\Archive\2023\5-19 guardians of galaxy.xlsx","8.50","6.50","4.00","Imported from legacy weekly grosses workbook"
"2023-05-23","Guardians of the Galaxy 3","7:30 PM","8","6","2","0","16","115.00","legacy_excel_import","legacy_excel","I:\My Drive\Grosses\Archive\2023\5-19 guardians of galaxy.xlsx","8.50","6.50","4.00","Imported from legacy weekly grosses workbook"
"2023-05-24","Guardians of the Galaxy 3","7:30 PM","11","5","4","0","20","142.00","legacy_excel_import","legacy_excel","I:\My Drive\Grosses\Archive\2023\5-19 guardians of galaxy.xlsx","8.50","6.50","4.00","Imported from legacy weekly grosses workbook"
"2023-05-26","little mermaid","7:30 PM","11","8","5","0","24","165.50","legacy_excel_import","legacy_excel","I:\My Drive\Grosses\Archive\2023\5-26 little mermaid.xlsx","8.50","6.50","4.00","Imported from legacy weekly grosses workbook"
"2023-05-27","little mermaid","7:30 PM","7","12","8","0","27","169.50","legacy_excel_import","legacy_excel","I:\My Drive\Grosses\Archive\2023\5-26 little mermaid.xlsx","8.50","6.50","4.00","Imported from legacy weekly grosses workbook"
"2023-05-28","little mermaid","2:30 PM","0","32","7","0","39","236.00","legacy_excel_import","legacy_excel","I:\My Drive\Grosses\Archive\2023\5-26 little mermaid.xlsx","8.50","6.50","4.00","Imported from legacy weekly grosses workbook"
"2023-05-29","little mermaid","7:30 PM","5","0","2","0","7","50.50","legacy_excel_import","legacy_excel","I:\My Drive\Grosses\Archive\2023\5-26 little mermaid.xlsx","8.50","6.50","4.00","Imported from legacy weekly grosses workbook"
"2023-05-30","little mermaid","7:30 PM","2","2","0","0","4","30.00","legacy_excel_import","legacy_excel","I:\My Drive\Grosses\Archive\2023\5-26 little mermaid.xlsx","8.50","6.50","4.00","Imported from legacy weekly grosses workbook"
"2023-05-31","little mermaid","7:30 PM","8","5","0","0","13","100.50","legacy_excel_import","legacy_excel","I:\My Drive\Grosses\Archive\2023\5-26 little mermaid.xlsx","8.50","6.50","4.00","Imported from legacy weekly grosses workbook"
"2023-06-02","The Little Mermaid","7:30 PM","11","11","0","0","22","165.00","legacy_excel_import","legacy_excel","I:\My Drive\Grosses\Archive\2023\6-2 Little Mermaid.xlsx","8.50","6.50","4.00","Imported from legacy weekly grosses workbook"
"2023-06-03","The Little Mermaid","7:30 PM","28","12","2","0","42","324.00","legacy_excel_import","legacy_excel","I:\My Drive\Grosses\Archive\2023\6-2 Little Mermaid.xlsx","8.50","6.50","4.00","Imported from legacy weekly grosses workbook"
"2023-06-04","The Little Mermaid","2:30 PM","0","11","2","0","13","79.50","legacy_excel_import","legacy_excel","I:\My Drive\Grosses\Archive\2023\6-2 Little Mermaid.xlsx","8.50","6.50","4.00","Imported from legacy weekly grosses workbook"
"2023-06-06","The Little Mermaid","7:30 PM","5","3","3","0","11","74.00","legacy_excel_import","legacy_excel","I:\My Drive\Grosses\Archive\2023\6-2 Little Mermaid.xlsx","8.50","6.50","4.00","Imported from legacy weekly grosses workbook"
"2023-06-09","Little Mermaid","7:30 PM","6","6","5","0","17","110.00","legacy_excel_import","legacy_excel","I:\My Drive\Grosses\Archive\2023\6-9 little mermaid.xlsx","8.50","6.50","4.00","Imported from legacy weekly grosses workbook"
"2023-06-10","Little Mermaid","7:30 PM","13","5","0","0","18","143.00","legacy_excel_import","legacy_excel","I:\My Drive\Grosses\Archive\2023\6-9 little mermaid.xlsx","8.50","6.50","4.00","Imported from legacy weekly grosses workbook"
"2023-06-11","Little Mermaid","2:30 PM","0","16","3","0","19","116.00","legacy_excel_import","legacy_excel","I:\My Drive\Grosses\Archive\2023\6-9 little mermaid.xlsx","8.50","6.50","4.00","Imported from legacy weekly grosses workbook"
"2023-06-12","Little Mermaid","7:30 PM","12","11","3","0","26","185.50","legacy_excel_import","legacy_excel","I:\My Drive\Grosses\Archive\2023\6-9 little mermaid.xlsx","8.50","6.50","4.00","Imported from legacy weekly grosses workbook"
"2023-06-13","Little Mermaid","7:30 PM","2","6","2","0","10","64.00","legacy_excel_import","legacy_excel","I:\My Drive\Grosses\Archive\2023\6-9 little mermaid.xlsx","8.50","6.50","4.00","Imported from legacy weekly grosses workbook"
"2023-06-14","Little Mermaid","7:30 PM","8","6","0","0","14","107.00","legacy_excel_import","legacy_excel","I:\My Drive\Grosses\Archive\2023\6-9 little mermaid.xlsx","8.50","6.50","4.00","Imported from legacy weekly grosses workbook"
"2023-06-16","Spider-Man Across the Spider-Verse","7:30 PM","25","8","0","0","33","264.50","legacy_excel_import","legacy_excel","I:\My Drive\Grosses\Archive\2023\6-16 Spider-Man Across the Spider-Verse.xlsx","8.50","6.50","4.00","Imported from legacy weekly grosses workbook"
"2023-06-17","Spider-Man Across the Spider-Verse","7:30 PM","37","13","0","0","50","399.00","legacy_excel_import","legacy_excel","I:\My Drive\Grosses\Archive\2023\6-16 Spider-Man Across the Spider-Verse.xlsx","8.50","6.50","4.00","Imported from legacy weekly grosses workbook"
"2023-06-18","Spider-Man Across the Spider-Verse","2:30 PM","0","44","0","0","44","286.00","legacy_excel_import","legacy_excel","I:\My Drive\Grosses\Archive\2023\6-16 Spider-Man Across the Spider-Verse.xlsx","8.50","6.50","4.00","Imported from legacy weekly grosses workbook"
"2023-06-19","Spider-Man Across the Spider-Verse","7:30 PM","16","13","9","0","38","256.50","legacy_excel_import","legacy_excel","I:\My Drive\Grosses\Archive\2023\6-16 Spider-Man Across the Spider-Verse.xlsx","8.50","6.50","4.00","Imported from legacy weekly grosses workbook"
"2023-06-20","Spider-Man Across the Spider-Verse","7:30 PM","12","9","4","0","25","176.50","legacy_excel_import","legacy_excel","I:\My Drive\Grosses\Archive\2023\6-16 Spider-Man Across the Spider-Verse.xlsx","8.50","6.50","4.00","Imported from legacy weekly grosses workbook"
"2023-06-21","Spider-Man Across the Spider-Verse","7:30 PM","23","9","1","0","33","258.00","legacy_excel_import","legacy_excel","I:\My Drive\Grosses\Archive\2023\6-16 Spider-Man Across the Spider-Verse.xlsx","8.50","6.50","4.00","Imported from legacy weekly grosses workbook"
"2023-06-23","Transformers Rise of the Beasts","7:30 PM","8","7","2","0","17","121.50","legacy_excel_import","legacy_excel","I:\My Drive\Grosses\Archive\2023\6-23 Transformers Rise of the Beasts.xlsx","8.50","6.50","4.00","Imported from legacy weekly grosses workbook"
"2023-06-24","Transformers Rise of the Beasts","7:30 PM","12","6","2","0","20","149.00","legacy_excel_import","legacy_excel","I:\My Drive\Grosses\Archive\2023\6-23 Transformers Rise of the Beasts.xlsx","8.50","6.50","4.00","Imported from legacy weekly grosses workbook"
"2023-06-25","Transformers Rise of the Beasts","2:30 PM","0","16","3","0","19","116.00","legacy_excel_import","legacy_excel","I:\My Drive\Grosses\Archive\2023\6-23 Transformers Rise of the Beasts.xlsx","8.50","6.50","4.00","Imported from legacy weekly grosses workbook"
"2023-06-26","Transformers Rise of the Beasts","7:30 PM","12","8","11","0","31","198.00","legacy_excel_import","legacy_excel","I:\My Drive\Grosses\Archive\2023\6-23 Transformers Rise of the Beasts.xlsx","8.50","6.50","4.00","Imported from legacy weekly grosses workbook"
"2023-06-27","Transformers Rise of the Beasts","7:30 PM","6","4","2","0","12","85.00","legacy_excel_import","legacy_excel","I:\My Drive\Grosses\Archive\2023\6-23 Transformers Rise of the Beasts.xlsx","8.50","6.50","4.00","Imported from legacy weekly grosses workbook"
"2023-06-28","Transformers Rise of the Beasts","7:30 PM","8","9","2","0","19","134.50","legacy_excel_import","legacy_excel","I:\My Drive\Grosses\Archive\2023\6-23 Transformers Rise of the Beasts.xlsx","8.50","6.50","4.00","Imported from legacy weekly grosses workbook"
"2023-06-30","The Flash","7:30 PM","7","1","0","0","8","66.00","legacy_excel_import","legacy_excel","I:\My Drive\Grosses\Archive\2023\6-30 flash.xlsx","8.50","6.50","4.00","Imported from legacy weekly grosses workbook"
"2023-07-01","The Flash","7:30 PM","10","4","0","0","14","111.00","legacy_excel_import","legacy_excel","I:\My Drive\Grosses\Archive\2023\6-30 flash.xlsx","8.50","6.50","4.00","Imported from legacy weekly grosses workbook"
"2023-07-02","The Flash","2:30 PM","0","16","1","0","17","108.00","legacy_excel_import","legacy_excel","I:\My Drive\Grosses\Archive\2023\6-30 flash.xlsx","8.50","6.50","4.00","Imported from legacy weekly grosses workbook"
"2023-07-03","The Flash","7:30 PM","12","3","2","0","17","129.50","legacy_excel_import","legacy_excel","I:\My Drive\Grosses\Archive\2023\6-30 flash.xlsx","8.50","6.50","4.00","Imported from legacy weekly grosses workbook"
"2023-07-05","The Flash","7:30 PM","5","11","2","0","18","122.00","legacy_excel_import","legacy_excel","I:\My Drive\Grosses\Archive\2023\6-30 flash.xlsx","8.50","6.50","4.00","Imported from legacy weekly grosses workbook"
"2023-07-07","Sound of Freedom","7:30 PM","68","34","2","0","104","807.00","legacy_excel_import","legacy_excel","I:\My Drive\Grosses\Archive\2023\7-7 Sound of Freedom.xlsx","8.50","6.50","4.00","Imported from legacy weekly grosses workbook"
"2023-07-08","Sound of Freedom","7:30 PM","34","17","2","0","53","407.50","legacy_excel_import","legacy_excel","I:\My Drive\Grosses\Archive\2023\7-7 Sound of Freedom.xlsx","8.50","6.50","4.00","Imported from legacy weekly grosses workbook"
"2023-07-09","Sound of Freedom","2:30 PM","0","60","4","0","64","406.00","legacy_excel_import","legacy_excel","I:\My Drive\Grosses\Archive\2023\7-7 Sound of Freedom.xlsx","8.50","6.50","4.00","Imported from legacy weekly grosses workbook"
"2023-07-10","Sound of Freedom","7:30 PM","44","35","4","0","83","617.50","legacy_excel_import","legacy_excel","I:\My Drive\Grosses\Archive\2023\7-7 Sound of Freedom.xlsx","8.50","6.50","4.00","Imported from legacy weekly grosses workbook"
"2023-07-11","Sound of Freedom","7:30 PM","49","36","9","0","94","686.50","legacy_excel_import","legacy_excel","I:\My Drive\Grosses\Archive\2023\7-7 Sound of Freedom.xlsx","8.50","6.50","4.00","Imported from legacy weekly grosses workbook"
"2023-07-12","Sound of Freedom","7:30 PM","69","33","10","0","112","841.00","legacy_excel_import","legacy_excel","I:\My Drive\Grosses\Archive\2023\7-7 Sound of Freedom.xlsx","8.50","6.50","4.00","Imported from legacy weekly grosses workbook"
"2023-07-13","Sound of Freedom","7:30 PM","28","19","2","0","49","369.50","legacy_excel_import","legacy_excel","I:\My Drive\Grosses\Archive\2023\7-7 Sound of Freedom.xlsx","8.50","6.50","4.00","Imported from legacy weekly grosses workbook"
"2023-07-14","Elemental","7:30 PM","10","13","0","0","23","169.50","legacy_excel_import","legacy_excel","I:\My Drive\Grosses\Archive\2023\7-14 Elemental.xlsx","8.50","6.50","4.00","Imported from legacy weekly grosses workbook"
"2023-07-15","Elemental","7:30 PM","6","9","0","0","15","109.50","legacy_excel_import","legacy_excel","I:\My Drive\Grosses\Archive\2023\7-14 Elemental.xlsx","8.50","6.50","4.00","Imported from legacy weekly grosses workbook"
"2023-07-16","Elemental","2:30 PM","5","25","1","0","31","209.00","legacy_excel_import","legacy_excel","I:\My Drive\Grosses\Archive\2023\7-14 Elemental.xlsx","8.50","6.50","4.00","Imported from legacy weekly grosses workbook"
"2023-07-17","Elemental","7:30 PM","12","19","3","0","34","237.50","legacy_excel_import","legacy_excel","I:\My Drive\Grosses\Archive\2023\7-14 Elemental.xlsx","8.50","6.50","4.00","Imported from legacy weekly grosses workbook"
"2023-07-18","Elemental","7:30 PM","7","8","0","0","15","111.50","legacy_excel_import","legacy_excel","I:\My Drive\Grosses\Archive\2023\7-14 Elemental.xlsx","8.50","6.50","4.00","Imported from legacy weekly grosses workbook"
"2023-07-19","Elemental","7:30 PM","21","9","7","0","37","265.00","legacy_excel_import","legacy_excel","I:\My Drive\Grosses\Archive\2023\7-14 Elemental.xlsx","8.50","6.50","4.00","Imported from legacy weekly grosses workbook"
"2023-07-21","Indiana Jones","7:30 PM","36","16","4","0","56","426.00","legacy_excel_import","legacy_excel","I:\My Drive\Grosses\Archive\2023\7-21 Indiana Jones.xlsx","8.50","6.50","4.00","Imported from legacy weekly grosses workbook"
"2023-07-22","Indiana Jones","7:30 PM","56","18","2","0","76","601.00","legacy_excel_import","legacy_excel","I:\My Drive\Grosses\Archive\2023\7-21 Indiana Jones.xlsx","8.50","6.50","4.00","Imported from legacy weekly grosses workbook"
"2023-07-23","Indiana Jones","2:30 PM","0","59","5","0","64","403.50","legacy_excel_import","legacy_excel","I:\My Drive\Grosses\Archive\2023\7-21 Indiana Jones.xlsx","8.50","6.50","4.00","Imported from legacy weekly grosses workbook"
"2023-07-24","Indiana Jones","7:30 PM","49","34","3","0","86","649.50","legacy_excel_import","legacy_excel","I:\My Drive\Grosses\Archive\2023\7-21 Indiana Jones.xlsx","8.50","6.50","4.00","Imported from legacy weekly grosses workbook"
"2023-07-25","Indiana Jones","7:30 PM","16","19","3","0","38","271.50","legacy_excel_import","legacy_excel","I:\My Drive\Grosses\Archive\2023\7-21 Indiana Jones.xlsx","8.50","6.50","4.00","Imported from legacy weekly grosses workbook"
"2023-07-26","Indiana Jones","7:30 PM","11","10","15","0","36","218.50","legacy_excel_import","legacy_excel","I:\My Drive\Grosses\Archive\2023\7-21 Indiana Jones.xlsx","8.50","6.50","4.00","Imported from legacy weekly grosses workbook"
"2023-07-28","Mission Impossible Dead Reckoning Part One","7:30 PM","12","4","0","0","16","128.00","legacy_excel_import","legacy_excel","I:\My Drive\Grosses\Archive\2023\7-28 Mission Impossible 7.xlsx","8.50","6.50","4.00","Imported from legacy weekly grosses workbook"
"2023-07-29","Mission Impossible Dead Reckoning Part One","7:30 PM","15","8","6","0","29","203.50","legacy_excel_import","legacy_excel","I:\My Drive\Grosses\Archive\2023\7-28 Mission Impossible 7.xlsx","8.50","6.50","4.00","Imported from legacy weekly grosses workbook"
"2023-07-30","Mission Impossible Dead Reckoning Part One","2:30 PM","0","22","5","0","27","163.00","legacy_excel_import","legacy_excel","I:\My Drive\Grosses\Archive\2023\7-28 Mission Impossible 7.xlsx","8.50","6.50","4.00","Imported from legacy weekly grosses workbook"
"2023-07-31","Mission Impossible Dead Reckoning Part One","7:30 PM","20","15","2","0","37","275.50","legacy_excel_import","legacy_excel","I:\My Drive\Grosses\Archive\2023\7-28 Mission Impossible 7.xlsx","8.50","6.50","4.00","Imported from legacy weekly grosses workbook"
"2023-08-01","Mission Impossible Dead Reckoning Part One","7:30 PM","23","4","2","0","29","229.50","legacy_excel_import","legacy_excel","I:\My Drive\Grosses\Archive\2023\7-28 Mission Impossible 7.xlsx","8.50","6.50","4.00","Imported from legacy weekly grosses workbook"
"2023-08-02","Mission Impossible Dead Reckoning Part One","7:30 PM","6","12","2","0","20","137.00","legacy_excel_import","legacy_excel","I:\My Drive\Grosses\Archive\2023\7-28 Mission Impossible 7.xlsx","8.50","6.50","4.00","Imported from legacy weekly grosses workbook"
"2023-08-04","Barbie","7:30 PM","48","11","6","0","65","503.50","legacy_excel_import","legacy_excel","I:\My Drive\Grosses\Archive\2023\8-4 Barbie.xlsx","8.50","6.50","4.00","Imported from legacy weekly grosses workbook"
"2023-08-05","Barbie","7:30 PM","30","11","1","0","42","330.50","legacy_excel_import","legacy_excel","I:\My Drive\Grosses\Archive\2023\8-4 Barbie.xlsx","8.50","6.50","4.00","Imported from legacy weekly grosses workbook"
"2023-08-06","Barbie","2:30 PM","1","57","3","0","61","391.00","legacy_excel_import","legacy_excel","I:\My Drive\Grosses\Archive\2023\8-4 Barbie.xlsx","8.50","6.50","4.00","Imported from legacy weekly grosses workbook"
"2023-08-07","Barbie","7:30 PM","42","10","7","0","59","450.00","legacy_excel_import","legacy_excel","I:\My Drive\Grosses\Archive\2023\8-4 Barbie.xlsx","8.50","6.50","4.00","Imported from legacy weekly grosses workbook"
"2023-08-08","Barbie","7:30 PM","28","7","4","0","39","299.50","legacy_excel_import","legacy_excel","I:\My Drive\Grosses\Archive\2023\8-4 Barbie.xlsx","8.50","6.50","4.00","Imported from legacy weekly grosses workbook"
"2023-08-09","Barbie","7:30 PM","11","12","6","0","29","195.50","legacy_excel_import","legacy_excel","I:\My Drive\Grosses\Archive\2023\8-4 Barbie.xlsx","8.50","6.50","4.00","Imported from legacy weekly grosses workbook"
"2023-08-11","barbie","7:30 PM","25","9","0","0","34","271.00","legacy_excel_import","legacy_excel","I:\My Drive\Grosses\Archive\2023\8-11 barbie.xlsx","8.50","6.50","4.00","Imported from legacy weekly grosses workbook"
"2023-08-12","barbie","7:30 PM","32","7","0","0","39","317.50","legacy_excel_import","legacy_excel","I:\My Drive\Grosses\Archive\2023\8-11 barbie.xlsx","8.50","6.50","4.00","Imported from legacy weekly grosses workbook"
"2023-08-13","barbie","2:30 PM","2","69","2","0","73","473.50","legacy_excel_import","legacy_excel","I:\My Drive\Grosses\Archive\2023\8-11 barbie.xlsx","8.50","6.50","4.00","Imported from legacy weekly grosses workbook"
"2023-08-14","barbie","7:30 PM","41","14","3","0","58","451.50","legacy_excel_import","legacy_excel","I:\My Drive\Grosses\Archive\2023\8-11 barbie.xlsx","8.50","6.50","4.00","Imported from legacy weekly grosses workbook"
"2023-08-15","barbie","7:30 PM","44","16","6","0","66","502.00","legacy_excel_import","legacy_excel","I:\My Drive\Grosses\Archive\2023\8-11 barbie.xlsx","8.50","6.50","4.00","Imported from legacy weekly grosses workbook"
"2023-08-16","barbie","7:30 PM","20","17","1","0","38","284.50","legacy_excel_import","legacy_excel","I:\My Drive\Grosses\Archive\2023\8-11 barbie.xlsx","8.50","6.50","4.00","Imported from legacy weekly grosses workbook"
"2023-08-18","Oppenhiemer 08-18","7:30 PM","7","9","2","0","18","126.00","legacy_excel_import","legacy_excel","I:\My Drive\Grosses\Archive\2023\8-18 openhimer.xlsx","8.50","6.50","4.00","Imported from legacy weekly grosses workbook"
"2023-08-19","Oppenhiemer 08-18","7:30 PM","17","0","0","0","17","144.50","legacy_excel_import","legacy_excel","I:\My Drive\Grosses\Archive\2023\8-18 openhimer.xlsx","8.50","6.50","4.00","Imported from legacy weekly grosses workbook"
"2023-08-20","Oppenhiemer 08-18","2:30 PM","4","28","0","0","32","216.00","legacy_excel_import","legacy_excel","I:\My Drive\Grosses\Archive\2023\8-18 openhimer.xlsx","8.50","6.50","4.00","Imported from legacy weekly grosses workbook"
"2023-08-21","Oppenhiemer 08-18","7:30 PM","9","20","8","0","37","238.50","legacy_excel_import","legacy_excel","I:\My Drive\Grosses\Archive\2023\8-18 openhimer.xlsx","8.50","6.50","4.00","Imported from legacy weekly grosses workbook"
"2023-08-22","Oppenhiemer 08-18","7:30 PM","13","9","4","0","26","185.00","legacy_excel_import","legacy_excel","I:\My Drive\Grosses\Archive\2023\8-18 openhimer.xlsx","8.50","6.50","4.00","Imported from legacy weekly grosses workbook"
"2023-08-23","Oppenhiemer 08-18","7:30 PM","8","6","4","0","18","123.00","legacy_excel_import","legacy_excel","I:\My Drive\Grosses\Archive\2023\8-18 openhimer.xlsx","8.50","6.50","4.00","Imported from legacy weekly grosses workbook"
"2023-08-25","TMNT:Mutant Mayham","7:30 PM","10","4","0","0","14","111.00","legacy_excel_import","legacy_excel","I:\My Drive\Grosses\Archive\2023\8-25 TMNT.xlsx","8.50","6.50","4.00","Imported from legacy weekly grosses workbook"
"2023-08-26","TMNT:Mutant Mayham","7:30 PM","15","12","0","0","27","205.50","legacy_excel_import","legacy_excel","I:\My Drive\Grosses\Archive\2023\8-25 TMNT.xlsx","8.50","6.50","4.00","Imported from legacy weekly grosses workbook"
"2023-08-27","TMNT:Mutant Mayham","2:30 PM","0","4","0","0","4","26.00","legacy_excel_import","legacy_excel","I:\My Drive\Grosses\Archive\2023\8-25 TMNT.xlsx","8.50","6.50","4.00","Imported from legacy weekly grosses workbook"
"2023-08-28","TMNT:Mutant Mayham","7:30 PM","4","3","2","0","9","61.50","legacy_excel_import","legacy_excel","I:\My Drive\Grosses\Archive\2023\8-25 TMNT.xlsx","8.50","6.50","4.00","Imported from legacy weekly grosses workbook"
"2023-08-30","TMNT:Mutant Mayham","7:30 PM","5","1","0","0","6","49.00","legacy_excel_import","legacy_excel","I:\My Drive\Grosses\Archive\2023\8-25 TMNT.xlsx","8.50","6.50","4.00","Imported from legacy weekly grosses workbook"
"2023-09-01","Blue Beetle","7:30 PM","11","7","1","0","19","143.00","legacy_excel_import","legacy_excel","I:\My Drive\Grosses\Archive\2023\9-1 Blue Beetle.xlsx","8.50","6.50","4.00","Imported from legacy weekly grosses workbook"
"2023-09-02","Blue Beetle","7:30 PM","13","5","4","0","22","159.00","legacy_excel_import","legacy_excel","I:\My Drive\Grosses\Archive\2023\9-1 Blue Beetle.xlsx","8.50","6.50","4.00","Imported from legacy weekly grosses workbook"
"2023-09-03","Blue Beetle","2:30 PM","0","6","2","0","8","47.00","legacy_excel_import","legacy_excel","I:\My Drive\Grosses\Archive\2023\9-1 Blue Beetle.xlsx","8.50","6.50","4.00","Imported from legacy weekly grosses workbook"
"2023-09-04","Blue Beetle","7:30 PM","4","8","2","0","14","94.00","legacy_excel_import","legacy_excel","I:\My Drive\Grosses\Archive\2023\9-1 Blue Beetle.xlsx","8.50","6.50","4.00","Imported from legacy weekly grosses workbook"
"2023-09-06","Blue Beetle","7:30 PM","6","0","0","0","6","51.00","legacy_excel_import","legacy_excel","I:\My Drive\Grosses\Archive\2023\9-1 Blue Beetle.xlsx","8.50","6.50","4.00","Imported from legacy weekly grosses workbook"
"2023-09-08","gran turismo","7:30 PM","7","4","2","0","13","93.50","legacy_excel_import","legacy_excel","I:\My Drive\Grosses\Archive\2023\9-8 gran turismo.xlsx","8.50","6.50","4.00","Imported from legacy weekly grosses workbook"
"2023-09-09","gran turismo","7:30 PM","6","0","0","0","6","51.00","legacy_excel_import","legacy_excel","I:\My Drive\Grosses\Archive\2023\9-8 gran turismo.xlsx","8.50","6.50","4.00","Imported from legacy weekly grosses workbook"
"2023-09-10","gran turismo","2:30 PM","2","0","2","0","4","25.00","legacy_excel_import","legacy_excel","I:\My Drive\Grosses\Archive\2023\9-8 gran turismo.xlsx","8.50","6.50","4.00","Imported from legacy weekly grosses workbook"
"2023-09-11","gran turismo","7:30 PM","2","0","0","0","2","17.00","legacy_excel_import","legacy_excel","I:\My Drive\Grosses\Archive\2023\9-8 gran turismo.xlsx","8.50","6.50","4.00","Imported from legacy weekly grosses workbook"
"2023-09-12","gran turismo","7:30 PM","4","4","3","0","11","72.00","legacy_excel_import","legacy_excel","I:\My Drive\Grosses\Archive\2023\9-8 gran turismo.xlsx","8.50","6.50","4.00","Imported from legacy weekly grosses workbook"
"2023-09-22","My Big Fat Greek Wedding","7:30 PM","3","14","2","0","19","124.50","legacy_excel_import","legacy_excel","I:\My Drive\Grosses\Archive\2023\09-22 my big fat greek wedding.xlsx","8.50","6.50","4.00","Imported from legacy weekly grosses workbook"
"2023-09-23","My Big Fat Greek Wedding","7:30 PM","4","2","4","0","10","63.00","legacy_excel_import","legacy_excel","I:\My Drive\Grosses\Archive\2023\09-22 my big fat greek wedding.xlsx","8.50","6.50","4.00","Imported from legacy weekly grosses workbook"
"2023-09-24","My Big Fat Greek Wedding","2:30 PM","1","14","0","0","15","99.50","legacy_excel_import","legacy_excel","I:\My Drive\Grosses\Archive\2023\09-22 my big fat greek wedding.xlsx","8.50","6.50","4.00","Imported from legacy weekly grosses workbook"
"2023-09-25","My Big Fat Greek Wedding","7:30 PM","1","3","3","0","7","40.00","legacy_excel_import","legacy_excel","I:\My Drive\Grosses\Archive\2023\09-22 my big fat greek wedding.xlsx","8.50","6.50","4.00","Imported from legacy weekly grosses workbook"
"2023-09-26","My Big Fat Greek Wedding","7:30 PM","9","4","3","0","16","114.50","legacy_excel_import","legacy_excel","I:\My Drive\Grosses\Archive\2023\09-22 my big fat greek wedding.xlsx","8.50","6.50","4.00","Imported from legacy weekly grosses workbook"
"2023-09-27","My Big Fat Greek Wedding","7:30 PM","7","3","0","0","10","79.00","legacy_excel_import","legacy_excel","I:\My Drive\Grosses\Archive\2023\09-22 my big fat greek wedding.xlsx","8.50","6.50","4.00","Imported from legacy weekly grosses workbook"
"2023-09-29","Paw Patrol","7:30 PM","9","18","0","0","27","193.50","legacy_excel_import","legacy_excel","I:\My Drive\Grosses\Archive\2023\09-29 paw patrol.xlsx","8.50","6.50","4.00","Imported from legacy weekly grosses workbook"
"2023-09-30","Paw Patrol","7:30 PM","10","17","0","0","27","195.50","legacy_excel_import","legacy_excel","I:\My Drive\Grosses\Archive\2023\09-29 paw patrol.xlsx","8.50","6.50","4.00","Imported from legacy weekly grosses workbook"
"2023-10-01","Paw Patrol","2:30 PM","22","19","4","0","45","326.50","legacy_excel_import","legacy_excel","I:\My Drive\Grosses\Archive\2023\09-29 paw patrol.xlsx","8.50","6.50","4.00","Imported from legacy weekly grosses workbook"
"2023-10-06","Paw Patrol","7:30 PM","4","16","0","0","20","138.00","legacy_excel_import","legacy_excel","I:\My Drive\Grosses\Archive\2023\10-6 paw patrol.xlsx","8.50","6.50","4.00","Imported from legacy weekly grosses workbook"
"2023-10-07","Paw Patrol","7:30 PM","6","6","0","0","12","90.00","legacy_excel_import","legacy_excel","I:\My Drive\Grosses\Archive\2023\10-6 paw patrol.xlsx","8.50","6.50","4.00","Imported from legacy weekly grosses workbook"
"2023-10-08","Paw Patrol","2:30 PM","0","18","0","0","18","117.00","legacy_excel_import","legacy_excel","I:\My Drive\Grosses\Archive\2023\10-6 paw patrol.xlsx","8.50","6.50","4.00","Imported from legacy weekly grosses workbook"
"2023-10-10","Paw Patrol","7:30 PM","1","4","3","0","8","46.50","legacy_excel_import","legacy_excel","I:\My Drive\Grosses\Archive\2023\10-6 paw patrol.xlsx","8.50","6.50","4.00","Imported from legacy weekly grosses workbook"
"2023-10-11","Paw Patrol","7:30 PM","2","3","3","0","8","48.50","legacy_excel_import","legacy_excel","I:\My Drive\Grosses\Archive\2023\10-6 paw patrol.xlsx","8.50","6.50","4.00","Imported from legacy weekly grosses workbook"
"2023-10-13","Expendables 4","7:30 PM","3","4","2","0","9","59.50","legacy_excel_import","legacy_excel","I:\My Drive\Grosses\Archive\2023\10-13 expendadles 4.xlsx","8.50","6.50","4.00","Imported from legacy weekly grosses workbook"
"2023-10-14","Expendables 4","7:30 PM","3","2","2","0","7","46.50","legacy_excel_import","legacy_excel","I:\My Drive\Grosses\Archive\2023\10-13 expendadles 4.xlsx","8.50","6.50","4.00","Imported from legacy weekly grosses workbook"
"2023-10-15","Expendables 4","2:30 PM","0","2","2","0","4","21.00","legacy_excel_import","legacy_excel","I:\My Drive\Grosses\Archive\2023\10-13 expendadles 4.xlsx","8.50","6.50","4.00","Imported from legacy weekly grosses workbook"
"2023-10-16","Expendables 4","7:30 PM","2","0","2","0","4","25.00","legacy_excel_import","legacy_excel","I:\My Drive\Grosses\Archive\2023\10-13 expendadles 4.xlsx","8.50","6.50","4.00","Imported from legacy weekly grosses workbook"
"2023-10-17","Expendables 4","7:30 PM","7","0","2","0","9","67.50","legacy_excel_import","legacy_excel","I:\My Drive\Grosses\Archive\2023\10-13 expendadles 4.xlsx","8.50","6.50","4.00","Imported from legacy weekly grosses workbook"
"2023-10-18","Expendables 4","7:30 PM","7","1","0","0","8","66.00","legacy_excel_import","legacy_excel","I:\My Drive\Grosses\Archive\2023\10-13 expendadles 4.xlsx","8.50","6.50","4.00","Imported from legacy weekly grosses workbook"
"2023-10-20","hocus pocus","7:30 PM","3","9","0","0","12","84.00","legacy_excel_import","legacy_excel","I:\My Drive\Grosses\Archive\2023\10-20 hocus-pocus.xlsx","8.50","6.50","4.00","Imported from legacy weekly grosses workbook"
"2023-10-21","hocus pocus","7:30 PM","5","5","0","0","10","75.00","legacy_excel_import","legacy_excel","I:\My Drive\Grosses\Archive\2023\10-20 hocus-pocus.xlsx","8.50","6.50","4.00","Imported from legacy weekly grosses workbook"
"2023-10-22","hocus pocus","2:30 PM","6","3","5","0","14","90.50","legacy_excel_import","legacy_excel","I:\My Drive\Grosses\Archive\2023\10-20 hocus-pocus.xlsx","8.50","6.50","4.00","Imported from legacy weekly grosses workbook"
"2023-10-27","a haunting in venice","7:30 PM","2","8","3","0","13","81.00","legacy_excel_import","legacy_excel","I:\My Drive\Grosses\Archive\2023\10-27 haunting in venice.xlsx","8.50","6.50","4.00","Imported from legacy weekly grosses workbook"
"2023-10-28","a haunting in venice","7:30 PM","9","0","0","0","9","76.50","legacy_excel_import","legacy_excel","I:\My Drive\Grosses\Archive\2023\10-27 haunting in venice.xlsx","8.50","6.50","4.00","Imported from legacy weekly grosses workbook"
"2023-10-29","a haunting in venice","2:30 PM","0","20","1","0","21","134.00","legacy_excel_import","legacy_excel","I:\My Drive\Grosses\Archive\2023\10-27 haunting in venice.xlsx","8.50","6.50","4.00","Imported from legacy weekly grosses workbook"
"2023-11-03","the creator","7:30 PM","11","7","4","0","22","155.00","legacy_excel_import","legacy_excel","I:\My Drive\Grosses\Archive\2023\11-3 the creator.xlsx","8.50","6.50","4.00","Imported from legacy weekly grosses workbook"
"2023-11-04","the creator","7:30 PM","17","3","1","0","21","168.00","legacy_excel_import","legacy_excel","I:\My Drive\Grosses\Archive\2023\11-3 the creator.xlsx","8.50","6.50","4.00","Imported from legacy weekly grosses workbook"
"2023-11-05","the creator","2:30 PM","0","11","2","0","13","79.50","legacy_excel_import","legacy_excel","I:\My Drive\Grosses\Archive\2023\11-3 the creator.xlsx","8.50","6.50","4.00","Imported from legacy weekly grosses workbook"
"2023-11-10","the marvels","7:30 PM","29","13","2","0","44","339.00","legacy_excel_import","legacy_excel","I:\My Drive\Grosses\Archive\2023\11-10 the marvels.xlsx","8.50","6.50","4.00","Imported from legacy weekly grosses workbook"
"2023-11-11","the marvels","7:30 PM","28","12","1","0","41","320.00","legacy_excel_import","legacy_excel","I:\My Drive\Grosses\Archive\2023\11-10 the marvels.xlsx","8.50","6.50","4.00","Imported from legacy weekly grosses workbook"
"2023-11-12","the marvels","2:30 PM","0","30","4","0","34","211.00","legacy_excel_import","legacy_excel","I:\My Drive\Grosses\Archive\2023\11-10 the marvels.xlsx","8.50","6.50","4.00","Imported from legacy weekly grosses workbook"
"2023-11-17","marvels","7:30 PM","3","8","2","0","13","85.50","legacy_excel_import","legacy_excel","I:\My Drive\Grosses\Archive\2023\11-17 marvels.xlsx","8.50","6.50","4.00","Imported from legacy weekly grosses workbook"
"2023-11-18","marvels","7:30 PM","10","2","0","0","12","98.00","legacy_excel_import","legacy_excel","I:\My Drive\Grosses\Archive\2023\11-17 marvels.xlsx","8.50","6.50","4.00","Imported from legacy weekly grosses workbook"
"2023-11-19","marvels","2:30 PM","0","15","4","0","19","113.50","legacy_excel_import","legacy_excel","I:\My Drive\Grosses\Archive\2023\11-17 marvels.xlsx","8.50","6.50","4.00","Imported from legacy weekly grosses workbook"
"2023-11-24","wish","7:30 PM","25","13","6","0","44","321.00","legacy_excel_import","legacy_excel","I:\My Drive\Grosses\Archive\2023\11-24 wish.xlsx","8.50","6.50","4.00","Imported from legacy weekly grosses workbook"
"2023-11-25","wish","7:30 PM","21","9","4","0","34","253.00","legacy_excel_import","legacy_excel","I:\My Drive\Grosses\Archive\2023\11-24 wish.xlsx","8.50","6.50","4.00","Imported from legacy weekly grosses workbook"
"2023-11-26","wish","2:30 PM","0","55","0","0","55","357.50","legacy_excel_import","legacy_excel","I:\My Drive\Grosses\Archive\2023\11-24 wish.xlsx","8.50","6.50","4.00","Imported from legacy weekly grosses workbook"
"2023-12-01","Wish","7:30 PM","3","8","2","0","13","85.50","legacy_excel_import","legacy_excel","I:\My Drive\Grosses\Archive\2023\12-1 wish.xlsx","8.50","6.50","4.00","Imported from legacy weekly grosses workbook"
"2023-12-02","Wish","7:30 PM","8","8","0","0","16","120.00","legacy_excel_import","legacy_excel","I:\My Drive\Grosses\Archive\2023\12-1 wish.xlsx","8.50","6.50","4.00","Imported from legacy weekly grosses workbook"
"2023-12-03","Wish","2:30 PM","0","11","3","0","14","83.50","legacy_excel_import","legacy_excel","I:\My Drive\Grosses\Archive\2023\12-1 wish.xlsx","8.50","6.50","4.00","Imported from legacy weekly grosses workbook"
"2023-12-10","Journey to Bethlehem","7:30 PM","15","12","0","0","27","205.50","legacy_excel_import","legacy_excel","I:\My Drive\Grosses\Archive\2023\12-9 Journey to Bethelem.xlsx","8.50","6.50","4.00","Imported from legacy weekly grosses workbook"
"2023-12-11","Journey to Bethlehem","2:30 PM","0","10","4","0","14","81.00","legacy_excel_import","legacy_excel","I:\My Drive\Grosses\Archive\2023\12-9 Journey to Bethelem.xlsx","8.50","6.50","4.00","Imported from legacy weekly grosses workbook"
"2023-12-15","12-15 wonka","7:30 PM","30","4","2","0","36","289.00","legacy_excel_import","legacy_excel","I:\My Drive\Grosses\Archive\2023\12-15 wonka.xlsx","8.50","6.50","4.00","Imported from legacy weekly grosses workbook"
"2023-12-16","12-15 wonka","7:30 PM","15","14","4","0","33","234.50","legacy_excel_import","legacy_excel","I:\My Drive\Grosses\Archive\2023\12-15 wonka.xlsx","8.50","6.50","4.00","Imported from legacy weekly grosses workbook"
"2023-12-17","12-15 wonka","2:30 PM","0","56","1","0","57","368.00","legacy_excel_import","legacy_excel","I:\My Drive\Grosses\Archive\2023\12-15 wonka.xlsx","8.50","6.50","4.00","Imported from legacy weekly grosses workbook"
"2023-12-22","wonka","7:30 PM","30","4","3","0","37","293.00","legacy_excel_import","legacy_excel","I:\My Drive\Grosses\Archive\2023\12-22 wonka.xlsx","8.50","6.50","4.00","Imported from legacy weekly grosses workbook"
"2023-12-23","wonka","7:30 PM","28","17","1","0","46","352.50","legacy_excel_import","legacy_excel","I:\My Drive\Grosses\Archive\2023\12-22 wonka.xlsx","8.50","6.50","4.00","Imported from legacy weekly grosses workbook"
"2023-12-24","wonka","2:30 PM","0","37","4","0","41","256.50","legacy_excel_import","legacy_excel","I:\My Drive\Grosses\Archive\2023\12-22 wonka.xlsx","8.50","6.50","4.00","Imported from legacy weekly grosses workbook"
"2023-12-29","Hunger Games:Ballad of Songbirds and Snakes","7:30 PM","24","7","6","0","37","273.50","legacy_excel_import","legacy_excel","I:\My Drive\Grosses\Archive\2023\12-29 hunger games.xlsx","8.50","6.50","4.00","Imported from legacy weekly grosses workbook"
"2023-12-30","Hunger Games:Ballad of Songbirds and Snakes","7:30 PM","8","3","4","0","15","103.50","legacy_excel_import","legacy_excel","I:\My Drive\Grosses\Archive\2023\12-29 hunger games.xlsx","8.50","6.50","4.00","Imported from legacy weekly grosses workbook"
"2023-12-31","Hunger Games:Ballad of Songbirds and Snakes","2:30 PM","0","16","2","0","18","112.00","legacy_excel_import","legacy_excel","I:\My Drive\Grosses\Archive\2023\12-29 hunger games.xlsx","8.50","6.50","4.00","Imported from legacy weekly grosses workbook"
"2024-01-05","Aquaman 2","7:30 PM","31","12","2","0","45","349.50","legacy_excel_import","legacy_excel","I:\My Drive\Grosses\Archive\2024\1-5 Aquaman 2.xlsx","8.50","6.50","4.00","Imported from legacy weekly grosses workbook"
"2024-01-06","Aquaman 2","7:30 PM","27","5","2","0","34","270.00","legacy_excel_import","legacy_excel","I:\My Drive\Grosses\Archive\2024\1-5 Aquaman 2.xlsx","8.50","6.50","4.00","Imported from legacy weekly grosses workbook"
"2024-01-07","Aquaman 2","2:30 PM","8","20","4","0","32","214.00","legacy_excel_import","legacy_excel","I:\My Drive\Grosses\Archive\2024\1-5 Aquaman 2.xlsx","8.50","6.50","4.00","Imported from legacy weekly grosses workbook"
"2024-01-12","Migration","7:30 PM","22","12","0","0","34","265.00","legacy_excel_import","legacy_excel","I:\My Drive\Grosses\Archive\2024\01-12-24 migration.xlsx","8.50","6.50","4.00","Imported from legacy weekly grosses workbook"
"2024-01-13","Migration","7:30 PM","10","10","1","0","21","154.00","legacy_excel_import","legacy_excel","I:\My Drive\Grosses\Archive\2024\01-12-24 migration.xlsx","8.50","6.50","4.00","Imported from legacy weekly grosses workbook"
"2024-01-14","Migration","2:30 PM","0","78","3","0","81","519.00","legacy_excel_import","legacy_excel","I:\My Drive\Grosses\Archive\2024\01-12-24 migration.xlsx","8.50","6.50","4.00","Imported from legacy weekly grosses workbook"
"2024-01-19","The Boy and The Heron","7:30 PM","12","8","3","0","23","166.00","legacy_excel_import","legacy_excel","I:\My Drive\Grosses\Archive\2024\1-19 the boy and the heron.xlsx","8.50","6.50","4.00","Imported from legacy weekly grosses workbook"
"2024-01-20","The Boy and The Heron","7:30 PM","7","1","1","0","9","70.00","legacy_excel_import","legacy_excel","I:\My Drive\Grosses\Archive\2024\1-19 the boy and the heron.xlsx","8.50","6.50","4.00","Imported from legacy weekly grosses workbook"
"2024-01-21","The Boy and The Heron","2:30 PM","0","27","0","0","27","175.50","legacy_excel_import","legacy_excel","I:\My Drive\Grosses\Archive\2024\1-19 the boy and the heron.xlsx","8.50","6.50","4.00","Imported from legacy weekly grosses workbook"
"2024-01-26","Mean Girls","7:30 PM","13","5","0","0","18","143.00","legacy_excel_import","legacy_excel","I:\My Drive\Grosses\Archive\2024\01-26 mean girls.xlsx","8.50","6.50","4.00","Imported from legacy weekly grosses workbook"
"2024-01-27","Mean Girls","7:30 PM","15","7","3","0","25","185.00","legacy_excel_import","legacy_excel","I:\My Drive\Grosses\Archive\2024\01-26 mean girls.xlsx","8.50","6.50","4.00","Imported from legacy weekly grosses workbook"
"2024-01-28","Mean Girls","2:30 PM","2","15","3","0","20","126.50","legacy_excel_import","legacy_excel","I:\My Drive\Grosses\Archive\2024\01-26 mean girls.xlsx","8.50","6.50","4.00","Imported from legacy weekly grosses workbook"
"2024-02-02","boys in the boat","7:30 PM","38","24","8","0","70","511.00","legacy_excel_import","legacy_excel","I:\My Drive\Grosses\Archive\2024\2-2 Boys in the boat.xlsx","8.50","6.50","4.00","Imported from legacy weekly grosses workbook"
"2024-02-03","boys in the boat","7:30 PM","16","9","2","0","27","202.50","legacy_excel_import","legacy_excel","I:\My Drive\Grosses\Archive\2024\2-2 Boys in the boat.xlsx","8.50","6.50","4.00","Imported from legacy weekly grosses workbook"
"2024-02-04","boys in the boat","2:30 PM","0","50","1","0","51","329.00","legacy_excel_import","legacy_excel","I:\My Drive\Grosses\Archive\2024\2-2 Boys in the boat.xlsx","8.50","6.50","4.00","Imported from legacy weekly grosses workbook"
"2024-02-09","the boys in the boat","7:30 PM","12","8","5","0","25","174.00","legacy_excel_import","legacy_excel","I:\My Drive\Grosses\Archive\2024\02-09 the boys in the boat.xlsx","8.50","6.50","4.00","Imported from legacy weekly grosses workbook"
"2024-02-10","the boys in the boat","7:30 PM","19","21","1","0","41","302.00","legacy_excel_import","legacy_excel","I:\My Drive\Grosses\Archive\2024\02-09 the boys in the boat.xlsx","8.50","6.50","4.00","Imported from legacy weekly grosses workbook"
"2024-02-11","the boys in the boat","2:30 PM","0","8","0","0","8","52.00","legacy_excel_import","legacy_excel","I:\My Drive\Grosses\Archive\2024\02-09 the boys in the boat.xlsx","8.50","6.50","4.00","Imported from legacy weekly grosses workbook"
"2024-02-16","Argylle","7:30 PM","27","19","6","0","52","377.00","legacy_excel_import","legacy_excel","I:\My Drive\Grosses\Archive\2024\02-16 Argylle.xlsx","8.50","6.50","4.00","Imported from legacy weekly grosses workbook"
"2024-02-17","Argylle","7:30 PM","10","7","4","0","21","146.50","legacy_excel_import","legacy_excel","I:\My Drive\Grosses\Archive\2024\02-16 Argylle.xlsx","8.50","6.50","4.00","Imported from legacy weekly grosses workbook"
"2024-02-18","Argylle","2:30 PM","0","25","0","0","25","162.50","legacy_excel_import","legacy_excel","I:\My Drive\Grosses\Archive\2024\02-16 Argylle.xlsx","8.50","6.50","4.00","Imported from legacy weekly grosses workbook"
"2024-02-23","Argylle","7:30 PM","2","4","0","0","6","43.00","legacy_excel_import","legacy_excel","I:\My Drive\Grosses\Archive\2024\02-23-24 argyle.xlsx","8.50","6.50","4.00","Imported from legacy weekly grosses workbook"
"2024-02-24","Argylle","7:30 PM","17","2","2","0","21","165.50","legacy_excel_import","legacy_excel","I:\My Drive\Grosses\Archive\2024\02-23-24 argyle.xlsx","8.50","6.50","4.00","Imported from legacy weekly grosses workbook"
"2024-02-25","Argylle","2:30 PM","0","26","0","0","26","169.00","legacy_excel_import","legacy_excel","I:\My Drive\Grosses\Archive\2024\02-23-24 argyle.xlsx","8.50","6.50","4.00","Imported from legacy weekly grosses workbook"
"2024-03-01","Dune Part 2","7:30 PM","17","3","8","0","28","196.00","legacy_excel_import","legacy_excel","I:\My Drive\Grosses\Archive\2024\03-01-24 Dune.xlsx","8.50","6.50","4.00","Imported from legacy weekly grosses workbook"
"2024-03-02","Dune Part 2","7:30 PM","18","13","0","0","31","237.50","legacy_excel_import","legacy_excel","I:\My Drive\Grosses\Archive\2024\03-01-24 Dune.xlsx","8.50","6.50","4.00","Imported from legacy weekly grosses workbook"
"2024-03-03","Dune Part 2","2:30 PM","4","53","6","0","63","402.50","legacy_excel_import","legacy_excel","I:\My Drive\Grosses\Archive\2024\03-01-24 Dune.xlsx","8.50","6.50","4.00","Imported from legacy weekly grosses workbook"
"2024-03-08","Dune Part Two","7:30 PM","17","3","13","0","33","216.00","legacy_excel_import","legacy_excel","I:\My Drive\Grosses\Archive\2024\03-08-24 Dune.xlsx","8.50","6.50","4.00","Imported from legacy weekly grosses workbook"
"2024-03-09","Dune Part Two","7:30 PM","15","1","7","0","23","162.00","legacy_excel_import","legacy_excel","I:\My Drive\Grosses\Archive\2024\03-08-24 Dune.xlsx","8.50","6.50","4.00","Imported from legacy weekly grosses workbook"
"2024-03-10","Dune Part Two","2:30 PM","0","45","3","0","48","304.50","legacy_excel_import","legacy_excel","I:\My Drive\Grosses\Archive\2024\03-08-24 Dune.xlsx","8.50","6.50","4.00","Imported from legacy weekly grosses workbook"
"2024-03-15","Ordinary Angels","7:30 PM","4","16","3","0","23","150.00","legacy_excel_import","legacy_excel","I:\My Drive\Grosses\Archive\2024\03-15-24 ordenary angles.xlsx","8.50","6.50","4.00","Imported from legacy weekly grosses workbook"
"2024-03-16","Ordinary Angels","7:30 PM","8","16","0","0","24","172.00","legacy_excel_import","legacy_excel","I:\My Drive\Grosses\Archive\2024\03-15-24 ordenary angles.xlsx","8.50","6.50","4.00","Imported from legacy weekly grosses workbook"
"2024-03-17","Ordinary Angels","2:30 PM","2","25","2","0","29","187.50","legacy_excel_import","legacy_excel","I:\My Drive\Grosses\Archive\2024\03-15-24 ordenary angles.xlsx","8.50","6.50","4.00","Imported from legacy weekly grosses workbook"
"2024-03-22","Ghostbusters Frozen Empire","7:30 PM","22","12","4","0","38","281.00","legacy_excel_import","legacy_excel","I:\My Drive\Grosses\Archive\2024\03-22-24 ghostbusters.xlsx","8.50","6.50","4.00","Imported from legacy weekly grosses workbook"
"2024-03-23","Ghostbusters Frozen Empire","7:30 PM","25","14","6","0","45","327.50","legacy_excel_import","legacy_excel","I:\My Drive\Grosses\Archive\2024\03-22-24 ghostbusters.xlsx","8.50","6.50","4.00","Imported from legacy weekly grosses workbook"
"2024-03-24","Ghostbusters Frozen Empire","2:30 PM","0","44","10","0","54","326.00","legacy_excel_import","legacy_excel","I:\My Drive\Grosses\Archive\2024\03-22-24 ghostbusters.xlsx","8.50","6.50","4.00","Imported from legacy weekly grosses workbook"
"2024-03-30","Ghostbusters: Frozen Empire","7:30 PM","41","17","0","0","58","459.00","legacy_excel_import","legacy_excel","I:\My Drive\Grosses\Archive\2024\03-29-24 ghostbusters.xlsx","8.50","6.50","4.00","Imported from legacy weekly grosses workbook"
"2024-03-31","Ghostbusters: Frozen Empire","2:30 PM","0","8","0","0","8","52.00","legacy_excel_import","legacy_excel","I:\My Drive\Grosses\Archive\2024\03-29-24 ghostbusters.xlsx","8.50","6.50","4.00","Imported from legacy weekly grosses workbook"
"2024-04-05","Kung Fu Panda 4","7:30 PM","37","31","2","0","70","524.00","legacy_excel_import","legacy_excel","I:\My Drive\Grosses\Archive\2024\04-05-24 kung fu panda 4.xlsx","8.50","6.50","4.00","Imported from legacy weekly grosses workbook"
"2024-04-06","Kung Fu Panda 4","7:30 PM","29","15","2","0","46","352.00","legacy_excel_import","legacy_excel","I:\My Drive\Grosses\Archive\2024\04-05-24 kung fu panda 4.xlsx","8.50","6.50","4.00","Imported from legacy weekly grosses workbook"
"2024-04-07","Kung Fu Panda 4","2:30 PM","33","30","0","0","63","475.50","legacy_excel_import","legacy_excel","I:\My Drive\Grosses\Archive\2024\04-05-24 kung fu panda 4.xlsx","8.50","6.50","4.00","Imported from legacy weekly grosses workbook"
"2024-04-12","Cabrini","7:30 PM","4","13","1","0","18","122.50","legacy_excel_import","legacy_excel","I:\My Drive\Grosses\Archive\2024\04-12-24 Cabrini.xlsx","8.50","6.50","4.00","Imported from legacy weekly grosses workbook"
"2024-04-13","Cabrini","7:30 PM","2","11","3","0","16","100.50","legacy_excel_import","legacy_excel","I:\My Drive\Grosses\Archive\2024\04-12-24 Cabrini.xlsx","8.50","6.50","4.00","Imported from legacy weekly grosses workbook"
"2024-04-14","Cabrini","2:30 PM","0","10","1","0","11","69.00","legacy_excel_import","legacy_excel","I:\My Drive\Grosses\Archive\2024\04-12-24 Cabrini.xlsx","8.50","6.50","4.00","Imported from legacy weekly grosses workbook"
"2024-04-19","Godzilla x cong","7:30 PM","36","15","2","0","53","411.50","legacy_excel_import","legacy_excel","I:\My Drive\Grosses\Archive\2024\04-19-24 Godzilla x Kong.xlsx","8.50","6.50","4.00","Imported from legacy weekly grosses workbook"
"2024-04-20","Godzilla x cong","7:30 PM","16","7","1","0","24","185.50","legacy_excel_import","legacy_excel","I:\My Drive\Grosses\Archive\2024\04-19-24 Godzilla x Kong.xlsx","8.50","6.50","4.00","Imported from legacy weekly grosses workbook"
"2024-04-21","Godzilla x cong","2:30 PM","0","29","1","0","30","192.50","legacy_excel_import","legacy_excel","I:\My Drive\Grosses\Archive\2024\04-19-24 Godzilla x Kong.xlsx","8.50","6.50","4.00","Imported from legacy weekly grosses workbook"
"2024-04-27","Unsung Hero","7:30 PM","11","21","4","0","36","246.00","legacy_excel_import","legacy_excel","I:\My Drive\Grosses\Archive\2024\04-26-2024 Unsung Hero.xlsx","8.50","6.50","4.00","Imported from legacy weekly grosses workbook"
"2024-04-28","Unsung Hero","2:30 PM","4","31","0","0","35","235.50","legacy_excel_import","legacy_excel","I:\My Drive\Grosses\Archive\2024\04-26-2024 Unsung Hero.xlsx","8.50","6.50","4.00","Imported from legacy weekly grosses workbook"
"2024-05-03","Unsung Hero","7:30 PM","31","10","0","0","41","328.50","legacy_excel_import","legacy_excel","I:\My Drive\Grosses\Archive\2024\05-03-24 unsung heroes second week.xlsx","8.50","6.50","4.00","Imported from legacy weekly grosses workbook"
"2024-05-04","Unsung Hero","7:30 PM","19","13","1","0","33","250.00","legacy_excel_import","legacy_excel","I:\My Drive\Grosses\Archive\2024\05-03-24 unsung heroes second week.xlsx","8.50","6.50","4.00","Imported from legacy weekly grosses workbook"
"2024-05-05","Unsung Hero","2:30 PM","0","54","4","0","58","367.00","legacy_excel_import","legacy_excel","I:\My Drive\Grosses\Archive\2024\05-03-24 unsung heroes second week.xlsx","8.50","6.50","4.00","Imported from legacy weekly grosses workbook"
"2024-05-10","Civil War","7:30 PM","9","6","0","0","15","115.50","legacy_excel_import","legacy_excel","I:\My Drive\Grosses\Archive\2024\5-10-24 Civil War.xlsx","8.50","6.50","4.00","Imported from legacy weekly grosses workbook"
"2024-05-11","Civil War","7:30 PM","6","10","4","0","20","132.00","legacy_excel_import","legacy_excel","I:\My Drive\Grosses\Archive\2024\5-10-24 Civil War.xlsx","8.50","6.50","4.00","Imported from legacy weekly grosses workbook"
"2024-05-12","Civil War","2:30 PM","0","6","4","0","10","55.00","legacy_excel_import","legacy_excel","I:\My Drive\Grosses\Archive\2024\5-10-24 Civil War.xlsx","8.50","6.50","4.00","Imported from legacy weekly grosses workbook"
"2024-05-17","IF","7:30 PM","20","26","0","0","46","339.00","legacy_excel_import","legacy_excel","I:\My Drive\Grosses\Archive\2024\5-17-24 IF.xlsx","8.50","6.50","4.00","Imported from legacy weekly grosses workbook"
"2024-05-18","IF","7:30 PM","38","31","4","0","73","540.50","legacy_excel_import","legacy_excel","I:\My Drive\Grosses\Archive\2024\5-17-24 IF.xlsx","8.50","6.50","4.00","Imported from legacy weekly grosses workbook"
"2024-05-19","IF","2:30 PM","1","40","1","0","42","272.50","legacy_excel_import","legacy_excel","I:\My Drive\Grosses\Archive\2024\5-17-24 IF.xlsx","8.50","6.50","4.00","Imported from legacy weekly grosses workbook"
"2024-05-24","If","7:30 PM","29","19","3","0","51","382.00","legacy_excel_import","legacy_excel","I:\My Drive\Grosses\Archive\2024\5-24-24 IF.xlsx","8.50","6.50","4.00","Imported from legacy weekly grosses workbook"
"2024-05-25","If","7:30 PM","6","6","0","0","12","90.00","legacy_excel_import","legacy_excel","I:\My Drive\Grosses\Archive\2024\5-24-24 IF.xlsx","8.50","6.50","4.00","Imported from legacy weekly grosses workbook"
"2024-05-26","If","2:30 PM","0","40","2","0","42","268.00","legacy_excel_import","legacy_excel","I:\My Drive\Grosses\Archive\2024\5-24-24 IF.xlsx","8.50","6.50","4.00","Imported from legacy weekly grosses workbook"
"2024-05-31","Fall Guy 5-31-24","7:30 PM","12","9","12","0","33","208.50","legacy_excel_import","legacy_excel","I:\My Drive\Grosses\Archive\2024\5-31-24 fall guy.xlsx","8.50","6.50","4.00","Imported from legacy weekly grosses workbook"
"2024-06-01","Fall Guy 5-31-24","7:30 PM","24","10","7","0","41","297.00","legacy_excel_import","legacy_excel","I:\My Drive\Grosses\Archive\2024\5-31-24 fall guy.xlsx","8.50","6.50","4.00","Imported from legacy weekly grosses workbook"
"2024-06-02","Fall Guy 5-31-24","2:30 PM","0","26","5","0","31","189.00","legacy_excel_import","legacy_excel","I:\My Drive\Grosses\Archive\2024\5-31-24 fall guy.xlsx","8.50","6.50","4.00","Imported from legacy weekly grosses workbook"
"2024-06-07","kingdom of the planet of the apes","7:30 PM","5","8","8","0","21","126.50","legacy_excel_import","legacy_excel","I:\My Drive\Grosses\Archive\2024\6-7-24 kingdom of the planet of the apes.xlsx","8.50","6.50","4.00","Imported from legacy weekly grosses workbook"
"2024-06-08","kingdom of the planet of the apes","7:30 PM","7","7","0","0","14","105.00","legacy_excel_import","legacy_excel","I:\My Drive\Grosses\Archive\2024\6-7-24 kingdom of the planet of the apes.xlsx","8.50","6.50","4.00","Imported from legacy weekly grosses workbook"
"2024-06-09","kingdom of the planet of the apes","2:30 PM","0","26","2","0","28","177.00","legacy_excel_import","legacy_excel","I:\My Drive\Grosses\Archive\2024\6-7-24 kingdom of the planet of the apes.xlsx","8.50","6.50","4.00","Imported from legacy weekly grosses workbook"
"2024-06-14","Garfield","7:30 PM","17","19","1","0","37","272.00","legacy_excel_import","legacy_excel","I:\My Drive\Grosses\Archive\2024\6-14-24 Garfield.xlsx","8.50","6.50","4.00","Imported from legacy weekly grosses workbook"
"2024-06-15","Garfield","7:30 PM","16","13","4","0","33","236.50","legacy_excel_import","legacy_excel","I:\My Drive\Grosses\Archive\2024\6-14-24 Garfield.xlsx","8.50","6.50","4.00","Imported from legacy weekly grosses workbook"
"2024-06-16","Garfield","2:30 PM","0","34","0","0","34","221.00","legacy_excel_import","legacy_excel","I:\My Drive\Grosses\Archive\2024\6-14-24 Garfield.xlsx","8.50","6.50","4.00","Imported from legacy weekly grosses workbook"
"2024-06-21","Inside out 2","7:30 PM","52","38","2","0","92","697.00","legacy_excel_import","legacy_excel","I:\My Drive\Grosses\Archive\2024\6-21-24 Inside out 2.xlsx","8.50","6.50","4.00","Imported from legacy weekly grosses workbook"
"2024-06-22","Inside out 2","7:30 PM","20","16","1","0","37","278.00","legacy_excel_import","legacy_excel","I:\My Drive\Grosses\Archive\2024\6-21-24 Inside out 2.xlsx","8.50","6.50","4.00","Imported from legacy weekly grosses workbook"
"2024-06-23","Inside out 2","2:30 PM","0","74","9","0","83","517.00","legacy_excel_import","legacy_excel","I:\My Drive\Grosses\Archive\2024\6-21-24 Inside out 2.xlsx","8.50","6.50","4.00","Imported from legacy weekly grosses workbook"
"2024-06-28","Inside out 2","7:30 PM","0","52","0","0","52","338.00","legacy_excel_import","legacy_excel","I:\My Drive\Grosses\Archive\2024\6-28-24 Inside out 2.xlsx","8.50","6.50","4.00","Imported from legacy weekly grosses workbook"
"2024-06-29","Inside out 2","7:30 PM","57","24","7","0","88","668.50","legacy_excel_import","legacy_excel","I:\My Drive\Grosses\Archive\2024\6-28-24 Inside out 2.xlsx","8.50","6.50","4.00","Imported from legacy weekly grosses workbook"
"2024-06-30","Inside out 2","2:30 PM","3","64","7","0","74","469.50","legacy_excel_import","legacy_excel","I:\My Drive\Grosses\Archive\2024\6-28-24 Inside out 2.xlsx","8.50","6.50","4.00","Imported from legacy weekly grosses workbook"
"2024-07-05","Dispicable Me 4","7:30 PM","25","17","2","0","44","331.00","legacy_excel_import","legacy_excel","I:\My Drive\Grosses\Archive\2024\7-5-24 Dispicable Me 4.xlsx","8.50","6.50","4.00","Imported from legacy weekly grosses workbook"
"2024-07-06","Dispicable Me 4","7:30 PM","53","39","5","0","97","724.00","legacy_excel_import","legacy_excel","I:\My Drive\Grosses\Archive\2024\7-5-24 Dispicable Me 4.xlsx","8.50","6.50","4.00","Imported from legacy weekly grosses workbook"
"2024-07-07","Dispicable Me 4","2:30 PM","0","65","2","0","67","430.50","legacy_excel_import","legacy_excel","I:\My Drive\Grosses\Archive\2024\7-5-24 Dispicable Me 4.xlsx","8.50","6.50","4.00","Imported from legacy weekly grosses workbook"
"2024-07-12","dispicable me 4","7:30 PM","49","29","10","0","88","645.00","legacy_excel_import","legacy_excel","I:\My Drive\Grosses\Archive\2024\7-12-24 dispicable Me 4.xlsx","8.50","6.50","4.00","Imported from legacy weekly grosses workbook"
"2024-07-13","dispicable me 4","7:30 PM","50","29","6","0","85","637.50","legacy_excel_import","legacy_excel","I:\My Drive\Grosses\Archive\2024\7-12-24 dispicable Me 4.xlsx","8.50","6.50","4.00","Imported from legacy weekly grosses workbook"
"2024-07-14","dispicable me 4","2:30 PM","0","53","0","0","53","344.50","legacy_excel_import","legacy_excel","I:\My Drive\Grosses\Archive\2024\7-12-24 dispicable Me 4.xlsx","8.50","6.50","4.00","Imported from legacy weekly grosses workbook"
"2024-07-19","Dispicable Me 4 7-19-24","7:30 PM","15","22","3","0","40","282.50","legacy_excel_import","legacy_excel","I:\My Drive\Grosses\Archive\2024\7-19-24 Dispicable Me 4.xlsx","8.50","6.50","4.00","Imported from legacy weekly grosses workbook"
"2024-07-20","Dispicable Me 4 7-19-24","7:30 PM","24","22","0","0","46","347.00","legacy_excel_import","legacy_excel","I:\My Drive\Grosses\Archive\2024\7-19-24 Dispicable Me 4.xlsx","8.50","6.50","4.00","Imported from legacy weekly grosses workbook"
"2024-07-21","Dispicable Me 4 7-19-24","2:30 PM","0","24","2","0","26","164.00","legacy_excel_import","legacy_excel","I:\My Drive\Grosses\Archive\2024\7-19-24 Dispicable Me 4.xlsx","8.50","6.50","4.00","Imported from legacy weekly grosses workbook"
"2024-07-26","Deadpool&Wolverine","7:30 PM","75","11","7","0","93","737.00","legacy_excel_import","legacy_excel","I:\My Drive\Grosses\Archive\2024\7-26-24 Deadpool & Wolverine.xlsx","8.50","6.50","4.00","Imported from legacy weekly grosses workbook"
"2024-07-27","Deadpool&Wolverine","7:30 PM","48","12","2","0","62","494.00","legacy_excel_import","legacy_excel","I:\My Drive\Grosses\Archive\2024\7-26-24 Deadpool & Wolverine.xlsx","8.50","6.50","4.00","Imported from legacy weekly grosses workbook"
"2024-07-28","Deadpool&Wolverine","2:30 PM","0","49","0","0","49","318.50","legacy_excel_import","legacy_excel","I:\My Drive\Grosses\Archive\2024\7-26-24 Deadpool & Wolverine.xlsx","8.50","6.50","4.00","Imported from legacy weekly grosses workbook"
"2024-08-01","Deadpool&Wolverine","7:30 PM","26","0","0","0","26","221.00","legacy_excel_import","legacy_excel","I:\My Drive\Grosses\Archive\2024\7-26-24 Deadpool & Wolverine.xlsx","8.50","6.50","4.00","Imported from legacy weekly grosses workbook"
"2024-08-02","Deadpool and Wolverine 8-2-24","7:30 PM","52","24","0","0","76","598.00","legacy_excel_import","legacy_excel","I:\My Drive\Grosses\Archive\2024\8-2-24 Deadpool and Wolverine.xlsx","8.50","6.50","4.00","Imported from legacy weekly grosses workbook"
"2024-08-03","Deadpool and Wolverine 8-2-24","7:30 PM","43","5","2","0","50","406.00","legacy_excel_import","legacy_excel","I:\My Drive\Grosses\Archive\2024\8-2-24 Deadpool and Wolverine.xlsx","8.50","6.50","4.00","Imported from legacy weekly grosses workbook"
"2024-08-04","Deadpool and Wolverine 8-2-24","2:30 PM","0","71","0","0","71","461.50","legacy_excel_import","legacy_excel","I:\My Drive\Grosses\Archive\2024\8-2-24 Deadpool and Wolverine.xlsx","8.50","6.50","4.00","Imported from legacy weekly grosses workbook"
"2024-08-09","Deadpool and Wolverine 8-9-24","7:30 PM","26","8","6","0","40","297.00","legacy_excel_import","legacy_excel","I:\My Drive\Grosses\Archive\2024\8-9-24 Deadpool and Wolverine.xlsx","8.50","6.50","4.00","Imported from legacy weekly grosses workbook"
"2024-08-10","Deadpool and Wolverine 8-9-24","7:30 PM","43","3","1","0","47","389.00","legacy_excel_import","legacy_excel","I:\My Drive\Grosses\Archive\2024\8-9-24 Deadpool and Wolverine.xlsx","8.50","6.50","4.00","Imported from legacy weekly grosses workbook"
"2024-08-11","Deadpool and Wolverine 8-9-24","2:30 PM","0","59","0","0","59","383.50","legacy_excel_import","legacy_excel","I:\My Drive\Grosses\Archive\2024\8-9-24 Deadpool and Wolverine.xlsx","8.50","6.50","4.00","Imported from legacy weekly grosses workbook"
"2024-08-16","Twisters 8-16-24","7:30 PM","31","24","6","0","61","443.50","legacy_excel_import","legacy_excel","I:\My Drive\Grosses\Archive\2024\8-16-24 Twisters.xlsx","8.50","6.50","4.00","Imported from legacy weekly grosses workbook"
"2024-08-17","Twisters 8-16-24","7:30 PM","20","15","0","0","35","267.50","legacy_excel_import","legacy_excel","I:\My Drive\Grosses\Archive\2024\8-16-24 Twisters.xlsx","8.50","6.50","4.00","Imported from legacy weekly grosses workbook"
"2024-08-18","Twisters 8-16-24","2:30 PM","36","0","4","0","40","322.00","legacy_excel_import","legacy_excel","I:\My Drive\Grosses\Archive\2024\8-16-24 Twisters.xlsx","8.50","6.50","4.00","Imported from legacy weekly grosses workbook"
"2024-08-23","Twister 8-23-24","7:30 PM","4","1","4","0","9","56.50","legacy_excel_import","legacy_excel","I:\My Drive\Grosses\Archive\2024\8-23-24 Twisters.xlsx","8.50","6.50","4.00","Imported from legacy weekly grosses workbook"
"2024-08-24","Twister 8-23-24","7:30 PM","28","8","1","0","37","294.00","legacy_excel_import","legacy_excel","I:\My Drive\Grosses\Archive\2024\8-23-24 Twisters.xlsx","8.50","6.50","4.00","Imported from legacy weekly grosses workbook"
"2024-08-25","Twister 8-23-24","2:30 PM","19","14","4","0","37","268.50","legacy_excel_import","legacy_excel","I:\My Drive\Grosses\Archive\2024\8-23-24 Twisters.xlsx","8.50","6.50","4.00","Imported from legacy weekly grosses workbook"
"2024-08-30","It ends with us 8-30-24","7:30 PM","22","0","0","0","22","187.00","legacy_excel_import","legacy_excel","I:\My Drive\Grosses\Archive\2024\8-30-24 It ends with us.xlsx","8.50","6.50","4.00","Imported from legacy weekly grosses workbook"
"2024-08-31","It ends with us 8-30-24","7:30 PM","7","5","1","0","13","96.00","legacy_excel_import","legacy_excel","I:\My Drive\Grosses\Archive\2024\8-30-24 It ends with us.xlsx","8.50","6.50","4.00","Imported from legacy weekly grosses workbook"
"2024-09-01","It ends with us 8-30-24","2:30 PM","0","11","0","0","11","71.50","legacy_excel_import","legacy_excel","I:\My Drive\Grosses\Archive\2024\8-30-24 It ends with us.xlsx","8.50","6.50","4.00","Imported from legacy weekly grosses workbook"
"2024-09-06","BeetleJuice BettleJuice 9-6-24","7:30 PM","47","26","10","0","83","608.50","legacy_excel_import","legacy_excel","I:\My Drive\Grosses\Archive\2024\9-6-24 BettleJuice BettleJuice.xlsx","8.50","6.50","4.00","Imported from legacy weekly grosses workbook"
"2024-09-07","BeetleJuice BettleJuice 9-6-24","7:30 PM","58","20","7","0","85","651.00","legacy_excel_import","legacy_excel","I:\My Drive\Grosses\Archive\2024\9-6-24 BettleJuice BettleJuice.xlsx","8.50","6.50","4.00","Imported from legacy weekly grosses workbook"
"2024-09-08","BeetleJuice BettleJuice 9-6-24","2:30 PM","4","46","6","0","56","357.00","legacy_excel_import","legacy_excel","I:\My Drive\Grosses\Archive\2024\9-6-24 BettleJuice BettleJuice.xlsx","8.50","6.50","4.00","Imported from legacy weekly grosses workbook"
"2024-09-13","Bettlejuice Beetlejuice","7:30 PM","31","20","9","0","60","429.50","legacy_excel_import","legacy_excel","I:\My Drive\Grosses\Archive\2024\9-13-24 Beetlejuice Bettlejuice.xlsx","8.50","6.50","4.00","Imported from legacy weekly grosses workbook"
"2024-09-14","Bettlejuice Beetlejuice","7:30 PM","37","9","0","0","46","373.00","legacy_excel_import","legacy_excel","I:\My Drive\Grosses\Archive\2024\9-13-24 Beetlejuice Bettlejuice.xlsx","8.50","6.50","4.00","Imported from legacy weekly grosses workbook"
"2024-09-15","Bettlejuice Beetlejuice","2:30 PM","0","42","1","0","43","277.00","legacy_excel_import","legacy_excel","I:\My Drive\Grosses\Archive\2024\9-13-24 Beetlejuice Bettlejuice.xlsx","8.50","6.50","4.00","Imported from legacy weekly grosses workbook"
"2024-09-21","Aliens: Romulus 9-20-24","7:30 PM","13","4","3","0","20","148.50","legacy_excel_import","legacy_excel","I:\My Drive\Grosses\Archive\2024\9-21-2024 Aliens Romulus.xlsx","8.50","6.50","4.00","Imported from legacy weekly grosses workbook"
"2024-09-23","Aliens: Romulus 9-20-24","2:30 PM","0","11","0","0","11","71.50","legacy_excel_import","legacy_excel","I:\My Drive\Grosses\Archive\2024\9-21-2024 Aliens Romulus.xlsx","8.50","6.50","4.00","Imported from legacy weekly grosses workbook"
"2024-09-27","The Wild Robots","7:30 PM","0","6","0","0","6","39.00","legacy_excel_import","legacy_excel","I:\My Drive\Grosses\Archive\2024\9-27-2024 The Wild Robot.xlsx","8.50","6.50","4.00","Imported from legacy weekly grosses workbook"
"2024-09-28","The Wild Robots","7:30 PM","25","23","1","0","49","366.00","legacy_excel_import","legacy_excel","I:\My Drive\Grosses\Archive\2024\9-27-2024 The Wild Robot.xlsx","8.50","6.50","4.00","Imported from legacy weekly grosses workbook"
"2024-09-29","The Wild Robots","2:30 PM","0","24","3","0","27","168.00","legacy_excel_import","legacy_excel","I:\My Drive\Grosses\Archive\2024\9-27-2024 The Wild Robot.xlsx","8.50","6.50","4.00","Imported from legacy weekly grosses workbook"
"2024-10-04","The wild Robot","7:30 PM","21","19","8","0","48","334.00","legacy_excel_import","legacy_excel","I:\My Drive\Grosses\Archive\2024\10-4-24 The Wild Robot.xlsx","8.50","6.50","4.00","Imported from legacy weekly grosses workbook"
"2024-10-05","The wild Robot","7:30 PM","8","8","1","0","17","124.00","legacy_excel_import","legacy_excel","I:\My Drive\Grosses\Archive\2024\10-4-24 The Wild Robot.xlsx","8.50","6.50","4.00","Imported from legacy weekly grosses workbook"
"2024-10-06","The wild Robot","2:30 PM","0","16","9","0","25","140.00","legacy_excel_import","legacy_excel","I:\My Drive\Grosses\Archive\2024\10-4-24 The Wild Robot.xlsx","8.50","6.50","4.00","Imported from legacy weekly grosses workbook"
"2024-10-11","Transformers one","7:30 PM","3","5","0","0","8","58.00","legacy_excel_import","legacy_excel","I:\My Drive\Grosses\Archive\2024\10-11-24 Transformers One.xlsx","8.50","6.50","4.00","Imported from legacy weekly grosses workbook"
"2024-10-12","Transformers one","7:30 PM","15","5","0","0","20","160.00","legacy_excel_import","legacy_excel","I:\My Drive\Grosses\Archive\2024\10-11-24 Transformers One.xlsx","8.50","6.50","4.00","Imported from legacy weekly grosses workbook"
"2024-10-13","Transformers one","2:30 PM","0","17","0","0","17","110.50","legacy_excel_import","legacy_excel","I:\My Drive\Grosses\Archive\2024\10-11-24 Transformers One.xlsx","8.50","6.50","4.00","Imported from legacy weekly grosses workbook"
"2024-10-18","Joker Folie a Deux","7:30 PM","6","4","0","0","10","77.00","legacy_excel_import","legacy_excel","I:\My Drive\Grosses\Archive\2024\10-18-24 Joker Folie Deux.xlsx","8.50","6.50","4.00","Imported from legacy weekly grosses workbook"
"2024-10-19","Joker Folie a Deux","7:30 PM","5","1","0","0","6","49.00","legacy_excel_import","legacy_excel","I:\My Drive\Grosses\Archive\2024\10-18-24 Joker Folie Deux.xlsx","8.50","6.50","4.00","Imported from legacy weekly grosses workbook"
"2024-10-26","Venom Til Death Do They Part","7:30 PM","31","3","0","0","34","283.00","legacy_excel_import","legacy_excel","I:\My Drive\Grosses\Archive\2024\10-25-24 Venom Til Death Do They Part.xlsx","8.50","6.50","4.00","Imported from legacy weekly grosses workbook"
"2024-10-27","Venom Til Death Do They Part","2:30 PM","0","16","0","0","16","104.00","legacy_excel_import","legacy_excel","I:\My Drive\Grosses\Archive\2024\10-25-24 Venom Til Death Do They Part.xlsx","8.50","6.50","4.00","Imported from legacy weekly grosses workbook"
"2024-11-01","Venom til death do they part","7:30 PM","17","8","7","0","32","224.50","legacy_excel_import","legacy_excel","I:\My Drive\Grosses\Archive\2024\11-1-24 Venom Til Death DoThey Part.xlsx","8.50","6.50","4.00","Imported from legacy weekly grosses workbook"
"2024-11-02","Venom til death do they part","7:30 PM","7","3","5","0","15","99.00","legacy_excel_import","legacy_excel","I:\My Drive\Grosses\Archive\2024\11-1-24 Venom Til Death DoThey Part.xlsx","8.50","6.50","4.00","Imported from legacy weekly grosses workbook"
"2024-11-03","Venom til death do they part","2:30 PM","5","7","0","0","12","88.00","legacy_excel_import","legacy_excel","I:\My Drive\Grosses\Archive\2024\11-1-24 Venom Til Death DoThey Part.xlsx","8.50","6.50","4.00","Imported from legacy weekly grosses workbook"
"2024-11-08","We Live In Time","7:30 PM","6","4","2","0","12","85.00","legacy_excel_import","legacy_excel","I:\My Drive\Grosses\Archive\2024\11-8-24 We Live In Time.xlsx","8.50","6.50","4.00","Imported from legacy weekly grosses workbook"
"2024-11-09","We Live In Time","7:30 PM","10","0","0","0","10","85.00","legacy_excel_import","legacy_excel","I:\My Drive\Grosses\Archive\2024\11-8-24 We Live In Time.xlsx","8.50","6.50","4.00","Imported from legacy weekly grosses workbook"
"2024-11-10","We Live In Time","2:30 PM","0","6","2","0","8","47.00","legacy_excel_import","legacy_excel","I:\My Drive\Grosses\Archive\2024\11-8-24 We Live In Time.xlsx","8.50","6.50","4.00","Imported from legacy weekly grosses workbook"
"2024-11-16","2024 Red One","7:30 PM","47","21","3","0","71","548.00","legacy_excel_import","legacy_excel","I:\My Drive\Grosses\Archive\2024\11-15 Red One.xlsx","8.50","6.50","4.00","Imported from legacy weekly grosses workbook"
"2024-11-17","2024 Red One","2:30 PM","0","53","6","0","59","368.50","legacy_excel_import","legacy_excel","I:\My Drive\Grosses\Archive\2024\11-15 Red One.xlsx","8.50","6.50","4.00","Imported from legacy weekly grosses workbook"
"2024-11-22","Red One","7:30 PM","14","17","9","0","40","265.50","legacy_excel_import","legacy_excel","I:\My Drive\Grosses\Archive\2024\11-22-24 Red One.xlsx","8.50","6.50","4.00","Imported from legacy weekly grosses workbook"
"2024-11-23","Red One","7:30 PM","24","9","0","0","33","262.50","legacy_excel_import","legacy_excel","I:\My Drive\Grosses\Archive\2024\11-22-24 Red One.xlsx","8.50","6.50","4.00","Imported from legacy weekly grosses workbook"
"2024-11-24","Red One","2:30 PM","0","43","8","0","51","311.50","legacy_excel_import","legacy_excel","I:\My Drive\Grosses\Archive\2024\11-22-24 Red One.xlsx","8.50","6.50","4.00","Imported from legacy weekly grosses workbook"
"2024-11-27","Moana 2","7:30 PM","88","56","18","0","162","1184.00","legacy_excel_import","legacy_excel","I:\My Drive\Grosses\Archive\2024\11-27-2024 Moana 2.xlsx","8.50","6.50","4.00","Imported from legacy weekly grosses workbook"
"2024-11-28","Moana 2","7:30 PM","72","47","6","0","125","941.50","legacy_excel_import","legacy_excel","I:\My Drive\Grosses\Archive\2024\11-27-2024 Moana 2.xlsx","8.50","6.50","4.00","Imported from legacy weekly grosses workbook"
"2024-11-29","Moana 2","2:30 PM","10","90","10","0","110","710.00","legacy_excel_import","legacy_excel","I:\My Drive\Grosses\Archive\2024\11-27-2024 Moana 2.xlsx","8.50","6.50","4.00","Imported from legacy weekly grosses workbook"
"2024-11-30","Moana 2","7:30 PM","12","3","1","0","16","125.50","legacy_excel_import","legacy_excel","I:\My Drive\Grosses\Archive\2024\11-27-2024 Moana 2.xlsx","8.50","6.50","4.00","Imported from legacy weekly grosses workbook"
"2024-12-02","Moana 2","7:30 PM","73","54","5","0","132","991.50","legacy_excel_import","legacy_excel","I:\My Drive\Grosses\Archive\2024\11-27-2024 Moana 2.xlsx","8.50","6.50","4.00","Imported from legacy weekly grosses workbook"
"2024-12-06","12/624 Moana 2","7:30 PM","31","22","3","0","56","418.50","legacy_excel_import","legacy_excel","I:\My Drive\Grosses\Archive\2024\12-6-24 Moana 2.xlsx","8.50","6.50","4.00","Imported from legacy weekly grosses workbook"
"2024-12-07","12/624 Moana 2","7:30 PM","31","19","1","0","51","391.00","legacy_excel_import","legacy_excel","I:\My Drive\Grosses\Archive\2024\12-6-24 Moana 2.xlsx","8.50","6.50","4.00","Imported from legacy weekly grosses workbook"
"2024-12-08","12/624 Moana 2","2:30 PM","0","64","2","0","66","424.00","legacy_excel_import","legacy_excel","I:\My Drive\Grosses\Archive\2024\12-6-24 Moana 2.xlsx","8.50","6.50","4.00","Imported from legacy weekly grosses workbook"
"2024-12-13","Moana 2","7:30 PM","14","2","0","0","16","132.00","legacy_excel_import","legacy_excel","I:\My Drive\Grosses\Archive\2024\12-13-24 Moana 2.xlsx","8.50","6.50","4.00","Imported from legacy weekly grosses workbook"
"2024-12-14","Moana 2","7:30 PM","7","16","0","0","23","163.50","legacy_excel_import","legacy_excel","I:\My Drive\Grosses\Archive\2024\12-13-24 Moana 2.xlsx","8.50","6.50","4.00","Imported from legacy weekly grosses workbook"
"2024-12-15","Moana 2","2:30 PM","1","4","0","0","5","34.50","legacy_excel_import","legacy_excel","I:\My Drive\Grosses\Archive\2024\12-13-24 Moana 2.xlsx","8.50","6.50","4.00","Imported from legacy weekly grosses workbook"
"2024-12-20","Sonic 3","7:30 PM","0","51","0","0","51","331.50","legacy_excel_import","legacy_excel","I:\My Drive\Grosses\Archive\2024\12-20-24 Sonic 3.xlsx","8.50","6.50","4.00","Imported from legacy weekly grosses workbook"
"2024-12-21","Sonic 3","7:30 PM","15","13","0","0","28","212.00","legacy_excel_import","legacy_excel","I:\My Drive\Grosses\Archive\2024\12-20-24 Sonic 3.xlsx","8.50","6.50","4.00","Imported from legacy weekly grosses workbook"
"2024-12-22","Sonic 3","2:30 PM","0","65","6","0","71","446.50","legacy_excel_import","legacy_excel","I:\My Drive\Grosses\Archive\2024\12-20-24 Sonic 3.xlsx","8.50","6.50","4.00","Imported from legacy weekly grosses workbook"
"2024-12-27","Sonic 3","7:30 PM","18","12","6","0","36","255.00","legacy_excel_import","legacy_excel","I:\My Drive\Grosses\Archive\2024\12-27-24 Sonic 3.xlsx","8.50","6.50","4.00","Imported from legacy weekly grosses workbook"
"2024-12-28","Sonic 3","7:30 PM","15","9","1","0","25","190.00","legacy_excel_import","legacy_excel","I:\My Drive\Grosses\Archive\2024\12-27-24 Sonic 3.xlsx","8.50","6.50","4.00","Imported from legacy weekly grosses workbook"
"2024-12-29","Sonic 3","2:30 PM","0","47","7","0","54","333.50","legacy_excel_import","legacy_excel","I:\My Drive\Grosses\Archive\2024\12-27-24 Sonic 3.xlsx","8.50","6.50","4.00","Imported from legacy weekly grosses workbook"
"2025-01-03","Wicked","7:30 PM","42","30","13","0","85","604.00","legacy_excel_import","legacy_excel","I:\My Drive\Grosses\Archive\2025\1-3-25 Wicked.xlsx","8.50","6.50","4.00","Imported from legacy weekly grosses workbook"
"2025-01-04","Wicked","7:30 PM","18","4","0","0","22","179.00","legacy_excel_import","legacy_excel","I:\My Drive\Grosses\Archive\2025\1-3-25 Wicked.xlsx","8.50","6.50","4.00","Imported from legacy weekly grosses workbook"
"2025-01-05","Wicked","2:30 PM","0","33","7","0","40","242.50","legacy_excel_import","legacy_excel","I:\My Drive\Grosses\Archive\2025\1-3-25 Wicked.xlsx","8.50","6.50","4.00","Imported from legacy weekly grosses workbook"
"2025-01-10","Homestead","7:30 PM","15","12","2","0","29","213.50","legacy_excel_import","legacy_excel","I:\My Drive\Grosses\Archive\2025\1-10-25 Homestead.xlsx","8.50","6.50","4.00","Imported from legacy weekly grosses workbook"
"2025-01-11","Homestead","7:30 PM","29","10","5","0","44","331.50","legacy_excel_import","legacy_excel","I:\My Drive\Grosses\Archive\2025\1-10-25 Homestead.xlsx","8.50","6.50","4.00","Imported from legacy weekly grosses workbook"
"2025-01-12","Homestead","2:30 PM","2","26","6","0","34","210.00","legacy_excel_import","legacy_excel","I:\My Drive\Grosses\Archive\2025\1-10-25 Homestead.xlsx","8.50","6.50","4.00","Imported from legacy weekly grosses workbook"
"2025-01-17","Mufasa, the lion king","7:30 PM","19","12","5","0","36","259.50","legacy_excel_import","legacy_excel","I:\My Drive\Grosses\Archive\2025\1-17-25 Mufasa, the lion king.xlsx","8.50","6.50","4.00","Imported from legacy weekly grosses workbook"
"2025-01-18","Mufasa, the lion king","7:30 PM","28","14","4","0","46","345.00","legacy_excel_import","legacy_excel","I:\My Drive\Grosses\Archive\2025\1-17-25 Mufasa, the lion king.xlsx","8.50","6.50","4.00","Imported from legacy weekly grosses workbook"
"2025-01-19","Mufasa, the lion king","2:30 PM","2","44","13","0","59","355.00","legacy_excel_import","legacy_excel","I:\My Drive\Grosses\Archive\2025\1-17-25 Mufasa, the lion king.xlsx","8.50","6.50","4.00","Imported from legacy weekly grosses workbook"
"2025-01-24","Brave The Dark","7:30 PM","9","12","1","0","22","158.50","legacy_excel_import","legacy_excel","I:\My Drive\Grosses\Archive\2025\1-24-25 Brave The Dark.xlsx","8.50","6.50","4.00","Imported from legacy weekly grosses workbook"
"2025-01-25","Brave The Dark","7:30 PM","10","3","0","0","13","104.50","legacy_excel_import","legacy_excel","I:\My Drive\Grosses\Archive\2025\1-24-25 Brave The Dark.xlsx","8.50","6.50","4.00","Imported from legacy weekly grosses workbook"
"2025-01-31","Brave The Dark","7:30 PM","5","8","0","0","13","94.50","legacy_excel_import","legacy_excel","I:\My Drive\Grosses\Archive\2025\1-31-25 Brave The Dark.xlsx","8.50","6.50","4.00","Imported from legacy weekly grosses workbook"
"2025-02-01","Brave The Dark","7:30 PM","3","5","0","0","8","58.00","legacy_excel_import","legacy_excel","I:\My Drive\Grosses\Archive\2025\1-31-25 Brave The Dark.xlsx","8.50","6.50","4.00","Imported from legacy weekly grosses workbook"
"2025-02-02","Brave The Dark","2:30 PM","0","5","0","0","5","32.50","legacy_excel_import","legacy_excel","I:\My Drive\Grosses\Archive\2025\1-31-25 Brave The Dark.xlsx","8.50","6.50","4.00","Imported from legacy weekly grosses workbook"
"2025-02-07","A complete unknown","7:30 PM","10","8","2","0","20","145.00","legacy_excel_import","legacy_excel","I:\My Drive\Grosses\Archive\2025\2-7-25 A complete unknown.xlsx","8.50","6.50","4.00","Imported from legacy weekly grosses workbook"
"2025-02-08","A complete unknown","7:30 PM","2","2","0","0","4","30.00","legacy_excel_import","legacy_excel","I:\My Drive\Grosses\Archive\2025\2-7-25 A complete unknown.xlsx","8.50","6.50","4.00","Imported from legacy weekly grosses workbook"
"2025-02-09","A complete unknown","2:30 PM","0","6","4","0","10","55.00","legacy_excel_import","legacy_excel","I:\My Drive\Grosses\Archive\2025\2-7-25 A complete unknown.xlsx","8.50","6.50","4.00","Imported from legacy weekly grosses workbook"
"2025-02-14","Captian America Brave New World","7:30 PM","37","13","3","0","53","411.00","legacy_excel_import","legacy_excel","I:\My Drive\Grosses\Archive\2025\2-14-25 Captian America Brave New World.xlsx","8.50","6.50","4.00","Imported from legacy weekly grosses workbook"
"2025-02-15","Captian America Brave New World","7:30 PM","13","5","0","0","18","143.00","legacy_excel_import","legacy_excel","I:\My Drive\Grosses\Archive\2025\2-14-25 Captian America Brave New World.xlsx","8.50","6.50","4.00","Imported from legacy weekly grosses workbook"
"2025-02-16","Captian America Brave New World","2:30 PM","0","28","4","0","32","198.00","legacy_excel_import","legacy_excel","I:\My Drive\Grosses\Archive\2025\2-14-25 Captian America Brave New World.xlsx","8.50","6.50","4.00","Imported from legacy weekly grosses workbook"
"2025-02-21","Captian America Brave New World","7:30 PM","11","10","0","0","21","158.50","legacy_excel_import","legacy_excel","I:\My Drive\Grosses\Archive\2025\2-21-25 Captian America A Brave New World.xlsx","8.50","6.50","4.00","Imported from legacy weekly grosses workbook"
"2025-02-22","Captian America Brave New World","7:30 PM","9","7","1","0","17","126.00","legacy_excel_import","legacy_excel","I:\My Drive\Grosses\Archive\2025\2-21-25 Captian America A Brave New World.xlsx","8.50","6.50","4.00","Imported from legacy weekly grosses workbook"
"2025-02-23","Captian America Brave New World","2:30 PM","0","35","0","0","35","227.50","legacy_excel_import","legacy_excel","I:\My Drive\Grosses\Archive\2025\2-21-25 Captian America A Brave New World.xlsx","8.50","6.50","4.00","Imported from legacy weekly grosses workbook"
"2025-02-28","Dog Man","7:30 PM","10","5","2","0","17","125.50","legacy_excel_import","legacy_excel","I:\My Drive\Grosses\Archive\2025\2-28-25 Dog Man.xlsx","8.50","6.50","4.00","Imported from legacy weekly grosses workbook"
"2025-03-01","Dog Man","7:30 PM","6","12","2","0","20","137.00","legacy_excel_import","legacy_excel","I:\My Drive\Grosses\Archive\2025\2-28-25 Dog Man.xlsx","8.50","6.50","4.00","Imported from legacy weekly grosses workbook"
"2025-03-02","Dog Man","2:30 PM","1","17","0","0","18","119.00","legacy_excel_import","legacy_excel","I:\My Drive\Grosses\Archive\2025\2-28-25 Dog Man.xlsx","8.50","6.50","4.00","Imported from legacy weekly grosses workbook"
"2025-03-22","Snow White","7:30 PM","4","4","0","0","8","60.00","legacy_excel_import","legacy_excel","I:\My Drive\Grosses\Archive\2025\3-21-25 Snow White.xlsx","8.50","6.50","4.00","Imported from legacy weekly grosses workbook"
"2025-03-23","Snow White","2:30 PM","0","33","2","0","35","222.50","legacy_excel_import","legacy_excel","I:\My Drive\Grosses\Archive\2025\3-21-25 Snow White.xlsx","8.50","6.50","4.00","Imported from legacy weekly grosses workbook"
"2025-03-28","Snow White","7:30 PM","4","10","0","0","14","99.00","legacy_excel_import","legacy_excel","I:\My Drive\Grosses\Archive\2025\3-28-25 Snow White.xlsx","8.50","6.50","4.00","Imported from legacy weekly grosses workbook"
"2025-03-29","Snow White","7:30 PM","17","12","1","0","30","226.50","legacy_excel_import","legacy_excel","I:\My Drive\Grosses\Archive\2025\3-28-25 Snow White.xlsx","8.50","6.50","4.00","Imported from legacy weekly grosses workbook"
"2025-03-30","Snow White","2:30 PM","0","8","5","0","13","72.00","legacy_excel_import","legacy_excel","I:\My Drive\Grosses\Archive\2025\3-28-25 Snow White.xlsx","8.50","6.50","4.00","Imported from legacy weekly grosses workbook"
"2025-04-04","Minecraft","7:30 PM","107","34","10","0","151","1170.50","legacy_excel_import","legacy_excel","I:\My Drive\Grosses\Archive\2025\4-4-25 Minecraft.xlsx","8.50","6.50","4.00","Imported from legacy weekly grosses workbook"
"2025-04-05","Minecraft","7:30 PM","86","41","0","0","127","997.50","legacy_excel_import","legacy_excel","I:\My Drive\Grosses\Archive\2025\4-4-25 Minecraft.xlsx","8.50","6.50","4.00","Imported from legacy weekly grosses workbook"
"2025-04-06","Minecraft","2:30 PM","1","140","2","0","143","926.50","legacy_excel_import","legacy_excel","I:\My Drive\Grosses\Archive\2025\4-4-25 Minecraft.xlsx","8.50","6.50","4.00","Imported from legacy weekly grosses workbook"
"2025-04-11","Minecraft","7:30 PM","70","29","3","0","102","795.50","legacy_excel_import","legacy_excel","I:\My Drive\Grosses\Archive\2025\4-11-25 Minecraft.xlsx","8.50","6.50","4.00","Imported from legacy weekly grosses workbook"
"2025-04-12","Minecraft","7:30 PM","23","26","5","0","54","384.50","legacy_excel_import","legacy_excel","I:\My Drive\Grosses\Archive\2025\4-11-25 Minecraft.xlsx","8.50","6.50","4.00","Imported from legacy weekly grosses workbook"
"2025-04-13","Minecraft","2:30 PM","1","45","2","0","48","309.00","legacy_excel_import","legacy_excel","I:\My Drive\Grosses\Archive\2025\4-11-25 Minecraft.xlsx","8.50","6.50","4.00","Imported from legacy weekly grosses workbook"
"2025-04-18","King of Kings","7:30 PM","32","38","5","0","75","539.00","legacy_excel_import","legacy_excel","I:\My Drive\Grosses\Archive\2025\4-18-2025 King of Kings.xlsx","8.50","6.50","4.00","Imported from legacy weekly grosses workbook"
"2025-04-19","King of Kings","7:30 PM","24","29","3","0","56","404.50","legacy_excel_import","legacy_excel","I:\My Drive\Grosses\Archive\2025\4-18-2025 King of Kings.xlsx","8.50","6.50","4.00","Imported from legacy weekly grosses workbook"
"2025-04-20","King of Kings","2:30 PM","0","34","0","0","34","221.00","legacy_excel_import","legacy_excel","I:\My Drive\Grosses\Archive\2025\4-18-2025 King of Kings.xlsx","8.50","6.50","4.00","Imported from legacy weekly grosses workbook"
"2025-04-25","A Working Man","7:30 PM","9","3","0","0","12","96.00","legacy_excel_import","legacy_excel","I:\My Drive\Grosses\Archive\2025\4-25-25 A Working Man.xlsx","8.50","6.50","4.00","Imported from legacy weekly grosses workbook"
"2025-04-26","A Working Man","7:30 PM","6","1","4","0","11","73.50","legacy_excel_import","legacy_excel","I:\My Drive\Grosses\Archive\2025\4-25-25 A Working Man.xlsx","8.50","6.50","4.00","Imported from legacy weekly grosses workbook"
"2025-04-27","A Working Man","2:30 PM","0","7","0","0","7","45.50","legacy_excel_import","legacy_excel","I:\My Drive\Grosses\Archive\2025\4-25-25 A Working Man.xlsx","8.50","6.50","4.00","Imported from legacy weekly grosses workbook"
"2025-05-02","Thunderbolts","7:30 PM","23","2","5","0","30","228.50","legacy_excel_import","legacy_excel","I:\My Drive\Grosses\Archive\2025\5-2-25 Thunderbolts.xlsx","8.50","6.50","4.00","Imported from legacy weekly grosses workbook"
"2025-05-03","Thunderbolts","7:30 PM","22","10","4","0","36","268.00","legacy_excel_import","legacy_excel","I:\My Drive\Grosses\Archive\2025\5-2-25 Thunderbolts.xlsx","8.50","6.50","4.00","Imported from legacy weekly grosses workbook"
"2025-05-04","Thunderbolts","2:30 PM","0","15","1","0","16","101.50","legacy_excel_import","legacy_excel","I:\My Drive\Grosses\Archive\2025\5-2-25 Thunderbolts.xlsx","8.50","6.50","4.00","Imported from legacy weekly grosses workbook"
"2025-05-09","Thunderbolts","7:30 PM","11","4","0","0","15","119.50","legacy_excel_import","legacy_excel","I:\My Drive\Grosses\Archive\2025\5-9-2025 Thunderbolts.xlsx","8.50","6.50","4.00","Imported from legacy weekly grosses workbook"
"2025-05-10","Thunderbolts","7:30 PM","5","6","0","0","11","81.50","legacy_excel_import","legacy_excel","I:\My Drive\Grosses\Archive\2025\5-9-2025 Thunderbolts.xlsx","8.50","6.50","4.00","Imported from legacy weekly grosses workbook"
"2025-05-11","Thunderbolts","2:30 PM","5","23","4","0","32","208.00","legacy_excel_import","legacy_excel","I:\My Drive\Grosses\Archive\2025\5-9-2025 Thunderbolts.xlsx","8.50","6.50","4.00","Imported from legacy weekly grosses workbook"
"2025-05-16","The Accountant 2","7:30 PM","22","9","5","0","36","265.50","legacy_excel_import","legacy_excel","I:\My Drive\Grosses\Archive\2025\5-16-25 The Accountant 2.xlsx","8.50","6.50","4.00","Imported from legacy weekly grosses workbook"
"2025-05-17","The Accountant 2","7:30 PM","11","4","0","0","15","119.50","legacy_excel_import","legacy_excel","I:\My Drive\Grosses\Archive\2025\5-16-25 The Accountant 2.xlsx","8.50","6.50","4.00","Imported from legacy weekly grosses workbook"
"2025-05-18","The Accountant 2","2:30 PM","32","0","4","0","36","288.00","legacy_excel_import","legacy_excel","I:\My Drive\Grosses\Archive\2025\5-16-25 The Accountant 2.xlsx","8.50","6.50","4.00","Imported from legacy weekly grosses workbook"
"2025-05-23","Lilo and Stitch","7:30 PM","38","38","5","0","81","590.00","legacy_excel_import","legacy_excel","I:\My Drive\Grosses\Archive\2025\5-23-25 Lilo and Stitch.xlsx","8.50","6.50","4.00","Imported from legacy weekly grosses workbook"
"2025-05-24","Lilo and Stitch","7:30 PM","28","26","2","0","56","415.00","legacy_excel_import","legacy_excel","I:\My Drive\Grosses\Archive\2025\5-23-25 Lilo and Stitch.xlsx","8.50","6.50","4.00","Imported from legacy weekly grosses workbook"
"2025-05-25","Lilo and Stitch","2:30 PM","0","36","4","0","40","250.00","legacy_excel_import","legacy_excel","I:\My Drive\Grosses\Archive\2025\5-23-25 Lilo and Stitch.xlsx","8.50","6.50","4.00","Imported from legacy weekly grosses workbook"
"2025-05-30","Lilo and Stitch","7:30 PM","32","11","7","0","50","371.50","legacy_excel_import","legacy_excel","I:\My Drive\Grosses\Archive\2025\5-30-25 Lilo and Stitch.xlsx","8.50","6.50","4.00","Imported from legacy weekly grosses workbook"
"2025-05-31","Lilo and Stitch","7:30 PM","23","19","1","0","43","323.00","legacy_excel_import","legacy_excel","I:\My Drive\Grosses\Archive\2025\5-30-25 Lilo and Stitch.xlsx","8.50","6.50","4.00","Imported from legacy weekly grosses workbook"
"2025-06-01","Lilo and Stitch","2:30 PM","46","0","0","0","46","391.00","legacy_excel_import","legacy_excel","I:\My Drive\Grosses\Archive\2025\5-30-25 Lilo and Stitch.xlsx","8.50","6.50","4.00","Imported from legacy weekly grosses workbook"
"2025-06-06","mission impossible","7:30 PM","13","15","4","0","32","224.00","legacy_excel_import","legacy_excel","I:\My Drive\Grosses\Archive\2025\6-6-25 mission impossible.xlsx","8.50","6.50","4.00","Imported from legacy weekly grosses workbook"
"2025-06-07","mission impossible","7:30 PM","15","11","0","0","26","199.00","legacy_excel_import","legacy_excel","I:\My Drive\Grosses\Archive\2025\6-6-25 mission impossible.xlsx","8.50","6.50","4.00","Imported from legacy weekly grosses workbook"
"2025-06-08","mission impossible","2:30 PM","0","17","1","0","18","114.50","legacy_excel_import","legacy_excel","I:\My Drive\Grosses\Archive\2025\6-6-25 mission impossible.xlsx","8.50","6.50","4.00","Imported from legacy weekly grosses workbook"
"2025-06-13","How to Train Your Dragon","7:30 PM","63","37","3","0","103","788.00","legacy_excel_import","legacy_excel","I:\My Drive\Grosses\Archive\2025\6-13-25 How To Train Your Dragon.xlsx","8.50","6.50","4.00","Imported from legacy weekly grosses workbook"
"2025-06-14","How to Train Your Dragon","7:30 PM","34","16","4","0","54","409.00","legacy_excel_import","legacy_excel","I:\My Drive\Grosses\Archive\2025\6-13-25 How To Train Your Dragon.xlsx","8.50","6.50","4.00","Imported from legacy weekly grosses workbook"
"2025-06-15","How to Train Your Dragon","2:30 PM","0","66","8","0","74","461.00","legacy_excel_import","legacy_excel","I:\My Drive\Grosses\Archive\2025\6-13-25 How To Train Your Dragon.xlsx","8.50","6.50","4.00","Imported from legacy weekly grosses workbook"
"2025-06-20","How To Train Your Dragon","7:30 PM","48","37","2","0","87","656.50","legacy_excel_import","legacy_excel","I:\My Drive\Grosses\Archive\2025\6-20-25 How To Train Your Dragon.xlsx","8.50","6.50","4.00","Imported from legacy weekly grosses workbook"
"2025-06-21","How To Train Your Dragon","7:30 PM","49","22","1","0","72","563.50","legacy_excel_import","legacy_excel","I:\My Drive\Grosses\Archive\2025\6-20-25 How To Train Your Dragon.xlsx","8.50","6.50","4.00","Imported from legacy weekly grosses workbook"
"2025-06-22","How To Train Your Dragon","2:30 PM","73","0","3","0","76","632.50","legacy_excel_import","legacy_excel","I:\My Drive\Grosses\Archive\2025\6-20-25 How To Train Your Dragon.xlsx","8.50","6.50","4.00","Imported from legacy weekly grosses workbook"
"2025-06-27","F1 The Movie","7:30 PM","27","0","0","0","27","229.50","legacy_excel_import","legacy_excel","I:\My Drive\Grosses\Archive\2025\6-27-25 F1 The Movie.xlsx","8.50","6.50","4.00","Imported from legacy weekly grosses workbook"
"2025-06-28","F1 The Movie","7:30 PM","4","9","2","0","15","100.50","legacy_excel_import","legacy_excel","I:\My Drive\Grosses\Archive\2025\6-27-25 F1 The Movie.xlsx","8.50","6.50","4.00","Imported from legacy weekly grosses workbook"
"2025-06-29","F1 The Movie","2:30 PM","0","21","0","0","21","136.50","legacy_excel_import","legacy_excel","I:\My Drive\Grosses\Archive\2025\6-27-25 F1 The Movie.xlsx","8.50","6.50","4.00","Imported from legacy weekly grosses workbook"
"2025-07-06","F1 The Movie","7:30 PM","14","3","0","0","17","138.50","legacy_excel_import","legacy_excel","I:\My Drive\Grosses\Archive\2025\7-5-25 F1 The Movie.xlsx","8.50","6.50","4.00","Imported from legacy weekly grosses workbook"
"2025-07-07","F1 The Movie","2:30 PM","0","12","0","0","12","78.00","legacy_excel_import","legacy_excel","I:\My Drive\Grosses\Archive\2025\7-5-25 F1 The Movie.xlsx","8.50","6.50","4.00","Imported from legacy weekly grosses workbook"
"2025-07-11","Superman","7:30 PM","24","23","6","0","53","377.50","legacy_excel_import","legacy_excel","I:\My Drive\Grosses\Archive\2025\7-11-25 Superman.xlsx","8.50","6.50","4.00","Imported from legacy weekly grosses workbook"
"2025-07-12","Superman","7:30 PM","17","11","3","0","31","228.00","legacy_excel_import","legacy_excel","I:\My Drive\Grosses\Archive\2025\7-11-25 Superman.xlsx","8.50","6.50","4.00","Imported from legacy weekly grosses workbook"
"2025-07-13","Superman","2:30 PM","0","44","0","0","44","286.00","legacy_excel_import","legacy_excel","I:\My Drive\Grosses\Archive\2025\7-11-25 Superman.xlsx","8.50","6.50","4.00","Imported from legacy weekly grosses workbook"
"2025-07-18","Superman 7-18-25","7:30 PM","23","14","1","0","38","290.50","legacy_excel_import","legacy_excel","I:\My Drive\Grosses\Archive\2025\7-18-25 Superman.xlsx","8.50","6.50","4.00","Imported from legacy weekly grosses workbook"
"2025-07-19","Superman 7-18-25","7:30 PM","29","17","2","0","48","365.00","legacy_excel_import","legacy_excel","I:\My Drive\Grosses\Archive\2025\7-18-25 Superman.xlsx","8.50","6.50","4.00","Imported from legacy weekly grosses workbook"
"2025-07-20","Superman 7-18-25","2:30 PM","0","14","1","0","15","95.00","legacy_excel_import","legacy_excel","I:\My Drive\Grosses\Archive\2025\7-18-25 Superman.xlsx","8.50","6.50","4.00","Imported from legacy weekly grosses workbook"
"2025-07-25","Jurassic World Rebirth","7:30 PM","43","24","4","0","71","537.50","legacy_excel_import","legacy_excel","I:\My Drive\Grosses\Archive\2025\7-25-25 Jurassic World Rebirth.xlsx","8.50","6.50","4.00","Imported from legacy weekly grosses workbook"
"2025-07-26","Jurassic World Rebirth","7:30 PM","57","25","6","0","88","671.00","legacy_excel_import","legacy_excel","I:\My Drive\Grosses\Archive\2025\7-25-25 Jurassic World Rebirth.xlsx","8.50","6.50","4.00","Imported from legacy weekly grosses workbook"
"2025-07-28","Jurassic World Rebirth","7:30 PM","0","62","7","0","69","431.00","legacy_excel_import","legacy_excel","I:\My Drive\Grosses\Archive\2025\7-25-25 Jurassic World Rebirth.xlsx","8.50","6.50","4.00","Imported from legacy weekly grosses workbook"
"2025-08-01","Elio","7:30 PM","18","14","3","0","35","256.00","legacy_excel_import","legacy_excel","I:\My Drive\Grosses\Archive\2025\8-1-25 Elio.xlsx","8.50","6.50","4.00","Imported from legacy weekly grosses workbook"
"2025-08-02","Elio","7:30 PM","7","9","0","0","16","118.00","legacy_excel_import","legacy_excel","I:\My Drive\Grosses\Archive\2025\8-1-25 Elio.xlsx","8.50","6.50","4.00","Imported from legacy weekly grosses workbook"
"2025-08-03","Elio","2:30 PM","0","16","6","0","22","128.00","legacy_excel_import","legacy_excel","I:\My Drive\Grosses\Archive\2025\8-1-25 Elio.xlsx","8.50","6.50","4.00","Imported from legacy weekly grosses workbook"
"2025-08-08","The Fantastic 4, First Steps","7:30 PM","22","23","6","0","51","360.50","legacy_excel_import","legacy_excel","I:\My Drive\Grosses\Archive\2025\8-8-25 The Fantastic 4.xlsx","8.50","6.50","4.00","Imported from legacy weekly grosses workbook"
"2025-08-09","The Fantastic 4, First Steps","7:30 PM","31","3","2","0","36","291.00","legacy_excel_import","legacy_excel","I:\My Drive\Grosses\Archive\2025\8-8-25 The Fantastic 4.xlsx","8.50","6.50","4.00","Imported from legacy weekly grosses workbook"
"2025-08-10","The Fantastic 4, First Steps","2:30 PM","0","20","5","0","25","150.00","legacy_excel_import","legacy_excel","I:\My Drive\Grosses\Archive\2025\8-8-25 The Fantastic 4.xlsx","8.50","6.50","4.00","Imported from legacy weekly grosses workbook"
"2025-08-15","The Fantastic 4","7:30 PM","19","10","6","0","35","250.50","legacy_excel_import","legacy_excel","I:\My Drive\Grosses\Archive\2025\8-15-25 The Fantastic 4.xlsx","8.50","6.50","4.00","Imported from legacy weekly grosses workbook"
"2025-08-16","The Fantastic 4","7:30 PM","5","7","2","0","14","96.00","legacy_excel_import","legacy_excel","I:\My Drive\Grosses\Archive\2025\8-15-25 The Fantastic 4.xlsx","8.50","6.50","4.00","Imported from legacy weekly grosses workbook"
"2025-08-17","The Fantastic 4","2:30 PM","0","11","0","0","11","71.50","legacy_excel_import","legacy_excel","I:\My Drive\Grosses\Archive\2025\8-15-25 The Fantastic 4.xlsx","8.50","6.50","4.00","Imported from legacy weekly grosses workbook"
"2025-08-22","The Naked Gun","7:30 PM","11","10","4","0","25","174.50","legacy_excel_import","legacy_excel","I:\My Drive\Grosses\Archive\2025\8-22-25 The Naked Gun.xlsx","8.50","6.50","4.00","Imported from legacy weekly grosses workbook"
"2025-08-23","The Naked Gun","7:30 PM","2","4","2","0","8","51.00","legacy_excel_import","legacy_excel","I:\My Drive\Grosses\Archive\2025\8-22-25 The Naked Gun.xlsx","8.50","6.50","4.00","Imported from legacy weekly grosses workbook"
"2025-08-24","The Naked Gun","2:30 PM","2","4","2","0","8","51.00","legacy_excel_import","legacy_excel","I:\My Drive\Grosses\Archive\2025\8-22-25 The Naked Gun.xlsx","8.50","6.50","4.00","Imported from legacy weekly grosses workbook"
"2025-08-29","The Bad Guys 2","7:30 PM","4","7","0","0","11","79.50","legacy_excel_import","legacy_excel","I:\My Drive\Grosses\Archive\2025\8-29-25 The Bad Guys 2.xlsx","8.50","6.50","4.00","Imported from legacy weekly grosses workbook"
"2025-08-30","The Bad Guys 2","7:30 PM","19","11","0","0","30","233.00","legacy_excel_import","legacy_excel","I:\My Drive\Grosses\Archive\2025\8-29-25 The Bad Guys 2.xlsx","8.50","6.50","4.00","Imported from legacy weekly grosses workbook"
"2025-08-31","The Bad Guys 2","2:30 PM","0","23","3","0","26","161.50","legacy_excel_import","legacy_excel","I:\My Drive\Grosses\Archive\2025\8-29-25 The Bad Guys 2.xlsx","8.50","6.50","4.00","Imported from legacy weekly grosses workbook"
"2025-09-05","Freakier Friday","7:30 PM","14","3","3","0","20","150.50","legacy_excel_import","legacy_excel","I:\My Drive\Grosses\Archive\2025\9-5-25 Freakier Friday.xlsx","8.50","6.50","4.00","Imported from legacy weekly grosses workbook"
"2025-09-06","Freakier Friday","7:30 PM","14","7","3","0","24","176.50","legacy_excel_import","legacy_excel","I:\My Drive\Grosses\Archive\2025\9-5-25 Freakier Friday.xlsx","8.50","6.50","4.00","Imported from legacy weekly grosses workbook"
"2025-09-07","Freakier Friday","2:30 PM","0","11","5","0","16","91.50","legacy_excel_import","legacy_excel","I:\My Drive\Grosses\Archive\2025\9-5-25 Freakier Friday.xlsx","8.50","6.50","4.00","Imported from legacy weekly grosses workbook"
"2025-09-12","The Roses","7:30 PM","5","6","2","0","13","89.50","legacy_excel_import","legacy_excel","I:\My Drive\Grosses\Archive\2025\9-12-25 The Roses.xlsx","8.50","6.50","4.00","Imported from legacy weekly grosses workbook"
"2025-09-13","The Roses","7:30 PM","4","2","4","0","10","63.00","legacy_excel_import","legacy_excel","I:\My Drive\Grosses\Archive\2025\9-12-25 The Roses.xlsx","8.50","6.50","4.00","Imported from legacy weekly grosses workbook"
"2025-09-14","The Roses","2:30 PM","0","7","3","0","10","57.50","legacy_excel_import","legacy_excel","I:\My Drive\Grosses\Archive\2025\9-12-25 The Roses.xlsx","8.50","6.50","4.00","Imported from legacy weekly grosses workbook"
"2025-09-19","Demon Slayer, Infinity Castle.","7:30 PM","14","6","5","0","25","178.00","legacy_excel_import","legacy_excel","I:\My Drive\Grosses\Archive\2025\9-19-25 Demon Slayer, Infinity Castle.xlsx","8.50","6.50","4.00","Imported from legacy weekly grosses workbook"
"2025-09-20","Demon Slayer, Infinity Castle.","7:30 PM","9","3","0","0","12","96.00","legacy_excel_import","legacy_excel","I:\My Drive\Grosses\Archive\2025\9-19-25 Demon Slayer, Infinity Castle.xlsx","8.50","6.50","4.00","Imported from legacy weekly grosses workbook"
"2025-09-21","Demon Slayer, Infinity Castle.","2:30 PM","0","24","0","0","24","156.00","legacy_excel_import","legacy_excel","I:\My Drive\Grosses\Archive\2025\9-19-25 Demon Slayer, Infinity Castle.xlsx","8.50","6.50","4.00","Imported from legacy weekly grosses workbook"
"2025-09-27","Demon Slayer Infinity Castle","7:30 PM","4","0","2","0","6","42.00","legacy_excel_import","legacy_excel","I:\My Drive\Grosses\Archive\2025\9-26-25 Demon Slayer Infinity Castle.xlsx","8.50","6.50","4.00","Imported from legacy weekly grosses workbook"
"2025-09-28","Demon Slayer Infinity Castle","2:30 PM","0","3","0","0","3","19.50","legacy_excel_import","legacy_excel","I:\My Drive\Grosses\Archive\2025\9-26-25 Demon Slayer Infinity Castle.xlsx","8.50","6.50","4.00","Imported from legacy weekly grosses workbook"
"2025-10-03","Downton Abbey","7:30 PM","7","6","4","0","17","114.50","legacy_excel_import","legacy_excel","I:\My Drive\Grosses\Archive\2025\10-3-25 Downton Abbey.xlsx","8.50","6.50","4.00","Imported from legacy weekly grosses workbook"
"2025-10-04","Downton Abbey","7:30 PM","10","8","2","0","20","145.00","legacy_excel_import","legacy_excel","I:\My Drive\Grosses\Archive\2025\10-3-25 Downton Abbey.xlsx","8.50","6.50","4.00","Imported from legacy weekly grosses workbook"
"2025-10-05","Downton Abbey","2:30 PM","0","46","4","0","50","315.00","legacy_excel_import","legacy_excel","I:\My Drive\Grosses\Archive\2025\10-3-25 Downton Abbey.xlsx","8.50","6.50","4.00","Imported from legacy weekly grosses workbook"
"2025-10-10","Tron Ares","7:30 PM","9","1","1","0","11","87.00","legacy_excel_import","legacy_excel","I:\My Drive\Grosses\Archive\2025\10-10-25 Tron Ares.xlsx","8.50","6.50","4.00","Imported from legacy weekly grosses workbook"
"2025-10-11","Tron Ares","7:30 PM","21","3","3","0","27","210.00","legacy_excel_import","legacy_excel","I:\My Drive\Grosses\Archive\2025\10-10-25 Tron Ares.xlsx","8.50","6.50","4.00","Imported from legacy weekly grosses workbook"
"2025-10-12","Tron Ares","2:30 PM","0","14","6","0","20","115.00","legacy_excel_import","legacy_excel","I:\My Drive\Grosses\Archive\2025\10-10-25 Tron Ares.xlsx","8.50","6.50","4.00","Imported from legacy weekly grosses workbook"
"2025-10-17","Tron Ares","7:30 PM","6","2","0","0","8","64.00","legacy_excel_import","legacy_excel","I:\My Drive\Grosses\Archive\2025\10-17-25 Tron Ares.xlsx","8.50","6.50","4.00","Imported from legacy weekly grosses workbook"
"2025-10-18","Tron Ares","7:30 PM","13","1","2","0","16","125.00","legacy_excel_import","legacy_excel","I:\My Drive\Grosses\Archive\2025\10-17-25 Tron Ares.xlsx","8.50","6.50","4.00","Imported from legacy weekly grosses workbook"
"2025-10-19","Tron Ares","2:30 PM","0","28","0","0","28","182.00","legacy_excel_import","legacy_excel","I:\My Drive\Grosses\Archive\2025\10-17-25 Tron Ares.xlsx","8.50","6.50","4.00","Imported from legacy weekly grosses workbook"
"2025-10-24","Gabby’s Doll house","7:30 PM","2","3","0","0","5","36.50","legacy_excel_import","legacy_excel","I:\My Drive\Grosses\Archive\2025\10-24-25 Gabby's Doll House.xlsx","8.50","6.50","4.00","Imported from legacy weekly grosses workbook"
"2025-10-26","Gabby’s Doll house","2:30 PM","0","18","0","0","18","117.00","legacy_excel_import","legacy_excel","I:\My Drive\Grosses\Archive\2025\10-24-25 Gabby's Doll House.xlsx","8.50","6.50","4.00","Imported from legacy weekly grosses workbook"
"2025-10-28","The Last Class","2:30 PM","37","0","0","0","37","370.00","legacy_excel_import","legacy_excel","I:\My Drive\Grosses\Archive\2025\10-26-25 Last Class.xlsx","10.00","6.50","4.00","Imported from legacy weekly grosses workbook"
"2025-11-02","stitch head","2:30 PM","0","7","4","0","11","61.50","legacy_excel_import","legacy_excel","I:\My Drive\Grosses\Archive\2025\10-31-25 stitch head.xlsx","8.50","6.50","4.00","Imported from legacy weekly grosses workbook"
"2025-11-07","Regretting You","7:30 PM","8","5","5","0","18","120.50","legacy_excel_import","legacy_excel","I:\My Drive\Grosses\Archive\2025\11-7-25 Regretting You.xlsx","8.50","6.50","4.00","Imported from legacy weekly grosses workbook"
"2025-11-07","stitch head","7:30 PM","1","1","0","0","2","15.00","legacy_excel_import","legacy_excel","I:\My Drive\Grosses\Archive\2025\11-7-25 stitch head.xlsx","8.50","6.50","4.00","Imported from legacy weekly grosses workbook"
"2025-11-09","Regretting You","2:30 PM","0","26","0","0","26","169.00","legacy_excel_import","legacy_excel","I:\My Drive\Grosses\Archive\2025\11-7-25 Regretting You.xlsx","8.50","6.50","4.00","Imported from legacy weekly grosses workbook"
"2025-11-09","stitch head","2:30 PM","0","8","0","0","8","52.00","legacy_excel_import","legacy_excel","I:\My Drive\Grosses\Archive\2025\11-7-25 stitch head.xlsx","8.50","6.50","4.00","Imported from legacy weekly grosses workbook"
"2025-11-14","Springsteen Deliver Me From Nowhere","7:30 PM","5","3","2","0","10","70.00","legacy_excel_import","legacy_excel","I:\My Drive\Grosses\Archive\2025\11-14-2025 Springsteen Deliver Me From Nowhere.xlsx","8.50","6.50","4.00","Imported from legacy weekly grosses workbook"
"2025-11-15","Springsteen Deliver Me From Nowhere","7:30 PM","9","5","0","0","14","109.00","legacy_excel_import","legacy_excel","I:\My Drive\Grosses\Archive\2025\11-14-2025 Springsteen Deliver Me From Nowhere.xlsx","8.50","6.50","4.00","Imported from legacy weekly grosses workbook"
"2025-11-16","Springsteen Deliver Me From Nowhere","2:30 PM","0","7","6","0","13","69.50","legacy_excel_import","legacy_excel","I:\My Drive\Grosses\Archive\2025\11-14-2025 Springsteen Deliver Me From Nowhere.xlsx","8.50","6.50","4.00","Imported from legacy weekly grosses workbook"
"2025-11-21","wicked for good","7:30 PM","28","21","7","0","56","402.50","legacy_excel_import","legacy_excel","I:\My Drive\Grosses\Archive\2025\11-21-25 wicked for good.xlsx","8.50","6.50","4.00","Imported from legacy weekly grosses workbook"
"2025-11-22","wicked for good","7:30 PM","8","11","2","0","21","147.50","legacy_excel_import","legacy_excel","I:\My Drive\Grosses\Archive\2025\11-21-25 wicked for good.xlsx","8.50","6.50","4.00","Imported from legacy weekly grosses workbook"
"2025-11-23","wicked for good","2:30 PM","0","44","9","0","53","322.00","legacy_excel_import","legacy_excel","I:\My Drive\Grosses\Archive\2025\11-21-25 wicked for good.xlsx","8.50","6.50","4.00","Imported from legacy weekly grosses workbook"
"2025-11-28","Wicked for Good","7:30 PM","9","7","1","0","17","126.00","legacy_excel_import","legacy_excel","I:\My Drive\Grosses\Archive\2025\11-28-25 Wicked for Good.xlsx","8.50","6.50","4.00","Imported from legacy weekly grosses workbook"
"2025-11-29","Wicked for Good","7:30 PM","10","4","3","0","17","123.00","legacy_excel_import","legacy_excel","I:\My Drive\Grosses\Archive\2025\11-28-25 Wicked for Good.xlsx","8.50","6.50","4.00","Imported from legacy weekly grosses workbook"
"2025-11-30","Wicked for Good","2:30 PM","0","21","3","0","24","148.50","legacy_excel_import","legacy_excel","I:\My Drive\Grosses\Archive\2025\11-28-25 Wicked for Good.xlsx","8.50","6.50","4.00","Imported from legacy weekly grosses workbook"
"2025-12-05","FNAF 2","7:30 PM","21","6","2","0","29","225.50","legacy_excel_import","legacy_excel","I:\My Drive\Grosses\Archive\2025\12-5-25 FNAF 2.xlsx","8.50","6.50","4.00","Imported from legacy weekly grosses workbook"
"2025-12-06","FNAF 2","7:30 PM","32","5","4","0","41","320.50","legacy_excel_import","legacy_excel","I:\My Drive\Grosses\Archive\2025\12-5-25 FNAF 2.xlsx","8.50","6.50","4.00","Imported from legacy weekly grosses workbook"
"2025-12-07","FNAF 2","2:30 PM","0","13","0","0","13","84.50","legacy_excel_import","legacy_excel","I:\My Drive\Grosses\Archive\2025\12-5-25 FNAF 2.xlsx","8.50","6.50","4.00","Imported from legacy weekly grosses workbook"
"2025-12-12","FNAF","7:30 PM","21","1","0","0","22","185.00","legacy_excel_import","legacy_excel","I:\My Drive\Grosses\Archive\2025\12-12-25 FNAF 2.xlsx","8.50","6.50","4.00","Imported from legacy weekly grosses workbook"
"2025-12-13","FNAF","7:30 PM","0","13","0","0","13","84.50","legacy_excel_import","legacy_excel","I:\My Drive\Grosses\Archive\2025\12-12-25 FNAF 2.xlsx","8.50","6.50","4.00","Imported from legacy weekly grosses workbook"
"2025-12-19","Avatar Fire and Ash","7:30 PM","34","11","4","0","49","376.50","legacy_excel_import","legacy_excel","I:\My Drive\Grosses\Archive\2025\12-19-25 Avatar Fire and Ash.xlsx","8.50","6.50","4.00","Imported from legacy weekly grosses workbook"
"2025-12-20","Avatar Fire and Ash","7:30 PM","33","14","0","0","47","371.50","legacy_excel_import","legacy_excel","I:\My Drive\Grosses\Archive\2025\12-19-25 Avatar Fire and Ash.xlsx","8.50","6.50","4.00","Imported from legacy weekly grosses workbook"
"2025-12-21","Avatar Fire and Ash","2:30 PM","2","45","0","0","47","309.50","legacy_excel_import","legacy_excel","I:\My Drive\Grosses\Archive\2025\12-19-25 Avatar Fire and Ash.xlsx","8.50","6.50","4.00","Imported from legacy weekly grosses workbook"
"2025-12-26","Avatar Fire and Ash","7:30 PM","36","10","0","0","46","371.00","legacy_excel_import","legacy_excel","I:\My Drive\Grosses\Archive\2025\12-26-25 Avatar Fire and Ash.xlsx","8.50","6.50","4.00","Imported from legacy weekly grosses workbook"
"2025-12-27","Avatar Fire and Ash","7:30 PM","18","12","6","0","36","255.00","legacy_excel_import","legacy_excel","I:\My Drive\Grosses\Archive\2025\12-26-25 Avatar Fire and Ash.xlsx","8.50","6.50","4.00","Imported from legacy weekly grosses workbook"
"2025-12-28","Avatar Fire and Ash","2:30 PM","0","53","4","0","57","360.50","legacy_excel_import","legacy_excel","I:\My Drive\Grosses\Archive\2025\12-26-25 Avatar Fire and Ash.xlsx","8.50","6.50","4.00","Imported from legacy weekly grosses workbook"
"2026-01-02","Avatar, Fire and Ash","7:30 PM","17","13","4","0","34","245.00","legacy_excel_import","legacy_excel","I:\My Drive\Grosses\2026\1-2-26 Avatar, Fire and Ash.xlsx","8.50","6.50","4.00","Imported from legacy weekly grosses workbook"
"2026-01-03","Avatar, Fire and Ash","7:30 PM","16","8","2","0","26","196.00","legacy_excel_import","legacy_excel","I:\My Drive\Grosses\2026\1-2-26 Avatar, Fire and Ash.xlsx","8.50","6.50","4.00","Imported from legacy weekly grosses workbook"
"2026-01-04","Avatar, Fire and Ash","2:30 PM","4","27","0","0","31","209.50","legacy_excel_import","legacy_excel","I:\My Drive\Grosses\2026\1-2-26 Avatar, Fire and Ash.xlsx","8.50","6.50","4.00","Imported from legacy weekly grosses workbook"
"2026-01-09","Zootopia 2","7:30 PM","34","31","0","0","65","490.50","legacy_excel_import","legacy_excel","I:\My Drive\Grosses\2026\1-9-26 Zootopia 2.xlsx","8.50","6.50","4.00","Imported from legacy weekly grosses workbook"
"2026-01-10","Zootopia 2","7:30 PM","32","45","5","0","82","584.50","legacy_excel_import","legacy_excel","I:\My Drive\Grosses\2026\1-9-26 Zootopia 2.xlsx","8.50","6.50","4.00","Imported from legacy weekly grosses workbook"
"2026-01-11","Zootopia 2","2:30 PM","0","111","8","0","119","753.50","legacy_excel_import","legacy_excel","I:\My Drive\Grosses\2026\1-9-26 Zootopia 2.xlsx","8.50","6.50","4.00","Imported from legacy weekly grosses workbook"
"2026-01-16","Zootopia 2","7:30 PM","28","26","5","0","59","427.00","legacy_excel_import","legacy_excel","I:\My Drive\Grosses\2026\1-16-26 Zootopia 2.xlsx","8.50","6.50","4.00","Imported from legacy weekly grosses workbook"
"2026-01-17","Zootopia 2","7:30 PM","15","17","0","0","32","238.00","legacy_excel_import","legacy_excel","I:\My Drive\Grosses\2026\1-16-26 Zootopia 2.xlsx","8.50","6.50","4.00","Imported from legacy weekly grosses workbook"
"2026-01-18","Zootopia 2","2:30 PM","4","86","11","0","101","637.00","legacy_excel_import","legacy_excel","I:\My Drive\Grosses\2026\1-16-26 Zootopia 2.xlsx","8.50","6.50","4.00","Imported from legacy weekly grosses workbook"
"2026-01-23","David","7:30 PM","19","9","11","0","39","264.00","legacy_excel_import","legacy_excel","I:\My Drive\Grosses\2026\1-23-26 David.xlsx","8.50","6.50","4.00","Imported from legacy weekly grosses workbook"
"2026-01-24","David","7:30 PM","13","8","5","0","26","182.50","legacy_excel_import","legacy_excel","I:\My Drive\Grosses\2026\1-23-26 David.xlsx","8.50","6.50","4.00","Imported from legacy weekly grosses workbook"
"2026-01-25","David","2:30 PM","0","37","4","0","41","256.50","legacy_excel_import","legacy_excel","I:\My Drive\Grosses\2026\1-23-26 David.xlsx","8.50","6.50","4.00","Imported from legacy weekly grosses workbook"
"2026-01-30","Anaconda","7:30 PM","4","3","0","0","7","53.50","legacy_excel_import","legacy_excel","I:\My Drive\Grosses\2026\1-30-26 Anaconda.xlsx","8.50","6.50","4.00","Imported from legacy weekly grosses workbook"
"2026-01-30","Iron Lung","7:30 PM","16","0","2","0","18","144.00","legacy_excel_import","legacy_excel","I:\My Drive\Grosses\2026\1-30-26 Iron Lung.xlsx","8.50","6.50","4.00","Imported from legacy weekly grosses workbook"
"2026-01-31","Anaconda","7:30 PM","9","3","4","0","16","112.00","legacy_excel_import","legacy_excel","I:\My Drive\Grosses\2026\1-30-26 Anaconda.xlsx","8.50","6.50","4.00","Imported from legacy weekly grosses workbook"
"2026-01-31","Iron Lung","7:30 PM","28","0","0","0","28","238.00","legacy_excel_import","legacy_excel","I:\My Drive\Grosses\2026\1-30-26 Iron Lung.xlsx","8.50","6.50","4.00","Imported from legacy weekly grosses workbook"
"2026-02-01","Anaconda","2:30 PM","0","25","6","0","31","186.50","legacy_excel_import","legacy_excel","I:\My Drive\Grosses\2026\1-30-26 Anaconda.xlsx","8.50","6.50","4.00","Imported from legacy weekly grosses workbook"
"2026-02-06","Mercy","7:30 PM","9","0","3","0","12","88.50","legacy_excel_import","legacy_excel","I:\My Drive\Grosses\2026\2-6-26 Mercy.xlsx","8.50","6.50","4.00","Imported from legacy weekly grosses workbook"
"2026-02-07","Mercy","7:30 PM","2","3","2","0","7","44.50","legacy_excel_import","legacy_excel","I:\My Drive\Grosses\2026\2-6-26 Mercy.xlsx","8.50","6.50","4.00","Imported from legacy weekly grosses workbook"
"2026-02-13","Send Help","7:30 PM","22","4","6","0","32","237.00","legacy_excel_import","legacy_excel","I:\My Drive\Grosses\2026\2-13-26 Get Help.xlsx","8.50","6.50","4.00","Imported from legacy weekly grosses workbook"
"2026-02-15","Send Help","2:30 PM","13","2","2","0","17","131.50","legacy_excel_import","legacy_excel","I:\My Drive\Grosses\2026\2-13-26 Get Help.xlsx","8.50","6.50","4.00","Imported from legacy weekly grosses workbook"
"2026-02-20","I can only Imagine 2","7:30 PM","9","9","3","0","21","147.00","legacy_excel_import","legacy_excel","I:\My Drive\Grosses\2026\2-20-26 I can only imagine 2.xlsx","8.50","6.50","4.00","Imported from legacy weekly grosses workbook"
"2026-02-21","I can only Imagine 2","7:30 PM","28","8","0","0","36","290.00","legacy_excel_import","legacy_excel","I:\My Drive\Grosses\2026\2-20-26 I can only imagine 2.xlsx","8.50","6.50","4.00","Imported from legacy weekly grosses workbook"
"2026-02-22","I can only Imagine 2","2:30 PM","0","30","8","0","38","227.00","legacy_excel_import","legacy_excel","I:\My Drive\Grosses\2026\2-20-26 I can only imagine 2.xlsx","8.50","6.50","4.00","Imported from legacy weekly grosses workbook"
"2026-02-27","I Can Only Imagine 2","7:30 PM","13","15","2","0","30","216.00","legacy_excel_import","legacy_excel","I:\My Drive\Grosses\2026\2-27-26 I Can Only Imagine 2.xlsx","8.50","6.50","4.00","Imported from legacy weekly grosses workbook"
"2026-02-28","I Can Only Imagine 2","7:30 PM","9","7","0","0","16","122.00","legacy_excel_import","legacy_excel","I:\My Drive\Grosses\2026\2-27-26 I Can Only Imagine 2.xlsx","8.50","6.50","4.00","Imported from legacy weekly grosses workbook"
"2026-03-01","I Can Only Imagine 2","2:30 PM","0","17","6","0","23","134.50","legacy_excel_import","legacy_excel","I:\My Drive\Grosses\2026\2-27-26 I Can Only Imagine 2.xlsx","8.50","6.50","4.00","Imported from legacy weekly grosses workbook"
"2026-03-06","Hoppers","7:30 PM","25","35","5","0","65","460.00","legacy_excel_import","legacy_excel","I:\My Drive\Grosses\2026\3-6-26 Hoppers.xlsx","8.50","6.50","4.00","Imported from legacy weekly grosses workbook"
"2026-03-07","Hoppers","7:30 PM","31","23","2","0","56","421.00","legacy_excel_import","legacy_excel","I:\My Drive\Grosses\2026\3-6-26 Hoppers.xlsx","8.50","6.50","4.00","Imported from legacy weekly grosses workbook"
"2026-03-08","Hoppers","2:30 PM","0","69","3","0","72","460.50","legacy_excel_import","legacy_excel","I:\My Drive\Grosses\2026\3-6-26 Hoppers.xlsx","8.50","6.50","4.00","Imported from legacy weekly grosses workbook"
"2026-03-13","Hoppers","7:30 PM","14","13","0","0","27","272.00","legacy_excel_import","legacy_excel","I:\My Drive\Grosses\2026\3-13-26 Hoppers.xlsx","12.00","8.00","5.00","Imported from legacy weekly grosses workbook"
"2026-03-15","Hoppers","2:30 PM","0","22","0","0","22","176.00","legacy_excel_import","legacy_excel","I:\My Drive\Grosses\2026\3-13-26 Hoppers.xlsx","12.00","8.00","5.00","Imported from legacy weekly grosses workbook"
"2026-03-20","3–20-26 Project Hail Mary","7:30 PM","17","14","1","0","32","321.00","legacy_excel_import","legacy_excel","I:\My Drive\Grosses\2026\3-20-26 Project Hail Mary.xlsx","12.00","8.00","5.00","Imported from legacy weekly grosses workbook"
"2026-03-21","3–20-26 Project Hail Mary","7:30 PM","16","6","4","0","26","260.00","legacy_excel_import","legacy_excel","I:\My Drive\Grosses\2026\3-20-26 Project Hail Mary.xlsx","12.00","8.00","5.00","Imported from legacy weekly grosses workbook"
"2026-03-22","3–20-26 Project Hail Mary","2:30 PM","0","42","0","0","42","336.00","legacy_excel_import","legacy_excel","I:\My Drive\Grosses\2026\3-20-26 Project Hail Mary.xlsx","12.00","8.00","5.00","Imported from legacy weekly grosses workbook"
"2026-03-27","Project Hail Mary","7:30 PM","18","19","2","0","39","378.00","legacy_excel_import","legacy_excel","I:\My Drive\Grosses\2026\3-27-26 Project Hail Mary.xlsx","12.00","8.00","5.00","Imported from legacy weekly grosses workbook"
"2026-03-28","Project Hail Mary","7:30 PM","22","14","2","0","38","386.00","legacy_excel_import","legacy_excel","I:\My Drive\Grosses\2026\3-27-26 Project Hail Mary.xlsx","12.00","8.00","5.00","Imported from legacy weekly grosses workbook"
"2026-03-29","Project Hail Mary","2:30 PM","0","21","3","0","24","183.00","legacy_excel_import","legacy_excel","I:\My Drive\Grosses\2026\3-27-26 Project Hail Mary.xlsx","12.00","8.00","5.00","Imported from legacy weekly grosses workbook"
