"week_start_date","week_end_date","week_label","movie_title","rating","weeks_run","general_qty","discount_qty","free_qty","total_attendance","source_type","source_file","notes"
"2007-09-21","2007-09-26","Sept 21-26","N Diaries","PG","4","269","73","0","342","old_owner_weekly_import","I:\My Drive\Old Roxy Data\Roxy stats 011916.xlsx","Imported from prior owner weekly workbook"
"2007-09-28","2007-10-04","Sep 28-0ct 4","Hairspray","PG","3","503","246","0","749","old_owner_weekly_import","I:\My Drive\Old Roxy Data\Roxy stats 011916.xlsx","Imported from prior owner weekly workbook"
"2007-10-05","2007-10-10","Oct 5-10","3:10 Yuma","R","3","391","139","0","530","old_owner_weekly_import","I:\My Drive\Old Roxy Data\Roxy stats 011916.xlsx","Imported from prior owner weekly workbook"
"2007-10-12","2007-10-18","Oct 12-18","G Plan","PG","3","362","170","0","532","old_owner_weekly_import","I:\My Drive\Old Roxy Data\Roxy stats 011916.xlsx","Imported from prior owner weekly workbook"
"2007-10-19","2007-10-25","Oct 19-25","Stardust","PG","5","200","52","0","252","old_owner_weekly_import","I:\My Drive\Old Roxy Data\Roxy stats 011916.xlsx","Imported from prior owner weekly workbook"
"2007-10-26","2007-10-31","Oct 26-31","Elizabeth","#","3","135","59","0","194","old_owner_weekly_import","I:\My Drive\Old Roxy Data\Roxy stats 011916.xlsx","Imported from prior owner weekly workbook"
"2007-11-02","2007-11-07","Nov 2-7","Universe","#","8","137","22","0","159","old_owner_weekly_import","I:\My Drive\Old Roxy Data\Roxy stats 011916.xlsx","Imported from prior owner weekly workbook"
"2007-11-09","2007-11-14","Nov 9-14","M Clayton","R","6","154","29","0","183","old_owner_weekly_import","I:\My Drive\Old Roxy Data\Roxy stats 011916.xlsx","Imported from prior owner weekly workbook"
"2007-11-16","2007-11-21","Nov 16-21","Mr. Mag","G","F","352","211","0","563","old_owner_weekly_import","I:\My Drive\Old Roxy Data\Roxy stats 011916.xlsx","Imported from prior owner weekly workbook"
"2007-11-23","2007-11-28","Nov 23-28","B Movie","PG","4","415","184","0","599","old_owner_weekly_import","I:\My Drive\Old Roxy Data\Roxy stats 011916.xlsx","Imported from prior owner weekly workbook"
"2007-11-30","2007-12-05","Nov 30-Dec 5","Dan Life","PG","6","140","16","0","156","old_owner_weekly_import","I:\My Drive\Old Roxy Data\Roxy stats 011916.xlsx","Imported from prior owner weekly workbook"
"2007-12-07","2007-12-12","Dec 7-12","F Claus","#","5","245","110","0","355","old_owner_weekly_import","I:\My Drive\Old Roxy Data\Roxy stats 011916.xlsx","Imported from prior owner weekly workbook"
"2007-12-14","2007-12-19","Dec 14-19","Alvin Chip","PG","1","539","305","0","844","old_owner_weekly_import","I:\My Drive\Old Roxy Data\Roxy stats 011916.xlsx","Imported from prior owner weekly workbook"
"2007-12-21","2007-12-26","Dec 21-26","Enchntd E","PG","6","216","100","0","316","old_owner_weekly_import","I:\My Drive\Old Roxy Data\Roxy stats 011916.xlsx","Imported from prior owner weekly workbook"
"2007-12-21","2007-12-26","Dec 21-26","Enchntd M","PG","6","46","27","0","73","old_owner_weekly_import","I:\My Drive\Old Roxy Data\Roxy stats 011916.xlsx","Imported from prior owner weekly workbook"
"2007-12-28","2008-01-03","Dec 28-Jan 3","A Rush","PG","6","201","53","0","254","old_owner_weekly_import","I:\My Drive\Old Roxy Data\Roxy stats 011916.xlsx","Imported from prior owner weekly workbook"
"2007-12-28","2008-01-03","Dec 28-Jan 3","B Movie","PG","9","30","68","0","98","old_owner_weekly_import","I:\My Drive\Old Roxy Data\Roxy stats 011916.xlsx","Imported from prior owner weekly workbook"
"2008-01-04","2008-01-09","Jan 4-9","A Gangster","R","#","104","52","0","156","old_owner_weekly_import","I:\My Drive\Old Roxy Data\Roxy stats 011916.xlsx","Imported from prior owner weekly workbook"
"2008-01-11","2008-01-16","Jan 11-16","W Horse","PG","3","217","173","0","390","old_owner_weekly_import","I:\My Drive\Old Roxy Data\Roxy stats 011916.xlsx","Imported from prior owner weekly workbook"
"2008-01-18","2008-01-24","Jan 18-24","N Tresre 2","PG","6","500","205","0","705","old_owner_weekly_import","I:\My Drive\Old Roxy Data\Roxy stats 011916.xlsx","Imported from prior owner weekly workbook"
"2008-01-25","2008-01-31","Jan 25 -31","C W War","R","6","136","61","0","197","old_owner_weekly_import","I:\My Drive\Old Roxy Data\Roxy stats 011916.xlsx","Imported from prior owner weekly workbook"
"2008-02-01","2008-02-06","Feb 1 -6","I am Legend","#","7","366","67","0","433","old_owner_weekly_import","I:\My Drive\Old Roxy Data\Roxy stats 011916.xlsx","Imported from prior owner weekly workbook"
"2008-02-08","2008-02-13","Feb 8-13","Ps I Luv U","#","#","389","79","0","468","old_owner_weekly_import","I:\My Drive\Old Roxy Data\Roxy stats 011916.xlsx","Imported from prior owner weekly workbook"
"2008-02-15","2008-02-20","Feb 15-20","Veggie Tales","G","6","236","226","16","478","old_owner_weekly_import","I:\My Drive\Old Roxy Data\Roxy stats 011916.xlsx","Imported from prior owner weekly workbook"
"2008-02-22","2008-02-27","Feb 22-27","27 Drsses","#","6","454","116","19","589","old_owner_weekly_import","I:\My Drive\Old Roxy Data\Roxy stats 011916.xlsx","Imported from prior owner weekly workbook"
"2008-02-29","2008-03-06","2/29/2008","Bucket List","#","#","635","211","9","855","old_owner_weekly_import","I:\My Drive\Old Roxy Data\Roxy stats 011916.xlsx","Imported from prior owner weekly workbook"
"2008-03-07","2008-03-13","3/7/2008","Spiderwick","PG","4","329","209","15","553","old_owner_weekly_import","I:\My Drive\Old Roxy Data\Roxy stats 011916.xlsx","Imported from prior owner weekly workbook"
"2008-03-14","2008-03-20","3/14/2008","H H A Who","PG","0","680","471","43","1194","old_owner_weekly_import","I:\My Drive\Old Roxy Data\Roxy stats 011916.xlsx","Imported from prior owner weekly workbook"
"2008-03-21","2008-03-27","3/21/2008","No Country","R","#","168","41","5","214","old_owner_weekly_import","I:\My Drive\Old Roxy Data\Roxy stats 011916.xlsx","Imported from prior owner weekly workbook"
"2008-03-28","2008-04-03","3/28/2008","Juno","#","#","364","70","18","452","old_owner_weekly_import","I:\My Drive\Old Roxy Data\Roxy stats 011916.xlsx","Imported from prior owner weekly workbook"
"2008-04-04","2008-04-10","4/4/2008","10K BC","#","5","416","140","9","565","old_owner_weekly_import","I:\My Drive\Old Roxy Data\Roxy stats 011916.xlsx","Imported from prior owner weekly workbook"
"2008-04-11","2008-04-17","4/11/2008","Vntg Pnt","3","8","321","77","6","404","old_owner_weekly_import","I:\My Drive\Old Roxy Data\Roxy stats 011916.xlsx","Imported from prior owner weekly workbook"
"2008-04-18","2008-04-24","4/18/2008","Penelope","PG","8","218","95","8","321","old_owner_weekly_import","I:\My Drive\Old Roxy Data\Roxy stats 011916.xlsx","Imported from prior owner weekly workbook"
"2008-04-25","2008-05-01","4/25/2008","Letherheds","#","3","287","87","16","390","old_owner_weekly_import","I:\My Drive\Old Roxy Data\Roxy stats 011916.xlsx","Imported from prior owner weekly workbook"
"2008-05-02","2008-05-08","5/2/2008","Nm's Island","PG","4","315","175","18","508","old_owner_weekly_import","I:\My Drive\Old Roxy Data\Roxy stats 011916.xlsx","Imported from prior owner weekly workbook"
"2008-05-09","2008-05-15","5/9/2008","Expelled","PG","4","264","77","5","346","old_owner_weekly_import","I:\My Drive\Old Roxy Data\Roxy stats 011916.xlsx","Imported from prior owner weekly workbook"
"2008-05-16","2008-05-22","5/16/2008","C of Narnia","PG","1","736","329","46","1111","old_owner_weekly_import","I:\My Drive\Old Roxy Data\Roxy stats 011916.xlsx","Imported from prior owner weekly workbook"
"2008-05-23","2008-05-29","5/23/2008","Iron Man","#","3","621","212","9","842","old_owner_weekly_import","I:\My Drive\Old Roxy Data\Roxy stats 011916.xlsx","Imported from prior owner weekly workbook"
"2008-05-30","2008-06-05","5/30/2008","Iron Man 2","#","4","40","10","2","52","old_owner_weekly_import","I:\My Drive\Old Roxy Data\Roxy stats 011916.xlsx","Imported from prior owner weekly workbook"
"2008-05-30","2008-06-05","5/30/2008","Md of Honor","#","5","308","73","4","385","old_owner_weekly_import","I:\My Drive\Old Roxy Data\Roxy stats 011916.xlsx","Imported from prior owner weekly workbook"
"2008-06-06","2008-06-12","6/6/2008","Speed Racer","PG","5","243","140","16","399","old_owner_weekly_import","I:\My Drive\Old Roxy Data\Roxy stats 011916.xlsx","Imported from prior owner weekly workbook"
"2008-06-13","2008-06-19","6/13/2008","I Jones","#","3","799","305","88","1192","old_owner_weekly_import","I:\My Drive\Old Roxy Data\Roxy stats 011916.xlsx","Imported from prior owner weekly workbook"
"2008-06-20","2008-06-26","6/20/2008","Kung Fu Pnda","PG","3","758","503","33","1294","old_owner_weekly_import","I:\My Drive\Old Roxy Data\Roxy stats 011916.xlsx","Imported from prior owner weekly workbook"
"2008-06-27","2008-07-03","6/27/2008","Wall E","PG","0","558","376","25","959","old_owner_weekly_import","I:\My Drive\Old Roxy Data\Roxy stats 011916.xlsx","Imported from prior owner weekly workbook"
"2008-07-04","2008-07-10","7/4/2008","Wall E","PG","1","443","287","24","754","old_owner_weekly_import","I:\My Drive\Old Roxy Data\Roxy stats 011916.xlsx","Imported from prior owner weekly workbook"
"2008-07-11","2008-07-17","7/11/2008","Inc Hulk","#","5","346","163","8","517","old_owner_weekly_import","I:\My Drive\Old Roxy Data\Roxy stats 011916.xlsx","Imported from prior owner weekly workbook"
"2008-07-18","2008-07-24","7/18/2008","Get Smart","#","5","532","185","23","740","old_owner_weekly_import","I:\My Drive\Old Roxy Data\Roxy stats 011916.xlsx","Imported from prior owner weekly workbook"
"2008-07-25","2008-07-31","7/25/2008","Hancock","#","4","559","107","6","672","old_owner_weekly_import","I:\My Drive\Old Roxy Data\Roxy stats 011916.xlsx","Imported from prior owner weekly workbook"
"2008-08-01","2008-08-07","8/1/2008","HellBoy 2","#","4","300","70","9","379","old_owner_weekly_import","I:\My Drive\Old Roxy Data\Roxy stats 011916.xlsx","Imported from prior owner weekly workbook"
"2008-08-01","2008-08-07","8/1/2008","Kit Am Girl","G","7","69","80","7","156","old_owner_weekly_import","I:\My Drive\Old Roxy Data\Roxy stats 011916.xlsx","Imported from prior owner weekly workbook"
"2008-08-08","2008-08-14","8/8/2008","Spce Chmps","G","","88","90","4","182","old_owner_weekly_import","I:\My Drive\Old Roxy Data\Roxy stats 011916.xlsx","Imported from prior owner weekly workbook"
"2008-08-08","2008-08-14","8/8/2008","Wanted","R","","198","28","6","232","old_owner_weekly_import","I:\My Drive\Old Roxy Data\Roxy stats 011916.xlsx","Imported from prior owner weekly workbook"
"2008-08-15","2008-08-21","8/15/2008","Dark Knight","#","","570","149","17","736","old_owner_weekly_import","I:\My Drive\Old Roxy Data\Roxy stats 011916.xlsx","Imported from prior owner weekly workbook"
"2008-08-22","2008-08-28","8/22/2008","Jrny X Erth","PG","","387","176","18","589","old_owner_weekly_import","I:\My Drive\Old Roxy Data\Roxy stats 011916.xlsx","Imported from prior owner weekly workbook"
"2008-08-29","2008-09-04","8/29/2008","Mamma Mia","#","","426","185","6","617","old_owner_weekly_import","I:\My Drive\Old Roxy Data\Roxy stats 011916.xlsx","Imported from prior owner weekly workbook"
"2008-09-05","2008-09-11","9/5/2008","Mummy","#","","289","64","11","364","old_owner_weekly_import","I:\My Drive\Old Roxy Data\Roxy stats 011916.xlsx","Imported from prior owner weekly workbook"
"2008-09-12","2008-09-18","9/12/2008","Strhd Trav","#","","187","47","11","245","old_owner_weekly_import","I:\My Drive\Old Roxy Data\Roxy stats 011916.xlsx","Imported from prior owner weekly workbook"
"2008-09-19","2008-09-25","9/19/2008","Trpic Thnder","R","6","183","15","5","203","old_owner_weekly_import","I:\My Drive\Old Roxy Data\Roxy stats 011916.xlsx","Imported from prior owner weekly workbook"
"2008-09-26","2008-10-02","9/26/2008","Traitor","#","","134","26","0","160","old_owner_weekly_import","I:\My Drive\Old Roxy Data\Roxy stats 011916.xlsx","Imported from prior owner weekly workbook"
"2008-10-03","2008-10-09","10/3/2008","Swing Vote","#","","124","50","5","179","old_owner_weekly_import","I:\My Drive\Old Roxy Data\Roxy stats 011916.xlsx","Imported from prior owner weekly workbook"
"2008-10-10","2008-10-16","10/10/2008","Women","#","","216","60","16","292","old_owner_weekly_import","I:\My Drive\Old Roxy Data\Roxy stats 011916.xlsx","Imported from prior owner weekly workbook"
"2008-10-17","2008-10-23","10/17/2008","IGOR","PG","","164","104","14","282","old_owner_weekly_import","I:\My Drive\Old Roxy Data\Roxy stats 011916.xlsx","Imported from prior owner weekly workbook"
"2008-10-24","2008-10-30","10/24/2008","Eagle Eye","#","","236","49","9","294","old_owner_weekly_import","I:\My Drive\Old Roxy Data\Roxy stats 011916.xlsx","Imported from prior owner weekly workbook"
"2008-10-31","2008-11-06","10/31/2008","Chihuahua","PG","","226","177","17","420","old_owner_weekly_import","I:\My Drive\Old Roxy Data\Roxy stats 011916.xlsx","Imported from prior owner weekly workbook"
"2008-11-07","2008-11-13","11/7/2008","Madgscr 2","PG","0","533","365","47","945","old_owner_weekly_import","I:\My Drive\Old Roxy Data\Roxy stats 011916.xlsx","Imported from prior owner weekly workbook"
"2008-11-07","2008-11-13","11/7/2008","Nghts Rdnthe","#","","71","108","0","179","old_owner_weekly_import","I:\My Drive\Old Roxy Data\Roxy stats 011916.xlsx","Imported from prior owner weekly workbook"
"2008-11-14","2008-11-20","11/14/2008","Madgscr 2","PG","1","318","249","8","575","old_owner_weekly_import","I:\My Drive\Old Roxy Data\Roxy stats 011916.xlsx","Imported from prior owner weekly workbook"
"2008-11-21","2008-11-27","11/21/2008","Bolt","PG","0","308","214","27","549","old_owner_weekly_import","I:\My Drive\Old Roxy Data\Roxy stats 011916.xlsx","Imported from prior owner weekly workbook"
"2008-11-28","2008-12-04","11/28/2008","Bolt","PG","1","163","119","3","285","old_owner_weekly_import","I:\My Drive\Old Roxy Data\Roxy stats 011916.xlsx","Imported from prior owner weekly workbook"
"2008-12-05","2008-12-11","12/5/2008","HS Musical","G","","106","84","21","211","old_owner_weekly_import","I:\My Drive\Old Roxy Data\Roxy stats 011916.xlsx","Imported from prior owner weekly workbook"
"2008-12-12","2008-12-18","12/12/2008","Fireproof","PG","","126","27","11","164","old_owner_weekly_import","I:\My Drive\Old Roxy Data\Roxy stats 011916.xlsx","Imported from prior owner weekly workbook"
"2008-12-12","2008-12-18","12/12/2008","Q of Solace","#","","138","45","9","192","old_owner_weekly_import","I:\My Drive\Old Roxy Data\Roxy stats 011916.xlsx","Imported from prior owner weekly workbook"
"2008-12-19","2008-12-25","12/19/2008","Despereaux","PG","","193","104","21","318","old_owner_weekly_import","I:\My Drive\Old Roxy Data\Roxy stats 011916.xlsx","Imported from prior owner weekly workbook"
"2008-12-26","2009-01-01","12/26/2008","Despereaux","PG","","259","143","9","411","old_owner_weekly_import","I:\My Drive\Old Roxy Data\Roxy stats 011916.xlsx","Imported from prior owner weekly workbook"
"2009-01-02","2009-01-08","1/2/2009","Twilight","#","","508","99","19","626","old_owner_weekly_import","I:\My Drive\Old Roxy Data\Roxy stats 011916.xlsx","Imported from prior owner weekly workbook"
"2009-01-09","2009-01-15","1/9/2009","Australia","#","","101","173","5","279","old_owner_weekly_import","I:\My Drive\Old Roxy Data\Roxy stats 011916.xlsx","Imported from prior owner weekly workbook"
"2009-01-09","2009-01-15","1/9/2009","Erth Std Stl","#","","259","56","9","324","old_owner_weekly_import","I:\My Drive\Old Roxy Data\Roxy stats 011916.xlsx","Imported from prior owner weekly workbook"
"2009-01-16","2009-01-22","1/16/2009","Bt Stories","PG","","347","148","27","522","old_owner_weekly_import","I:\My Drive\Old Roxy Data\Roxy stats 011916.xlsx","Imported from prior owner weekly workbook"
"2009-01-23","2009-01-29","1/23/2009","Mrly & Me","PG","","443","188","66","697","old_owner_weekly_import","I:\My Drive\Old Roxy Data\Roxy stats 011916.xlsx","Imported from prior owner weekly workbook"
"2009-01-30","2009-02-05","1/30/2009","Yes Man","#","6","250","52","7","309","old_owner_weekly_import","I:\My Drive\Old Roxy Data\Roxy stats 011916.xlsx","Imported from prior owner weekly workbook"
"2009-02-06","2009-02-12","2/6/2009","Ben Button","#","7","313","83","17","413","old_owner_weekly_import","I:\My Drive\Old Roxy Data\Roxy stats 011916.xlsx","Imported from prior owner weekly workbook"
"2009-02-13","2009-02-19","2/13/2009","PB Mall Cp","PG","","421","174","40","635","old_owner_weekly_import","I:\My Drive\Old Roxy Data\Roxy stats 011916.xlsx","Imported from prior owner weekly workbook"
"2009-02-20","2009-02-26","2/20/2009","Gran Torino","R","#","249","70","23","342","old_owner_weekly_import","I:\My Drive\Old Roxy Data\Roxy stats 011916.xlsx","Imported from prior owner weekly workbook"
"2009-02-20","2009-02-26","2/20/2009","H for Dogs","PG","","183","173","31","387","old_owner_weekly_import","I:\My Drive\Old Roxy Data\Roxy stats 011916.xlsx","Imported from prior owner weekly workbook"
"2009-02-27","2009-03-05","2/27/2009","Bride Wars","PG","8","265","64","15","344","old_owner_weekly_import","I:\My Drive\Old Roxy Data\Roxy stats 011916.xlsx","Imported from prior owner weekly workbook"
"2009-03-06","2009-03-12","3/6/2009","SlumDog M","R","#","245","43","2","290","old_owner_weekly_import","I:\My Drive\Old Roxy Data\Roxy stats 011916.xlsx","Imported from prior owner weekly workbook"
"2009-03-13","2009-03-19","3/13/2009","Not into You","#","6","238","30","10","278","old_owner_weekly_import","I:\My Drive\Old Roxy Data\Roxy stats 011916.xlsx","Imported from prior owner weekly workbook"
"2009-03-20","2009-03-26","3/20/2009","Shopaholic","PG","6","186","27","13","226","old_owner_weekly_import","I:\My Drive\Old Roxy Data\Roxy stats 011916.xlsx","Imported from prior owner weekly workbook"
"2009-03-27","2009-04-02","3/27/2009","M vs. A","PG","0","467","373","44","884","old_owner_weekly_import","I:\My Drive\Old Roxy Data\Roxy stats 011916.xlsx","Imported from prior owner weekly workbook"
"2009-04-03","2009-04-09","4/3/2009","M vs. A","PG","2","258","210","35","503","old_owner_weekly_import","I:\My Drive\Old Roxy Data\Roxy stats 011916.xlsx","Imported from prior owner weekly workbook"
"2009-04-10","2009-04-16","4/10/2009","M vs. A","PG","3","29","19","3","51","old_owner_weekly_import","I:\My Drive\Old Roxy Data\Roxy stats 011916.xlsx","Imported from prior owner weekly workbook"
"2009-04-10","2009-04-16","4/10/2009","Taken","#","#","323","44","19","386","old_owner_weekly_import","I:\My Drive\Old Roxy Data\Roxy stats 011916.xlsx","Imported from prior owner weekly workbook"
"2009-04-17","2009-04-23","4/17/2009","Witch Mtn","PG","5","219","91","23","333","old_owner_weekly_import","I:\My Drive\Old Roxy Data\Roxy stats 011916.xlsx","Imported from prior owner weekly workbook"
"2009-04-24","2009-04-30","4/24/2009","Knowing","#","6","225","36","9","270","old_owner_weekly_import","I:\My Drive\Old Roxy Data\Roxy stats 011916.xlsx","Imported from prior owner weekly workbook"
"2009-05-01","2009-05-07","5/1/2009","Fast/Furious","#","5","312","53","21","386","old_owner_weekly_import","I:\My Drive\Old Roxy Data\Roxy stats 011916.xlsx","Imported from prior owner weekly workbook"
"2009-05-08","2009-05-14","5/8/2009","H Montana","G","5","249","123","21","393","old_owner_weekly_import","I:\My Drive\Old Roxy Data\Roxy stats 011916.xlsx","Imported from prior owner weekly workbook"
"2009-05-15","2009-05-21","5/15/2009","G G Past","#","3","139","61","5","205","old_owner_weekly_import","I:\My Drive\Old Roxy Data\Roxy stats 011916.xlsx","Imported from prior owner weekly workbook"
"2009-05-15","2009-05-21","5/15/2009","State of Play","#","4","82","13","1","96","old_owner_weekly_import","I:\My Drive\Old Roxy Data\Roxy stats 011916.xlsx","Imported from prior owner weekly workbook"
"2009-05-22","2009-05-28","5/22/2009","Nght Msm 2","pg","1","503","257","19","779","old_owner_weekly_import","I:\My Drive\Old Roxy Data\Roxy stats 011916.xlsx","Imported from prior owner weekly workbook"
"2009-05-29","2009-06-04","5/29/2009","Nght Msm 2","PG","2","404","203","22","629","old_owner_weekly_import","I:\My Drive\Old Roxy Data\Roxy stats 011916.xlsx","Imported from prior owner weekly workbook"
"2009-06-05","2009-06-11","6/5/2009","X-men","#","6","365","87","27","479","old_owner_weekly_import","I:\My Drive\Old Roxy Data\Roxy stats 011916.xlsx","Imported from prior owner weekly workbook"
"2009-06-12","2009-06-18","6/12/2009","Terinator","#","4","300","40","17","357","old_owner_weekly_import","I:\My Drive\Old Roxy Data\Roxy stats 011916.xlsx","Imported from prior owner weekly workbook"
"2009-06-19","2009-06-25","6/19/2009","StarTrek","#","7","487","133","28","648","old_owner_weekly_import","I:\My Drive\Old Roxy Data\Roxy stats 011916.xlsx","Imported from prior owner weekly workbook"
"2009-06-26","2009-07-02","6/26/2009","UP","G","5","400","244","38","682","old_owner_weekly_import","I:\My Drive\Old Roxy Data\Roxy stats 011916.xlsx","Imported from prior owner weekly workbook"
"2009-07-03","2009-07-09","7/3/2009","Ice Age 3","PG","0","641","398","17","1056","old_owner_weekly_import","I:\My Drive\Old Roxy Data\Roxy stats 011916.xlsx","Imported from prior owner weekly workbook"
"2009-07-10","2009-07-16","7/10/2009","Ice Age 3","PG","1","468","294","24","786","old_owner_weekly_import","I:\My Drive\Old Roxy Data\Roxy stats 011916.xlsx","Imported from prior owner weekly workbook"
"2009-07-17","2009-07-23","7/17/2009","A & Demons","#","#","298","66","8","372","old_owner_weekly_import","I:\My Drive\Old Roxy Data\Roxy stats 011916.xlsx","Imported from prior owner weekly workbook"
"2009-07-24","2009-07-30","7/24/2009","Transformrs","#","4","661","211","39","911","old_owner_weekly_import","I:\My Drive\Old Roxy Data\Roxy stats 011916.xlsx","Imported from prior owner weekly workbook"
"2009-07-31","2009-08-06","7/31/2009","Proposal","#","5","595","199","43","837","old_owner_weekly_import","I:\My Drive\Old Roxy Data\Roxy stats 011916.xlsx","Imported from prior owner weekly workbook"
"2009-08-07","2009-08-13","8/7/2009","Strs Kpr","#","6","188","31","10","229","old_owner_weekly_import","I:\My Drive\Old Roxy Data\Roxy stats 011916.xlsx","Imported from prior owner weekly workbook"
"2009-08-07","2009-08-13","8/7/2009","UP","G","#","154","114","11","279","old_owner_weekly_import","I:\My Drive\Old Roxy Data\Roxy stats 011916.xlsx","Imported from prior owner weekly workbook"
"2009-08-14","2009-08-20","8/14/2009","H Potter","#","4","526","163","28","717","old_owner_weekly_import","I:\My Drive\Old Roxy Data\Roxy stats 011916.xlsx","Imported from prior owner weekly workbook"
"2009-08-21","2009-08-27","8/21/2009","GI Joe","#","3","324","103","19","446","old_owner_weekly_import","I:\My Drive\Old Roxy Data\Roxy stats 011916.xlsx","Imported from prior owner weekly workbook"
"2009-08-28","2009-09-03","8/28/2009","G -Force","pg","5","224","147","30","401","old_owner_weekly_import","I:\My Drive\Old Roxy Data\Roxy stats 011916.xlsx","Imported from prior owner weekly workbook"
"2009-09-04","2009-09-10","9/4/2009","A Attic","PG","6","384","70","14","546","old_owner_weekly_import","I:\My Drive\Old Roxy Data\Roxy stats 011916.xlsx","Imported from prior owner weekly workbook"
"2009-09-11","2009-09-17","9/11/2009","J Julia","#","5","247","120","34","401","old_owner_weekly_import","I:\My Drive\Old Roxy Data\Roxy stats 011916.xlsx","Imported from prior owner weekly workbook"
"2009-09-18","2009-09-24","9/18/2009","Shorts","pg","4","103","62","4","169","old_owner_weekly_import","I:\My Drive\Old Roxy Data\Roxy stats 011916.xlsx","Imported from prior owner weekly workbook"
"2009-09-25","2009-10-01","9/25/2009","TT Wife","#","6","241","53","12","306","old_owner_weekly_import","I:\My Drive\Old Roxy Data\Roxy stats 011916.xlsx","Imported from prior owner weekly workbook"
"2009-10-02","2009-10-08","10/2/2009","I Basterds","R","4","160","34","0","194","old_owner_weekly_import","I:\My Drive\Old Roxy Data\Roxy stats 011916.xlsx","Imported from prior owner weekly workbook"
"2009-10-09","2009-10-15","10/9/2009","FAME","pg","2","101","23","1","125","old_owner_weekly_import","I:\My Drive\Old Roxy Data\Roxy stats 011916.xlsx","Imported from prior owner weekly workbook"
"2009-10-16","2009-10-22","10/16/2009","Surrogates","#","3","147","34","12","193","old_owner_weekly_import","I:\My Drive\Old Roxy Data\Roxy stats 011916.xlsx","Imported from prior owner weekly workbook"
"2009-10-23","2009-10-29","10/23/2009","All A Steve","#","7","180","53","4","237","old_owner_weekly_import","I:\My Drive\Old Roxy Data\Roxy stats 011916.xlsx","Imported from prior owner weekly workbook"
"2009-10-30","2009-11-05","10/30/2009","C w Mtblls","PG","7","155","128","43","326","old_owner_weekly_import","I:\My Drive\Old Roxy Data\Roxy stats 011916.xlsx","Imported from prior owner weekly workbook"
"2009-11-06","2009-11-12","11/6/2009","Lv Happens","PG","4","181","76","17","274","old_owner_weekly_import","I:\My Drive\Old Roxy Data\Roxy stats 011916.xlsx","Imported from prior owner weekly workbook"
"2009-11-13","2009-11-19","11/13/2009","Wild Things","PG","0","244","100","17","361","old_owner_weekly_import","I:\My Drive\Old Roxy Data\Roxy stats 011916.xlsx","Imported from prior owner weekly workbook"
"2009-11-20","2009-11-26","11/20/2009","Planet 51","PG","0","249","137","24","410","old_owner_weekly_import","I:\My Drive\Old Roxy Data\Roxy stats 011916.xlsx","Imported from prior owner weekly workbook"
"2009-11-27","2009-12-03","11/27/2009","Planet 51","PG","1","134","93","10","237","old_owner_weekly_import","I:\My Drive\Old Roxy Data\Roxy stats 011916.xlsx","Imported from prior owner weekly workbook"
"2009-12-04","2009-12-10","12/4/2009","Chrstms Crl","PG","4","243","97","25","365","old_owner_weekly_import","I:\My Drive\Old Roxy Data\Roxy stats 011916.xlsx","Imported from prior owner weekly workbook"
"2009-12-11","2009-12-17","12/11/2009","Cpls Rtreat","#","9","125","18","4","147","old_owner_weekly_import","I:\My Drive\Old Roxy Data\Roxy stats 011916.xlsx","Imported from prior owner weekly workbook"
"2009-12-18","2009-12-24","12/18/2009","New Moon","#","4","490","123","53","666","old_owner_weekly_import","I:\My Drive\Old Roxy Data\Roxy stats 011916.xlsx","Imported from prior owner weekly workbook"
"2009-12-25","2009-12-31","12/25/2009","Squeakqual","pg","0","512","358","57","927","old_owner_weekly_import","I:\My Drive\Old Roxy Data\Roxy stats 011916.xlsx","Imported from prior owner weekly workbook"
"2010-01-01","2010-01-07","1/1/2010","Squeakqual","PG","1","213","185","39","437","old_owner_weekly_import","I:\My Drive\Old Roxy Data\Roxy stats 011916.xlsx","Imported from prior owner weekly workbook"
"2010-01-08","2010-01-14","1/8/2010","2012","#","8","212","31","14","257","old_owner_weekly_import","I:\My Drive\Old Roxy Data\Roxy stats 011916.xlsx","Imported from prior owner weekly workbook"
"2010-01-08","2010-01-14","1/8/2010","P & F","PG","7","112","113","10","235","old_owner_weekly_import","I:\My Drive\Old Roxy Data\Roxy stats 011916.xlsx","Imported from prior owner weekly workbook"
"2010-01-15","2010-01-21","1/15/2010","Blind Side","#","9","610","198","34","842","old_owner_weekly_import","I:\My Drive\Old Roxy Data\Roxy stats 011916.xlsx","Imported from prior owner weekly workbook"
"2010-01-22","2010-01-28","1/22/2010","Shrlck Hmes","#","5","376","85","35","496","old_owner_weekly_import","I:\My Drive\Old Roxy Data\Roxy stats 011916.xlsx","Imported from prior owner weekly workbook"
"2010-01-29","2010-02-04","1/29/2010","Avatar","#","7","532","185","40","757","old_owner_weekly_import","I:\My Drive\Old Roxy Data\Roxy stats 011916.xlsx","Imported from prior owner weekly workbook"
"2010-02-05","2010-02-11","2/5/2010","Leap Year","PG","5","190","31","15","236","old_owner_weekly_import","I:\My Drive\Old Roxy Data\Roxy stats 011916.xlsx","Imported from prior owner weekly workbook"
"2010-02-12","2010-02-18","2/12/2010","Lghtng Tf","PG","0","272","81","19","372","old_owner_weekly_import","I:\My Drive\Old Roxy Data\Roxy stats 011916.xlsx","Imported from prior owner weekly workbook"
"2010-02-19","2010-02-25","2/19/2010","Lghtng Tf","PG","1","170","68","14","252","old_owner_weekly_import","I:\My Drive\Old Roxy Data\Roxy stats 011916.xlsx","Imported from prior owner weekly workbook"
"2010-02-26","2010-03-04","2/26/2010","Dear John","#","4","304","39","14","357","old_owner_weekly_import","I:\My Drive\Old Roxy Data\Roxy stats 011916.xlsx","Imported from prior owner weekly workbook"
"2010-03-05","2010-03-11","3/5/2010","ExOMsrs","PG","6","77","21","4","102","old_owner_weekly_import","I:\My Drive\Old Roxy Data\Roxy stats 011916.xlsx","Imported from prior owner weekly workbook"
"2010-03-05","2010-03-11","3/5/2010","Spy Nxt Dr","PG","7","85","33","6","124","old_owner_weekly_import","I:\My Drive\Old Roxy Data\Roxy stats 011916.xlsx","Imported from prior owner weekly workbook"
"2010-03-07","2010-03-13","3/7/2010","LEAP","","","53","7","3","63","old_owner_weekly_import","I:\My Drive\Old Roxy Data\Roxy stats 011916.xlsx","Imported from prior owner weekly workbook"
"2010-03-12","2010-03-18","3/12/2010","Avatar","#","#","108","28","20","156","old_owner_weekly_import","I:\My Drive\Old Roxy Data\Roxy stats 011916.xlsx","Imported from prior owner weekly workbook"
"2010-03-12","2010-03-18","3/12/2010","Val Day","#","4","169","24","11","204","old_owner_weekly_import","I:\My Drive\Old Roxy Data\Roxy stats 011916.xlsx","Imported from prior owner weekly workbook"
"2010-03-19","2010-03-25","3/19/2010","Shtr Island","R","5","143","8","11","162","old_owner_weekly_import","I:\My Drive\Old Roxy Data\Roxy stats 011916.xlsx","Imported from prior owner weekly workbook"
"2010-03-25","2010-03-31","3/25/2010","PR Journey","","","0","0","60","60","old_owner_weekly_import","I:\My Drive\Old Roxy Data\Roxy stats 011916.xlsx","Imported from prior owner weekly workbook"
"2010-03-26","2010-04-01","3/26/2010","Dragon","PG","0","270","212","31","513","old_owner_weekly_import","I:\My Drive\Old Roxy Data\Roxy stats 011916.xlsx","Imported from prior owner weekly workbook"
"2010-04-02","2010-04-08","4/2/2010","Dragon","PG","1","229","126","30","385","old_owner_weekly_import","I:\My Drive\Old Roxy Data\Roxy stats 011916.xlsx","Imported from prior owner weekly workbook"
"2010-04-09","2010-04-15","4/9/2010","Dragon","PG","2","131","120","14","265","old_owner_weekly_import","I:\My Drive\Old Roxy Data\Roxy stats 011916.xlsx","Imported from prior owner weekly workbook"
"2010-04-09","2010-04-15","4/9/2010","Rmbr Me","#","6","119","12","8","139","old_owner_weekly_import","I:\My Drive\Old Roxy Data\Roxy stats 011916.xlsx","Imported from prior owner weekly workbook"
"2010-04-16","2010-04-22","4/16/2010","Alc Wndrlnd","PG","7","240","61","9","310","old_owner_weekly_import","I:\My Drive\Old Roxy Data\Roxy stats 011916.xlsx","Imported from prior owner weekly workbook"
"2010-04-23","2010-04-29","4/23/2010","Wimpy Kid","PG","6","199","108","10","317","old_owner_weekly_import","I:\My Drive\Old Roxy Data\Roxy stats 011916.xlsx","Imported from prior owner weekly workbook"
"2010-04-30","2010-05-06","4/30/2010","Clsh Titans","#","6","222","69","17","308","old_owner_weekly_import","I:\My Drive\Old Roxy Data\Roxy stats 011916.xlsx","Imported from prior owner weekly workbook"
"2010-05-07","2010-05-13","5/7/2010","Date Night","#","5","235","45","13","293","old_owner_weekly_import","I:\My Drive\Old Roxy Data\Roxy stats 011916.xlsx","Imported from prior owner weekly workbook"
"2010-05-14","2010-05-20","5/14/2010","Last Song","pg","7","221","50","19","290","old_owner_weekly_import","I:\My Drive\Old Roxy Data\Roxy stats 011916.xlsx","Imported from prior owner weekly workbook"
"2010-05-21","2010-05-27","5/21/2010","Backup Plan","#","","99","40","13","152","old_owner_weekly_import","I:\My Drive\Old Roxy Data\Roxy stats 011916.xlsx","Imported from prior owner weekly workbook"
"2010-05-28","2010-06-03","5/28/2010","Iron Man 2","#","4","416","144","21","581","old_owner_weekly_import","I:\My Drive\Old Roxy Data\Roxy stats 011916.xlsx","Imported from prior owner weekly workbook"
"2010-06-04","2010-06-10","6/4/2010","Rbn Hood","#","3","326","95","19","440","old_owner_weekly_import","I:\My Drive\Old Roxy Data\Roxy stats 011916.xlsx","Imported from prior owner weekly workbook"
"2010-06-11","2010-06-17","6/11/2010","Ltr to Juliet","PG","4","208","58","9","275","old_owner_weekly_import","I:\My Drive\Old Roxy Data\Roxy stats 011916.xlsx","Imported from prior owner weekly workbook"
"2010-06-18","2010-06-24","6/18/2010","Shrek","PG","5","318","190","62","570","old_owner_weekly_import","I:\My Drive\Old Roxy Data\Roxy stats 011916.xlsx","Imported from prior owner weekly workbook"
"2010-06-25","2010-07-01","6/25/2010","Shrek","PG","6","130","130","9","269","old_owner_weekly_import","I:\My Drive\Old Roxy Data\Roxy stats 011916.xlsx","Imported from prior owner weekly workbook"
"2010-07-02","2010-07-08","7/2/2010","Eclipse","#","0","984","193","52","1229","old_owner_weekly_import","I:\My Drive\Old Roxy Data\Roxy stats 011916.xlsx","Imported from prior owner weekly workbook"
"2010-07-09","2010-07-15","7/9/2010","Eclipse","#","1","257","58","15","330","old_owner_weekly_import","I:\My Drive\Old Roxy Data\Roxy stats 011916.xlsx","Imported from prior owner weekly workbook"
"2010-07-16","2010-07-22","7/16/2010","Dspcble Me","PG","2","411","257","21","689","old_owner_weekly_import","I:\My Drive\Old Roxy Data\Roxy stats 011916.xlsx","Imported from prior owner weekly workbook"
"2010-07-23","2010-07-29","7/23/2010","Toy Story 3","PG","6","383","265","48","696","old_owner_weekly_import","I:\My Drive\Old Roxy Data\Roxy stats 011916.xlsx","Imported from prior owner weekly workbook"
"2010-07-30","2010-08-05","7/30/2010","Karate Kid","PG","7","382","189","17","588","old_owner_weekly_import","I:\My Drive\Old Roxy Data\Roxy stats 011916.xlsx","Imported from prior owner weekly workbook"
"2010-08-06","2010-08-12","8/6/2010","A- Team","#","8","230","76","10","316","old_owner_weekly_import","I:\My Drive\Old Roxy Data\Roxy stats 011916.xlsx","Imported from prior owner weekly workbook"
"2010-08-13","2010-08-19","8/13/2010","Grown Ups","#","8","214","32","15","261","old_owner_weekly_import","I:\My Drive\Old Roxy Data\Roxy stats 011916.xlsx","Imported from prior owner weekly workbook"
"2010-08-13","2010-08-19","8/13/2010","Marmaduke","PG","#","41","37","4","82","old_owner_weekly_import","I:\My Drive\Old Roxy Data\Roxy stats 011916.xlsx","Imported from prior owner weekly workbook"
"2010-08-20","2010-08-26","8/20/2010","L Airbender","PG","8","224","67","11","302","old_owner_weekly_import","I:\My Drive\Old Roxy Data\Roxy stats 011916.xlsx","Imported from prior owner weekly workbook"
"2010-08-27","2010-09-02","8/27/2010","S Apprentice","PG","7","192","83","13","288","old_owner_weekly_import","I:\My Drive\Old Roxy Data\Roxy stats 011916.xlsx","Imported from prior owner weekly workbook"
"2010-09-03","2010-09-09","9/3/2010","R & Beezus","PG","","49","34","5","88","old_owner_weekly_import","I:\My Drive\Old Roxy Data\Roxy stats 011916.xlsx","Imported from prior owner weekly workbook"
"2010-09-03","2010-09-09","9/3/2010","Salt","#","","139","23","9","171","old_owner_weekly_import","I:\My Drive\Old Roxy Data\Roxy stats 011916.xlsx","Imported from prior owner weekly workbook"
"2010-09-05","2010-09-11","9/5/2010","A Grafitti","#","","0","0","100","100","old_owner_weekly_import","I:\My Drive\Old Roxy Data\Roxy stats 011916.xlsx","Imported from prior owner weekly workbook"
"2010-09-10","2010-09-16","9/10/2010","Inception","#","","135","36","5","176","old_owner_weekly_import","I:\My Drive\Old Roxy Data\Roxy stats 011916.xlsx","Imported from prior owner weekly workbook"
"2010-09-17","2010-09-23","9/17/2010","Eat Pray Love","#","","222","80","12","314","old_owner_weekly_import","I:\My Drive\Old Roxy Data\Roxy stats 011916.xlsx","Imported from prior owner weekly workbook"
"2010-09-24","2010-09-30","9/24/2010","Expendables","R","","163","31","7","201","old_owner_weekly_import","I:\My Drive\Old Roxy Data\Roxy stats 011916.xlsx","Imported from prior owner weekly workbook"
"2010-10-01","2010-10-07","10/1/2010","Nny McPhee","PG","","113","59","7","179","old_owner_weekly_import","I:\My Drive\Old Roxy Data\Roxy stats 011916.xlsx","Imported from prior owner weekly workbook"
"2010-10-08","2010-10-14","10/8/2010","Othr Guys","#","","115","17","12","144","old_owner_weekly_import","I:\My Drive\Old Roxy Data\Roxy stats 011916.xlsx","Imported from prior owner weekly workbook"
"2010-10-15","2010-10-21","10/15/2010","Owls Ghool","pg","","89","65","22","176","old_owner_weekly_import","I:\My Drive\Old Roxy Data\Roxy stats 011916.xlsx","Imported from prior owner weekly workbook"
"2010-10-22","2010-10-28","10/22/2010","Wall Street","#","","80","36","2","118","old_owner_weekly_import","I:\My Drive\Old Roxy Data\Roxy stats 011916.xlsx","Imported from prior owner weekly workbook"
"2010-10-29","2010-11-04","10/29/2010","Easy A","#","","101","7","7","115","old_owner_weekly_import","I:\My Drive\Old Roxy Data\Roxy stats 011916.xlsx","Imported from prior owner weekly workbook"
"2010-11-05","2010-11-11","11/5/2010","Mga Mind","PG","","265","175","17","457","old_owner_weekly_import","I:\My Drive\Old Roxy Data\Roxy stats 011916.xlsx","Imported from prior owner weekly workbook"
"2010-11-05","2010-11-11","11/5/2010","You Again","#","","10","11","68","89","old_owner_weekly_import","I:\My Drive\Old Roxy Data\Roxy stats 011916.xlsx","Imported from prior owner weekly workbook"
"2010-11-12","2010-11-18","11/12/2010","Mga Mind 2","PG","","150","86","5","241","old_owner_weekly_import","I:\My Drive\Old Roxy Data\Roxy stats 011916.xlsx","Imported from prior owner weekly workbook"
"2010-11-19","2010-11-25","11/19/2010","Secratariat","PG","","206","109","8","323","old_owner_weekly_import","I:\My Drive\Old Roxy Data\Roxy stats 011916.xlsx","Imported from prior owner weekly workbook"
"2010-11-26","2010-12-02","11/26/2010","Tangled","PG","","228","141","25","394","old_owner_weekly_import","I:\My Drive\Old Roxy Data\Roxy stats 011916.xlsx","Imported from prior owner weekly workbook"
"2010-12-03","2010-12-09","12/3/2010","Tangled","PG","","139","77","21","237","old_owner_weekly_import","I:\My Drive\Old Roxy Data\Roxy stats 011916.xlsx","Imported from prior owner weekly workbook"
"2010-12-10","2010-12-16","12/10/2010","Red","#","","125","40","6","171","old_owner_weekly_import","I:\My Drive\Old Roxy Data\Roxy stats 011916.xlsx","Imported from prior owner weekly workbook"
"2010-12-17","2010-12-23","12/17/2010","Unstoppable","#","","149","29","11","189","old_owner_weekly_import","I:\My Drive\Old Roxy Data\Roxy stats 011916.xlsx","Imported from prior owner weekly workbook"
"2010-12-24","2010-12-30","12/24/2010","Harry Potter","#","","312","76","22","410","old_owner_weekly_import","I:\My Drive\Old Roxy Data\Roxy stats 011916.xlsx","Imported from prior owner weekly workbook"
"2010-12-31","2011-01-06","12/31/2010","Mrning Glory","PG","","88","21","3","112","old_owner_weekly_import","I:\My Drive\Old Roxy Data\Roxy stats 011916.xlsx","Imported from prior owner weekly workbook"
"2011-01-07","2011-01-13","1/7/2011","Nxt 3 Days","#","","92","15","8","115","old_owner_weekly_import","I:\My Drive\Old Roxy Data\Roxy stats 011916.xlsx","Imported from prior owner weekly workbook"
"2011-01-14","2011-01-20","1/14/2011","C of Narnia","#","","345","165","37","547","old_owner_weekly_import","I:\My Drive\Old Roxy Data\Roxy stats 011916.xlsx","Imported from prior owner weekly workbook"
"2011-01-21","2011-01-27","1/21/2011","L Fockers","#","","223","52","22","297","old_owner_weekly_import","I:\My Drive\Old Roxy Data\Roxy stats 011916.xlsx","Imported from prior owner weekly workbook"
"2011-01-28","2011-02-03","1/28/2011","Y Bear","PG","","190","135","11","336","old_owner_weekly_import","I:\My Drive\Old Roxy Data\Roxy stats 011916.xlsx","Imported from prior owner weekly workbook"
"2011-02-04","2011-02-10","2/4/2011","Tron","#","","134","33","11","178","old_owner_weekly_import","I:\My Drive\Old Roxy Data\Roxy stats 011916.xlsx","Imported from prior owner weekly workbook"
"2011-02-11","2011-02-17","2/11/2011","Fighter","R","","97","30","7","134","old_owner_weekly_import","I:\My Drive\Old Roxy Data\Roxy stats 011916.xlsx","Imported from prior owner weekly workbook"
"2011-02-18","2011-02-24","2/18/2011","True Grit","#","","340","93","41","474","old_owner_weekly_import","I:\My Drive\Old Roxy Data\Roxy stats 011916.xlsx","Imported from prior owner weekly workbook"
"2011-02-25","2011-03-03","2/25/2011","Kings Speech","R","","177","92","5","274","old_owner_weekly_import","I:\My Drive\Old Roxy Data\Roxy stats 011916.xlsx","Imported from prior owner weekly workbook"
"2011-03-04","2011-03-10","3/4/2011","G Hornet","#","","182","52","15","249","old_owner_weekly_import","I:\My Drive\Old Roxy Data\Roxy stats 011916.xlsx","Imported from prior owner weekly workbook"
"2011-03-11","2011-03-17","3/11/2011","Go with it","#","","181","49","13","243","old_owner_weekly_import","I:\My Drive\Old Roxy Data\Roxy stats 011916.xlsx","Imported from prior owner weekly workbook"
"2011-03-18","2011-03-24","3/18/2011","G & Juliet","PG","","193","137","18","348","old_owner_weekly_import","I:\My Drive\Old Roxy Data\Roxy stats 011916.xlsx","Imported from prior owner weekly workbook"
"2011-03-25","2011-03-31","3/25/2011","Ad Bureau","#","","145","35","7","187","old_owner_weekly_import","I:\My Drive\Old Roxy Data\Roxy stats 011916.xlsx","Imported from prior owner weekly workbook"
"2011-04-01","2011-04-07","4/1/2011","Rango","PG","","441","258","43","742","old_owner_weekly_import","I:\My Drive\Old Roxy Data\Roxy stats 011916.xlsx","Imported from prior owner weekly workbook"
"2011-04-08","2011-04-14","4/8/2011","Unknown","#","","107","23","10","140","old_owner_weekly_import","I:\My Drive\Old Roxy Data\Roxy stats 011916.xlsx","Imported from prior owner weekly workbook"
"2011-04-15","2011-04-21","4/15/2011","Limitless","#","","157","38","11","206","old_owner_weekly_import","I:\My Drive\Old Roxy Data\Roxy stats 011916.xlsx","Imported from prior owner weekly workbook"
"2011-04-22","2011-04-28","4/22/2011","HOP","PG","","201","156","22","379","old_owner_weekly_import","I:\My Drive\Old Roxy Data\Roxy stats 011916.xlsx","Imported from prior owner weekly workbook"
"2011-04-29","2011-05-05","4/29/2011","Whimpy Kid","PG","","74","57","13","144","old_owner_weekly_import","I:\My Drive\Old Roxy Data\Roxy stats 011916.xlsx","Imported from prior owner weekly workbook"
"2011-05-06","2011-05-12","5/6/2011","Rio","PG","","163","113","23","299","old_owner_weekly_import","I:\My Drive\Old Roxy Data\Roxy stats 011916.xlsx","Imported from prior owner weekly workbook"
"2011-05-13","2011-05-19","5/13/2011","Soul Surfer","PG","","244","77","17","338","old_owner_weekly_import","I:\My Drive\Old Roxy Data\Roxy stats 011916.xlsx","Imported from prior owner weekly workbook"
"2011-05-20","2011-05-26","5/20/2011","W 4 Elephnts","#","","160","57","20","237","old_owner_weekly_import","I:\My Drive\Old Roxy Data\Roxy stats 011916.xlsx","Imported from prior owner weekly workbook"
"2011-05-27","2011-06-02","5/27/2011","Kung Fu Pnda","PG","0","371","225","54","650","old_owner_weekly_import","I:\My Drive\Old Roxy Data\Roxy stats 011916.xlsx","Imported from prior owner weekly workbook"
"2011-06-03","2011-06-09","6/3/2011","Kung Fu Pnda","PG","1","195","127","6","328","old_owner_weekly_import","I:\My Drive\Old Roxy Data\Roxy stats 011916.xlsx","Imported from prior owner weekly workbook"
"2011-06-10","2011-06-16","6/10/2011","Thor","#","","243","64","22","329","old_owner_weekly_import","I:\My Drive\Old Roxy Data\Roxy stats 011916.xlsx","Imported from prior owner weekly workbook"
"2011-06-17","2011-06-23","6/17/2011","P of Car","#","","556","215","46","817","old_owner_weekly_import","I:\My Drive\Old Roxy Data\Roxy stats 011916.xlsx","Imported from prior owner weekly workbook"
"2011-06-24","2011-06-30","6/24/2011","Fast Five","#","","100","39","22","161","old_owner_weekly_import","I:\My Drive\Old Roxy Data\Roxy stats 011916.xlsx","Imported from prior owner weekly workbook"
"2011-07-01","2011-07-07","7/1/2011","Trnsfrms III","#","0","380","128","12","520","old_owner_weekly_import","I:\My Drive\Old Roxy Data\Roxy stats 011916.xlsx","Imported from prior owner weekly workbook"
"2011-07-08","2011-07-14","7/8/2011","Trnsfrms III","#","1","347","101","30","478","old_owner_weekly_import","I:\My Drive\Old Roxy Data\Roxy stats 011916.xlsx","Imported from prior owner weekly workbook"
"2011-07-15","2011-07-21","7/15/2011","Cars 2","PG","","361","255","62","678","old_owner_weekly_import","I:\My Drive\Old Roxy Data\Roxy stats 011916.xlsx","Imported from prior owner weekly workbook"
"2011-07-15","2011-07-21","7/15/2011","Trnsfrms III","#","2","16","12","0","28","old_owner_weekly_import","I:\My Drive\Old Roxy Data\Roxy stats 011916.xlsx","Imported from prior owner weekly workbook"
"2011-07-22","2011-07-28","7/22/2011","Super 8","#","","203","74","18","295","old_owner_weekly_import","I:\My Drive\Old Roxy Data\Roxy stats 011916.xlsx","Imported from prior owner weekly workbook"
"2011-07-29","2011-08-04","7/29/2011","Harry Potter","#","","442","116","26","584","old_owner_weekly_import","I:\My Drive\Old Roxy Data\Roxy stats 011916.xlsx","Imported from prior owner weekly workbook"
"2011-08-05","2011-08-11","8/5/2011","G Lantern","#","","309","99","26","434","old_owner_weekly_import","I:\My Drive\Old Roxy Data\Roxy stats 011916.xlsx","Imported from prior owner weekly workbook"
"2011-08-12","2011-08-18","8/12/2011","ZooKeeper","PG","","221","148","2","371","old_owner_weekly_import","I:\My Drive\Old Roxy Data\Roxy stats 011916.xlsx","Imported from prior owner weekly workbook"
"2011-08-19","2011-08-25","8/19/2011","Captain AM","#","","238","85","29","352","old_owner_weekly_import","I:\My Drive\Old Roxy Data\Roxy stats 011916.xlsx","Imported from prior owner weekly workbook"
"2011-08-26","2011-09-01","8/26/2011","Smurfs","PG","5","182","166","28","376","old_owner_weekly_import","I:\My Drive\Old Roxy Data\Roxy stats 011916.xlsx","Imported from prior owner weekly workbook"
"2011-09-02","2011-09-08","9/2/2011","C & Aliens","#","6","323","120","44","487","old_owner_weekly_import","I:\My Drive\Old Roxy Data\Roxy stats 011916.xlsx","Imported from prior owner weekly workbook"
"2011-09-09","2011-09-15","9/9/2011","Planet Apes","#","6","178","55","14","247","old_owner_weekly_import","I:\My Drive\Old Roxy Data\Roxy stats 011916.xlsx","Imported from prior owner weekly workbook"
"2011-09-16","2011-09-22","9/16/2011","Spy Kids","PG","5","56","59","6","121","old_owner_weekly_import","I:\My Drive\Old Roxy Data\Roxy stats 011916.xlsx","Imported from prior owner weekly workbook"
"2011-09-23","2011-09-29","9/23/2011","HELP","#","7","318","169","15","502","old_owner_weekly_import","I:\My Drive\Old Roxy Data\Roxy stats 011916.xlsx","Imported from prior owner weekly workbook"
"2011-09-30","2011-10-06","9/30/2011","Warrior","#","4","58","18","5","81","old_owner_weekly_import","I:\My Drive\Old Roxy Data\Roxy stats 011916.xlsx","Imported from prior owner weekly workbook"
"2011-10-07","2011-10-13","10/7/2011","Contagion","#","5","109","43","1","153","old_owner_weekly_import","I:\My Drive\Old Roxy Data\Roxy stats 011916.xlsx","Imported from prior owner weekly workbook"
"2011-10-14","2011-10-20","10/14/2011","Debt","R","7","69","34","4","107","old_owner_weekly_import","I:\My Drive\Old Roxy Data\Roxy stats 011916.xlsx","Imported from prior owner weekly workbook"
"2011-10-21","2011-10-27","10/21/2011","Reel Steel","#","3","132","40","12","184","old_owner_weekly_import","I:\My Drive\Old Roxy Data\Roxy stats 011916.xlsx","Imported from prior owner weekly workbook"
"2011-10-28","2011-11-03","10/28/2011","Puss in Boots","PG","0","150","98","18","266","old_owner_weekly_import","I:\My Drive\Old Roxy Data\Roxy stats 011916.xlsx","Imported from prior owner weekly workbook"
"2011-11-04","2011-11-10","11/4/2011","Crzy Stpd Love","#","#","14","37","0","51","old_owner_weekly_import","I:\My Drive\Old Roxy Data\Roxy stats 011916.xlsx","Imported from prior owner weekly workbook"
"2011-11-04","2011-11-10","11/4/2011","Puss in Boots","PG","1","203","157","28","388","old_owner_weekly_import","I:\My Drive\Old Roxy Data\Roxy stats 011916.xlsx","Imported from prior owner weekly workbook"
"2011-11-11","2011-11-17","11/11/2011","Moneyball","#","9","60","25","1","86","old_owner_weekly_import","I:\My Drive\Old Roxy Data\Roxy stats 011916.xlsx","Imported from prior owner weekly workbook"
"2011-11-11","2011-11-17","11/11/2011","Puss in Boots","PG","3","50","58","15","123","old_owner_weekly_import","I:\My Drive\Old Roxy Data\Roxy stats 011916.xlsx","Imported from prior owner weekly workbook"
"2011-11-18","2011-11-24","11/18/2011","Twilight: BD","#","0","508","83","54","645","old_owner_weekly_import","I:\My Drive\Old Roxy Data\Roxy stats 011916.xlsx","Imported from prior owner weekly workbook"
"2011-11-25","2011-12-01","11/25/2011","Twilight: BD","#","1","302","39","14","355","old_owner_weekly_import","I:\My Drive\Old Roxy Data\Roxy stats 011916.xlsx","Imported from prior owner weekly workbook"
"2011-12-02","2011-12-08","12/2/2011","Courageous","PG","","250","54","141","445","old_owner_weekly_import","I:\My Drive\Old Roxy Data\Roxy stats 011916.xlsx","Imported from prior owner weekly workbook"
"2011-12-02","2011-12-08","12/2/2011","Twilight: BD","#","2","56","12","4","72","old_owner_weekly_import","I:\My Drive\Old Roxy Data\Roxy stats 011916.xlsx","Imported from prior owner weekly workbook"
"2011-12-09","2011-12-15","12/9/2011","D Tale","PG","","29","29","4","62","old_owner_weekly_import","I:\My Drive\Old Roxy Data\Roxy stats 011916.xlsx","Imported from prior owner weekly workbook"
"2011-12-09","2011-12-15","12/9/2011","T Heist","","","36","13","6","55","old_owner_weekly_import","I:\My Drive\Old Roxy Data\Roxy stats 011916.xlsx","Imported from prior owner weekly workbook"
"2011-12-16","2011-12-22","12/16/2011","A Christmas","","","97","82","22","201","old_owner_weekly_import","I:\My Drive\Old Roxy Data\Roxy stats 011916.xlsx","Imported from prior owner weekly workbook"
"2011-12-23","2011-12-29","12/23/2011","Muppetts","","","104","73","17","194","old_owner_weekly_import","I:\My Drive\Old Roxy Data\Roxy stats 011916.xlsx","Imported from prior owner weekly workbook"
"2011-12-30","2012-01-05","12/30/2011","NY Eve","","","102","11","7","120","old_owner_weekly_import","I:\My Drive\Old Roxy Data\Roxy stats 011916.xlsx","Imported from prior owner weekly workbook"
"2012-01-06","2012-01-12","1/6/2012","S Holmes","","","246","89","38","373","old_owner_weekly_import","I:\My Drive\Old Roxy Data\Roxy stats 011916.xlsx","Imported from prior owner weekly workbook"
"2012-01-13","2012-01-19","1/13/2012","Tin Tin","","","135","87","13","235","old_owner_weekly_import","I:\My Drive\Old Roxy Data\Roxy stats 011916.xlsx","Imported from prior owner weekly workbook"
"2012-01-20","2012-01-26","1/20/2012","A Chipmunks","","","163","141","20","324","old_owner_weekly_import","I:\My Drive\Old Roxy Data\Roxy stats 011916.xlsx","Imported from prior owner weekly workbook"
"2012-01-27","2012-02-02","1/27/2012","M Impossible","","","125","40","10","175","old_owner_weekly_import","I:\My Drive\Old Roxy Data\Roxy stats 011916.xlsx","Imported from prior owner weekly workbook"
"2012-02-03","2012-02-09","2/3/2012","Bought Zoo","","","177","123","17","317","old_owner_weekly_import","I:\My Drive\Old Roxy Data\Roxy stats 011916.xlsx","Imported from prior owner weekly workbook"
"2012-02-10","2012-02-16","2/10/2012","War Horse","","","238","150","25","413","old_owner_weekly_import","I:\My Drive\Old Roxy Data\Roxy stats 011916.xlsx","Imported from prior owner weekly workbook"
"2012-02-17","2012-02-23","2/17/2012","Man on Ledge","","","116","35","2","153","old_owner_weekly_import","I:\My Drive\Old Roxy Data\Roxy stats 011916.xlsx","Imported from prior owner weekly workbook"
"2012-02-24","2012-03-01","2/24/2012","The Grey","","","130","48","7","185","old_owner_weekly_import","I:\My Drive\Old Roxy Data\Roxy stats 011916.xlsx","Imported from prior owner weekly workbook"
"2012-04-13","2012-04-19","4/13/2012","3 Stooges","","","110","46","6","162","old_owner_weekly_import","I:\My Drive\Old Roxy Data\Roxy stats 011916.xlsx","Imported from prior owner weekly workbook"
"2012-04-13","2012-04-19","4/13/2012","Grand O","","","477","143","25","645","old_owner_weekly_import","I:\My Drive\Old Roxy Data\Roxy stats 011916.xlsx","Imported from prior owner weekly workbook"
"2012-04-13","2012-04-19","4/13/2012","Hunger Games","","","242","55","13","310","old_owner_weekly_import","I:\My Drive\Old Roxy Data\Roxy stats 011916.xlsx","Imported from prior owner weekly workbook"
"2012-04-13","2012-04-19","4/13/2012","Mirror Mirror","","","125","42","6","173","old_owner_weekly_import","I:\My Drive\Old Roxy Data\Roxy stats 011916.xlsx","Imported from prior owner weekly workbook"
"2012-04-20","2012-04-26","4/20/2012","3 Stooges","","","28","12","3","43","old_owner_weekly_import","I:\My Drive\Old Roxy Data\Roxy stats 011916.xlsx","Imported from prior owner weekly workbook"
"2012-04-20","2012-04-26","4/20/2012","5 movies","","","274","72","22","368","old_owner_weekly_import","I:\My Drive\Old Roxy Data\Roxy stats 011916.xlsx","Imported from prior owner weekly workbook"
"2012-04-20","2012-04-26","4/20/2012","Act of Valor","","","41","7","0","48","old_owner_weekly_import","I:\My Drive\Old Roxy Data\Roxy stats 011916.xlsx","Imported from prior owner weekly workbook"
"2012-04-20","2012-04-26","4/20/2012","Hunger Games","","","136","28","14","178","old_owner_weekly_import","I:\My Drive\Old Roxy Data\Roxy stats 011916.xlsx","Imported from prior owner weekly workbook"
"2012-04-20","2012-04-26","4/20/2012","Mirror Mirror","","","50","18","1","69","old_owner_weekly_import","I:\My Drive\Old Roxy Data\Roxy stats 011916.xlsx","Imported from prior owner weekly workbook"
"2012-04-20","2012-04-26","4/20/2012","Wrath of the Titans","","","19","7","4","30","old_owner_weekly_import","I:\My Drive\Old Roxy Data\Roxy stats 011916.xlsx","Imported from prior owner weekly workbook"
"2012-04-27","2012-05-03","4/27/2012","21 Jump Street","","","72","10","1","83","old_owner_weekly_import","I:\My Drive\Old Roxy Data\Roxy stats 011916.xlsx","Imported from prior owner weekly workbook"
"2012-04-27","2012-05-03","4/27/2012","3 movies","","","203","35","3","241","old_owner_weekly_import","I:\My Drive\Old Roxy Data\Roxy stats 011916.xlsx","Imported from prior owner weekly workbook"
"2012-04-27","2012-05-03","4/27/2012","Lockout","","","55","8","0","63","old_owner_weekly_import","I:\My Drive\Old Roxy Data\Roxy stats 011916.xlsx","Imported from prior owner weekly workbook"
"2012-04-27","2012-05-03","4/27/2012","The Vow","","","76","17","2","95","old_owner_weekly_import","I:\My Drive\Old Roxy Data\Roxy stats 011916.xlsx","Imported from prior owner weekly workbook"
"2012-05-04","2012-05-10","5/4/2012","3 Movies","","","522","160","57","739","old_owner_weekly_import","I:\My Drive\Old Roxy Data\Roxy stats 011916.xlsx","Imported from prior owner weekly workbook"
"2012-05-04","2012-05-10","5/4/2012","Avengers","","","396","101","37","534","old_owner_weekly_import","I:\My Drive\Old Roxy Data\Roxy stats 011916.xlsx","Imported from prior owner weekly workbook"
"2012-05-04","2012-05-10","5/4/2012","Lorax","","","45","39","11","95","old_owner_weekly_import","I:\My Drive\Old Roxy Data\Roxy stats 011916.xlsx","Imported from prior owner weekly workbook"
"2012-05-04","2012-05-10","5/4/2012","Lucky One","","","81","20","9","110","old_owner_weekly_import","I:\My Drive\Old Roxy Data\Roxy stats 011916.xlsx","Imported from prior owner weekly workbook"
"2012-05-11","2012-05-17","5/11/2012","3 movies","","","337","119","25","481","old_owner_weekly_import","I:\My Drive\Old Roxy Data\Roxy stats 011916.xlsx","Imported from prior owner weekly workbook"
"2012-05-11","2012-05-17","5/11/2012","Avengers","","","197","74","25","296","old_owner_weekly_import","I:\My Drive\Old Roxy Data\Roxy stats 011916.xlsx","Imported from prior owner weekly workbook"
"2012-05-11","2012-05-17","5/11/2012","Dark Shadows","","","123","41","0","164","old_owner_weekly_import","I:\My Drive\Old Roxy Data\Roxy stats 011916.xlsx","Imported from prior owner weekly workbook"
"2012-05-11","2012-05-17","5/11/2012","The Raven","","","17","4","0","21","old_owner_weekly_import","I:\My Drive\Old Roxy Data\Roxy stats 011916.xlsx","Imported from prior owner weekly workbook"
"2012-05-18","2012-05-24","5/18/2012","3.5 movies","","","349","121","18","488","old_owner_weekly_import","I:\My Drive\Old Roxy Data\Roxy stats 011916.xlsx","Imported from prior owner weekly workbook"
"2012-05-18","2012-05-24","5/18/2012","Avengers","","","163","57","12","232","old_owner_weekly_import","I:\My Drive\Old Roxy Data\Roxy stats 011916.xlsx","Imported from prior owner weekly workbook"
"2012-05-18","2012-05-24","5/18/2012","Battleship","","","100","22","3","125","old_owner_weekly_import","I:\My Drive\Old Roxy Data\Roxy stats 011916.xlsx","Imported from prior owner weekly workbook"
"2012-05-18","2012-05-24","5/18/2012","Dark Shadows","","","79","24","3","106","old_owner_weekly_import","I:\My Drive\Old Roxy Data\Roxy stats 011916.xlsx","Imported from prior owner weekly workbook"
"2012-05-18","2012-05-24","5/18/2012","Salmon Fishing","","","7","18","0","25","old_owner_weekly_import","I:\My Drive\Old Roxy Data\Roxy stats 011916.xlsx","Imported from prior owner weekly workbook"
"2012-05-25","2012-05-31","5/25/2012","4 movies","","","357","114","6","477","old_owner_weekly_import","I:\My Drive\Old Roxy Data\Roxy stats 011916.xlsx","Imported from prior owner weekly workbook"
"2012-05-25","2012-05-31","5/25/2012","Battleship","","","77","30","3","110","old_owner_weekly_import","I:\My Drive\Old Roxy Data\Roxy stats 011916.xlsx","Imported from prior owner weekly workbook"
"2012-05-25","2012-05-31","5/25/2012","Dark Shadows","","","45","9","1","55","old_owner_weekly_import","I:\My Drive\Old Roxy Data\Roxy stats 011916.xlsx","Imported from prior owner weekly workbook"
"2012-05-25","2012-05-31","5/25/2012","Men in Black 3","","","214","55","1","270","old_owner_weekly_import","I:\My Drive\Old Roxy Data\Roxy stats 011916.xlsx","Imported from prior owner weekly workbook"
"2012-05-25","2012-05-31","5/25/2012","P Band Misfits","","","21","20","1","42","old_owner_weekly_import","I:\My Drive\Old Roxy Data\Roxy stats 011916.xlsx","Imported from prior owner weekly workbook"
"2012-06-01","2012-06-07","6/1/2012","3 movies","","","356","106","21","483","old_owner_weekly_import","I:\My Drive\Old Roxy Data\Roxy stats 011916.xlsx","Imported from prior owner weekly workbook"
"2012-06-01","2012-06-07","6/1/2012","Men in Black 3","","","104","37","8","149","old_owner_weekly_import","I:\My Drive\Old Roxy Data\Roxy stats 011916.xlsx","Imported from prior owner weekly workbook"
"2012-06-01","2012-06-07","6/1/2012","Snow White","","","206","63","9","278","old_owner_weekly_import","I:\My Drive\Old Roxy Data\Roxy stats 011916.xlsx","Imported from prior owner weekly workbook"
"2012-06-01","2012-06-07","6/1/2012","What to Expect When You're Expecting","","","46","6","4","56","old_owner_weekly_import","I:\My Drive\Old Roxy Data\Roxy stats 011916.xlsx","Imported from prior owner weekly workbook"
"2012-06-08","2012-06-14","6/8/2012","3 movies","","","406","181","42","629","old_owner_weekly_import","I:\My Drive\Old Roxy Data\Roxy stats 011916.xlsx","Imported from prior owner weekly workbook"
"2012-06-08","2012-06-14","6/8/2012","Madagascar 3","","","176","127","22","325","old_owner_weekly_import","I:\My Drive\Old Roxy Data\Roxy stats 011916.xlsx","Imported from prior owner weekly workbook"
"2012-06-08","2012-06-14","6/8/2012","Men in Black 3","","","69","30","13","112","old_owner_weekly_import","I:\My Drive\Old Roxy Data\Roxy stats 011916.xlsx","Imported from prior owner weekly workbook"
"2012-06-08","2012-06-14","6/8/2012","Snow White","","","161","24","7","192","old_owner_weekly_import","I:\My Drive\Old Roxy Data\Roxy stats 011916.xlsx","Imported from prior owner weekly workbook"
"2012-06-15","2012-06-21","6/15/2012","3 movies","","","274","197","30","497","old_owner_weekly_import","I:\My Drive\Old Roxy Data\Roxy stats 011916.xlsx","Imported from prior owner weekly workbook"
"2012-06-15","2012-06-21","6/15/2012","Best Exotic Marigold Hotel","","","54","74","8","136","old_owner_weekly_import","I:\My Drive\Old Roxy Data\Roxy stats 011916.xlsx","Imported from prior owner weekly workbook"
"2012-06-15","2012-06-21","6/15/2012","Madagascar 3","","","121","104","14","237","old_owner_weekly_import","I:\My Drive\Old Roxy Data\Roxy stats 011916.xlsx","Imported from prior owner weekly workbook"
"2012-06-15","2012-06-21","6/15/2012","Snow White","","","99","19","8","124","old_owner_weekly_import","I:\My Drive\Old Roxy Data\Roxy stats 011916.xlsx","Imported from prior owner weekly workbook"
"2012-06-22","2012-06-28","6/22/2012","3 movies","","","444","244","53","741","old_owner_weekly_import","I:\My Drive\Old Roxy Data\Roxy stats 011916.xlsx","Imported from prior owner weekly workbook"
"2012-06-22","2012-06-28","6/22/2012","Brave","","","296","177","45","518","old_owner_weekly_import","I:\My Drive\Old Roxy Data\Roxy stats 011916.xlsx","Imported from prior owner weekly workbook"
"2012-06-22","2012-06-28","6/22/2012","Madagascar 3","","","63","59","6","128","old_owner_weekly_import","I:\My Drive\Old Roxy Data\Roxy stats 011916.xlsx","Imported from prior owner weekly workbook"
"2012-06-22","2012-06-28","6/22/2012","Promethius","","","85","8","2","95","old_owner_weekly_import","I:\My Drive\Old Roxy Data\Roxy stats 011916.xlsx","Imported from prior owner weekly workbook"
"2012-06-29","2012-07-05","6/29/2012","3.5 movies","","","405","219","25","649","old_owner_weekly_import","I:\My Drive\Old Roxy Data\Roxy stats 011916.xlsx","Imported from prior owner weekly workbook"
"2012-06-29","2012-07-05","6/29/2012","A Spiderman","","","128","25","7","160","old_owner_weekly_import","I:\My Drive\Old Roxy Data\Roxy stats 011916.xlsx","Imported from prior owner weekly workbook"
"2012-06-29","2012-07-05","6/29/2012","Brave","","","208","133","17","358","old_owner_weekly_import","I:\My Drive\Old Roxy Data\Roxy stats 011916.xlsx","Imported from prior owner weekly workbook"
"2012-06-29","2012-07-05","6/29/2012","Madagascar 3","","","31","31","0","62","old_owner_weekly_import","I:\My Drive\Old Roxy Data\Roxy stats 011916.xlsx","Imported from prior owner weekly workbook"
"2012-06-29","2012-07-05","6/29/2012","People Like Us","","","38","30","1","69","old_owner_weekly_import","I:\My Drive\Old Roxy Data\Roxy stats 011916.xlsx","Imported from prior owner weekly workbook"
"2012-07-06","2012-07-12","7/6/2012","3 movies","","","341","151","24","516","old_owner_weekly_import","I:\My Drive\Old Roxy Data\Roxy stats 011916.xlsx","Imported from prior owner weekly workbook"
"2012-07-06","2012-07-12","7/6/2012","A Spiderman","","","195","53","7","255","old_owner_weekly_import","I:\My Drive\Old Roxy Data\Roxy stats 011916.xlsx","Imported from prior owner weekly workbook"
"2012-07-06","2012-07-12","7/6/2012","Brave","","","111","72","15","198","old_owner_weekly_import","I:\My Drive\Old Roxy Data\Roxy stats 011916.xlsx","Imported from prior owner weekly workbook"
"2012-07-06","2012-07-12","7/6/2012","People Like Us","","","35","26","2","63","old_owner_weekly_import","I:\My Drive\Old Roxy Data\Roxy stats 011916.xlsx","Imported from prior owner weekly workbook"
"2012-07-13","2012-07-19","7/13/2012","3 movies","","","343","251","17","611","old_owner_weekly_import","I:\My Drive\Old Roxy Data\Roxy stats 011916.xlsx","Imported from prior owner weekly workbook"
"2012-07-13","2012-07-19","7/13/2012","A Spiderman","","","85","28","1","114","old_owner_weekly_import","I:\My Drive\Old Roxy Data\Roxy stats 011916.xlsx","Imported from prior owner weekly workbook"
"2012-07-13","2012-07-19","7/13/2012","Brave","","","83","63","6","152","old_owner_weekly_import","I:\My Drive\Old Roxy Data\Roxy stats 011916.xlsx","Imported from prior owner weekly workbook"
"2012-07-13","2012-07-19","7/13/2012","Ice Age 4","","","175","160","10","345","old_owner_weekly_import","I:\My Drive\Old Roxy Data\Roxy stats 011916.xlsx","Imported from prior owner weekly workbook"
"2012-07-19","2012-07-25","7/19/2012","Dark Knight","","","333","56","97","486","old_owner_weekly_import","I:\My Drive\Old Roxy Data\Roxy stats 011916.xlsx","Imported from prior owner weekly workbook"
"2012-07-20","2012-07-26","7/20/2012","3 movies","","","502","191","107","800","old_owner_weekly_import","I:\My Drive\Old Roxy Data\Roxy stats 011916.xlsx","Imported from prior owner weekly workbook"
"2012-07-20","2012-07-26","7/20/2012","A Spiderman","","","45","19","2","66","old_owner_weekly_import","I:\My Drive\Old Roxy Data\Roxy stats 011916.xlsx","Imported from prior owner weekly workbook"
"2012-07-20","2012-07-26","7/20/2012","Ice Age 4","","","124","116","8","248","old_owner_weekly_import","I:\My Drive\Old Roxy Data\Roxy stats 011916.xlsx","Imported from prior owner weekly workbook"
"2012-07-27","2012-08-02","7/27/2012","3 movies","","","376","117","24","517","old_owner_weekly_import","I:\My Drive\Old Roxy Data\Roxy stats 011916.xlsx","Imported from prior owner weekly workbook"
"2012-07-27","2012-08-02","7/27/2012","Bully","","","111","3","3","117","old_owner_weekly_import","I:\My Drive\Old Roxy Data\Roxy stats 011916.xlsx","Imported from prior owner weekly workbook"
"2012-07-27","2012-08-02","7/27/2012","Dark Knight","","","181","29","5","215","old_owner_weekly_import","I:\My Drive\Old Roxy Data\Roxy stats 011916.xlsx","Imported from prior owner weekly workbook"
"2012-07-27","2012-08-02","7/27/2012","Ice Age 4","","","84","85","16","185","old_owner_weekly_import","I:\My Drive\Old Roxy Data\Roxy stats 011916.xlsx","Imported from prior owner weekly workbook"
"2012-08-03","2012-08-09","8/3/2012","3 movies","","","321","116","38","465","old_owner_weekly_import","I:\My Drive\Old Roxy Data\Roxy stats 011916.xlsx","Imported from prior owner weekly workbook"
"2012-08-03","2012-08-09","8/3/2012","Dark Knight","","","120","14","7","141","old_owner_weekly_import","I:\My Drive\Old Roxy Data\Roxy stats 011916.xlsx","Imported from prior owner weekly workbook"
"2012-08-03","2012-08-09","8/3/2012","Total Recall","","","125","18","4","147","old_owner_weekly_import","I:\My Drive\Old Roxy Data\Roxy stats 011916.xlsx","Imported from prior owner weekly workbook"
"2012-08-03","2012-08-09","8/3/2012","Wimpy Kid","","","76","84","27","177","old_owner_weekly_import","I:\My Drive\Old Roxy Data\Roxy stats 011916.xlsx","Imported from prior owner weekly workbook"
"2012-08-10","2012-08-16","8/10/2012","3 movies","","","180","77","27","284","old_owner_weekly_import","I:\My Drive\Old Roxy Data\Roxy stats 011916.xlsx","Imported from prior owner weekly workbook"
"2012-08-10","2012-08-16","8/10/2012","Avengers","","","62","10","8","80","old_owner_weekly_import","I:\My Drive\Old Roxy Data\Roxy stats 011916.xlsx","Imported from prior owner weekly workbook"
"2012-08-10","2012-08-16","8/10/2012","Total Recall","","","75","11","7","93","old_owner_weekly_import","I:\My Drive\Old Roxy Data\Roxy stats 011916.xlsx","Imported from prior owner weekly workbook"
"2012-08-10","2012-08-16","8/10/2012","Wimpy Kid","","","43","56","12","111","old_owner_weekly_import","I:\My Drive\Old Roxy Data\Roxy stats 011916.xlsx","Imported from prior owner weekly workbook"
"2012-08-17","2012-08-23","8/17/2012","3 movies","","","240","75","15","330","old_owner_weekly_import","I:\My Drive\Old Roxy Data\Roxy stats 011916.xlsx","Imported from prior owner weekly workbook"
"2012-08-17","2012-08-23","8/17/2012","Paranorman","","","107","51","7","165","old_owner_weekly_import","I:\My Drive\Old Roxy Data\Roxy stats 011916.xlsx","Imported from prior owner weekly workbook"
"2012-08-17","2012-08-23","8/17/2012","TED","","","61","7","0","68","old_owner_weekly_import","I:\My Drive\Old Roxy Data\Roxy stats 011916.xlsx","Imported from prior owner weekly workbook"
"2012-08-17","2012-08-23","8/17/2012","Total Recall","","","72","17","8","97","old_owner_weekly_import","I:\My Drive\Old Roxy Data\Roxy stats 011916.xlsx","Imported from prior owner weekly workbook"
"2012-08-24","2012-08-30","8/24/2012","3 movies","","","232","90","13","335","old_owner_weekly_import","I:\My Drive\Old Roxy Data\Roxy stats 011916.xlsx","Imported from prior owner weekly workbook"
"2012-08-24","2012-08-30","8/24/2012","Bourne Legacy","","","111","51","6","168","old_owner_weekly_import","I:\My Drive\Old Roxy Data\Roxy stats 011916.xlsx","Imported from prior owner weekly workbook"
"2012-08-24","2012-08-30","8/24/2012","Campaign","","","72","8","4","84","old_owner_weekly_import","I:\My Drive\Old Roxy Data\Roxy stats 011916.xlsx","Imported from prior owner weekly workbook"
"2012-08-24","2012-08-30","8/24/2012","Paranorman","","","49","31","3","83","old_owner_weekly_import","I:\My Drive\Old Roxy Data\Roxy stats 011916.xlsx","Imported from prior owner weekly workbook"
"2012-08-31","2012-09-06","8/31/2012","B Legacy","","","89","24","3","116","old_owner_weekly_import","I:\My Drive\Old Roxy Data\Roxy stats 011916.xlsx","Imported from prior owner weekly workbook"
"2012-08-31","2012-09-06","8/31/2012","Exp 2","","","120","21","5","146","old_owner_weekly_import","I:\My Drive\Old Roxy Data\Roxy stats 011916.xlsx","Imported from prior owner weekly workbook"
"2012-08-31","2012-09-06","8/31/2012","Hope Springs","","","91","71","5","167","old_owner_weekly_import","I:\My Drive\Old Roxy Data\Roxy stats 011916.xlsx","Imported from prior owner weekly workbook"
"2012-09-07","2012-09-13","9/7/2012","Exp 2","","","55","16","7","78","old_owner_weekly_import","I:\My Drive\Old Roxy Data\Roxy stats 011916.xlsx","Imported from prior owner weekly workbook"
"2012-09-07","2012-09-13","9/7/2012","Hope Springs","","","53","20","3","76","old_owner_weekly_import","I:\My Drive\Old Roxy Data\Roxy stats 011916.xlsx","Imported from prior owner weekly workbook"
"2012-09-07","2012-09-13","9/7/2012","Obama","","","108","91","44","243","old_owner_weekly_import","I:\My Drive\Old Roxy Data\Roxy stats 011916.xlsx","Imported from prior owner weekly workbook"
"2012-09-14","2012-09-20","9/14/2012","Lawless","","","57","16","6","79","old_owner_weekly_import","I:\My Drive\Old Roxy Data\Roxy stats 011916.xlsx","Imported from prior owner weekly workbook"
"2012-09-14","2012-09-20","9/14/2012","Obama","","","60","48","0","108","old_owner_weekly_import","I:\My Drive\Old Roxy Data\Roxy stats 011916.xlsx","Imported from prior owner weekly workbook"
"2012-09-14","2012-09-20","9/14/2012","Posession","","","60","5","0","65","old_owner_weekly_import","I:\My Drive\Old Roxy Data\Roxy stats 011916.xlsx","Imported from prior owner weekly workbook"
"2012-09-21","2012-09-27","9/21/2012","Lawless","","","24","4","2","30","old_owner_weekly_import","I:\My Drive\Old Roxy Data\Roxy stats 011916.xlsx","Imported from prior owner weekly workbook"
"2012-09-21","2012-09-27","9/21/2012","P Rush","","","72","12","1","83","old_owner_weekly_import","I:\My Drive\Old Roxy Data\Roxy stats 011916.xlsx","Imported from prior owner weekly workbook"
"2012-09-21","2012-09-27","9/21/2012","Timothy Green","","","72","54","7","133","old_owner_weekly_import","I:\My Drive\Old Roxy Data\Roxy stats 011916.xlsx","Imported from prior owner weekly workbook"
"2012-09-28","2012-10-04","9/28/2012","P Rush","","","33","6","0","39","old_owner_weekly_import","I:\My Drive\Old Roxy Data\Roxy stats 011916.xlsx","Imported from prior owner weekly workbook"
"2012-09-28","2012-10-04","9/28/2012","R Evil","","","57","7","2","66","old_owner_weekly_import","I:\My Drive\Old Roxy Data\Roxy stats 011916.xlsx","Imported from prior owner weekly workbook"
"2012-09-28","2012-10-04","9/28/2012","Timothy Green","","","42","22","2","66","old_owner_weekly_import","I:\My Drive\Old Roxy Data\Roxy stats 011916.xlsx","Imported from prior owner weekly workbook"
"2012-10-05","2012-10-11","10/5/2012","Pitch Perfect","","","65","7","5","77","old_owner_weekly_import","I:\My Drive\Old Roxy Data\Roxy stats 011916.xlsx","Imported from prior owner weekly workbook"
"2012-10-05","2012-10-11","10/5/2012","Sfty Nt Grntd","","","17","1","2","20","old_owner_weekly_import","I:\My Drive\Old Roxy Data\Roxy stats 011916.xlsx","Imported from prior owner weekly workbook"
"2012-10-05","2012-10-11","10/5/2012","Taken 2","","","126","18","14","158","old_owner_weekly_import","I:\My Drive\Old Roxy Data\Roxy stats 011916.xlsx","Imported from prior owner weekly workbook"
"2012-10-12","2012-10-18","10/12/2012","H Cms Boom","","","67","18","10","95","old_owner_weekly_import","I:\My Drive\Old Roxy Data\Roxy stats 011916.xlsx","Imported from prior owner weekly workbook"
"2012-10-12","2012-10-18","10/12/2012","Pitch Perfect","","","49","5","2","56","old_owner_weekly_import","I:\My Drive\Old Roxy Data\Roxy stats 011916.xlsx","Imported from prior owner weekly workbook"
"2012-10-12","2012-10-18","10/12/2012","Taken 2","","","85","13","4","102","old_owner_weekly_import","I:\My Drive\Old Roxy Data\Roxy stats 011916.xlsx","Imported from prior owner weekly workbook"
"2012-10-19","2012-10-25","10/19/2012","H Cms Boom","","","52","18","5","75","old_owner_weekly_import","I:\My Drive\Old Roxy Data\Roxy stats 011916.xlsx","Imported from prior owner weekly workbook"
"2012-10-19","2012-10-25","10/19/2012","H Trnsylvnia","","","105","78","16","199","old_owner_weekly_import","I:\My Drive\Old Roxy Data\Roxy stats 011916.xlsx","Imported from prior owner weekly workbook"
"2012-10-19","2012-10-25","10/19/2012","Taken 2","","","42","10","0","52","old_owner_weekly_import","I:\My Drive\Old Roxy Data\Roxy stats 011916.xlsx","Imported from prior owner weekly workbook"
"2012-10-26","2012-11-01","10/26/2012","FrankeWnie","","","12","4","4","20","old_owner_weekly_import","I:\My Drive\Old Roxy Data\Roxy stats 011916.xlsx","Imported from prior owner weekly workbook"
"2012-10-26","2012-11-01","10/26/2012","H Trasylvania","","","84","50","9","143","old_owner_weekly_import","I:\My Drive\Old Roxy Data\Roxy stats 011916.xlsx","Imported from prior owner weekly workbook"
"2012-10-26","2012-11-01","10/26/2012","Trbl Curve","","","58","48","13","119","old_owner_weekly_import","I:\My Drive\Old Roxy Data\Roxy stats 011916.xlsx","Imported from prior owner weekly workbook"
"2012-11-02","2012-11-08","11/2/2012","Alex Cross","","","44","13","2","59","old_owner_weekly_import","I:\My Drive\Old Roxy Data\Roxy stats 011916.xlsx","Imported from prior owner weekly workbook"
"2012-11-02","2012-11-08","11/2/2012","Looper","","","25","8","4","35","old_owner_weekly_import","I:\My Drive\Old Roxy Data\Roxy stats 011916.xlsx","Imported from prior owner weekly workbook"
"2012-11-02","2012-11-08","11/2/2012","Wreck Ralph","","","133","104","25","262","old_owner_weekly_import","I:\My Drive\Old Roxy Data\Roxy stats 011916.xlsx","Imported from prior owner weekly workbook"
"2012-11-09","2012-11-15","11/9/2012","ARGO","","","57","34","9","100","old_owner_weekly_import","I:\My Drive\Old Roxy Data\Roxy stats 011916.xlsx","Imported from prior owner weekly workbook"
"2012-11-09","2012-11-15","11/9/2012","The Words","","","6","2","2","6","old_owner_weekly_import","I:\My Drive\Old Roxy Data\Roxy stats 011916.xlsx","Imported from prior owner weekly workbook"
"2012-11-09","2012-11-15","11/9/2012","Wreck Ralph","","","97","65","24","186","old_owner_weekly_import","I:\My Drive\Old Roxy Data\Roxy stats 011916.xlsx","Imported from prior owner weekly workbook"
"2012-11-16","2012-11-22","11/16/2012","Argo","","","12","6","7","25","old_owner_weekly_import","I:\My Drive\Old Roxy Data\Roxy stats 011916.xlsx","Imported from prior owner weekly workbook"
"2012-11-16","2012-11-22","11/16/2012","Bdawn 2","","","458","59","191","708","old_owner_weekly_import","I:\My Drive\Old Roxy Data\Roxy stats 011916.xlsx","Imported from prior owner weekly workbook"
"2012-11-16","2012-11-22","11/16/2012","Wreck Ralph","","","62","43","1","106","old_owner_weekly_import","I:\My Drive\Old Roxy Data\Roxy stats 011916.xlsx","Imported from prior owner weekly workbook"
"2012-11-23","2012-11-29","11/23/2012","B Dawn 2","","","191","27","16","234","old_owner_weekly_import","I:\My Drive\Old Roxy Data\Roxy stats 011916.xlsx","Imported from prior owner weekly workbook"
"2012-11-23","2012-11-29","11/23/2012","Rise Grdns","","","98","48","24","170","old_owner_weekly_import","I:\My Drive\Old Roxy Data\Roxy stats 011916.xlsx","Imported from prior owner weekly workbook"
"2012-11-23","2012-11-29","11/23/2012","Wreck Ralph","","","38","33","18","89","old_owner_weekly_import","I:\My Drive\Old Roxy Data\Roxy stats 011916.xlsx","Imported from prior owner weekly workbook"
"2012-11-30","2012-12-06","11/30/2012","Bdawn 2","","","100","9","0","109","old_owner_weekly_import","I:\My Drive\Old Roxy Data\Roxy stats 011916.xlsx","Imported from prior owner weekly workbook"
"2012-11-30","2012-12-06","11/30/2012","Life PI","","","29","26","2","57","old_owner_weekly_import","I:\My Drive\Old Roxy Data\Roxy stats 011916.xlsx","Imported from prior owner weekly workbook"
"2012-11-30","2012-12-06","11/30/2012","Rise Grdns","","","78","27","4","109","old_owner_weekly_import","I:\My Drive\Old Roxy Data\Roxy stats 011916.xlsx","Imported from prior owner weekly workbook"
"2012-12-07","2012-12-13","12/7/2012","Play Keeps","","","14","4","5","23","old_owner_weekly_import","I:\My Drive\Old Roxy Data\Roxy stats 011916.xlsx","Imported from prior owner weekly workbook"
"2012-12-07","2012-12-13","12/7/2012","Red Dawn","","","67","7","4","78","old_owner_weekly_import","I:\My Drive\Old Roxy Data\Roxy stats 011916.xlsx","Imported from prior owner weekly workbook"
"2012-12-07","2012-12-13","12/7/2012","SkyFall","","","93","39","7","139","old_owner_weekly_import","I:\My Drive\Old Roxy Data\Roxy stats 011916.xlsx","Imported from prior owner weekly workbook"
"2012-12-14","2012-12-20","12/14/2012","Hobbit","","","221","51","52","324","old_owner_weekly_import","I:\My Drive\Old Roxy Data\Roxy stats 011916.xlsx","Imported from prior owner weekly workbook"
"2012-12-14","2012-12-20","12/14/2012","Play Keeps","","","39","5","4","48","old_owner_weekly_import","I:\My Drive\Old Roxy Data\Roxy stats 011916.xlsx","Imported from prior owner weekly workbook"
"2012-12-14","2012-12-20","12/14/2012","SkyFall","","","40","11","6","57","old_owner_weekly_import","I:\My Drive\Old Roxy Data\Roxy stats 011916.xlsx","Imported from prior owner weekly workbook"
"2012-12-21","2012-12-27","12/21/2012","Hobbit","","","197","45","30","272","old_owner_weekly_import","I:\My Drive\Old Roxy Data\Roxy stats 011916.xlsx","Imported from prior owner weekly workbook"
"2012-12-21","2012-12-27","12/21/2012","Jack Rcher","","","79","21","2","102","old_owner_weekly_import","I:\My Drive\Old Roxy Data\Roxy stats 011916.xlsx","Imported from prior owner weekly workbook"
"2012-12-21","2012-12-27","12/21/2012","P Guidance","","","42","10","13","65","old_owner_weekly_import","I:\My Drive\Old Roxy Data\Roxy stats 011916.xlsx","Imported from prior owner weekly workbook"
"2012-12-21","2012-12-27","12/21/2012","SkyFall","","","77","25","13","114","old_owner_weekly_import","I:\My Drive\Old Roxy Data\Roxy stats 011916.xlsx","Imported from prior owner weekly workbook"
"2012-12-28","2013-01-03","12/28/2012","Hobbit","","","142","34","30","206","old_owner_weekly_import","I:\My Drive\Old Roxy Data\Roxy stats 011916.xlsx","Imported from prior owner weekly workbook"
"2012-12-28","2013-01-03","12/28/2012","Jack Rcher","","","76","25","16","117","old_owner_weekly_import","I:\My Drive\Old Roxy Data\Roxy stats 011916.xlsx","Imported from prior owner weekly workbook"
"2012-12-28","2013-01-03","12/28/2012","P Guidance","","","92","48","12","152","old_owner_weekly_import","I:\My Drive\Old Roxy Data\Roxy stats 011916.xlsx","Imported from prior owner weekly workbook"
"2013-01-04","2013-01-10","1/4/2013","Hobbit","","","90","17","10","117","old_owner_weekly_import","I:\My Drive\Old Roxy Data\Roxy stats 011916.xlsx","Imported from prior owner weekly workbook"
"2013-01-04","2013-01-10","1/4/2013","P Guidance","","","72","24","3","99","old_owner_weekly_import","I:\My Drive\Old Roxy Data\Roxy stats 011916.xlsx","Imported from prior owner weekly workbook"
"2013-01-04","2013-01-10","1/4/2013","P Land","","","44","27","0","71","old_owner_weekly_import","I:\My Drive\Old Roxy Data\Roxy stats 011916.xlsx","Imported from prior owner weekly workbook"
"2013-01-11","2013-01-17","1/11/2013","Flight","","","54","11","12","77","old_owner_weekly_import","I:\My Drive\Old Roxy Data\Roxy stats 011916.xlsx","Imported from prior owner weekly workbook"
"2013-01-11","2013-01-17","1/11/2013","Les Mis","","","118","30","18","166","old_owner_weekly_import","I:\My Drive\Old Roxy Data\Roxy stats 011916.xlsx","Imported from prior owner weekly workbook"
"2013-01-11","2013-01-17","1/11/2013","P Land","","","19","7","5","31","old_owner_weekly_import","I:\My Drive\Old Roxy Data\Roxy stats 011916.xlsx","Imported from prior owner weekly workbook"
"2013-01-18","2013-01-24","1/18/2013","C Du Soleil","","","41","4","5","50","old_owner_weekly_import","I:\My Drive\Old Roxy Data\Roxy stats 011916.xlsx","Imported from prior owner weekly workbook"
"2013-01-18","2013-01-24","1/18/2013","Les Mis","","","35","16","5","56","old_owner_weekly_import","I:\My Drive\Old Roxy Data\Roxy stats 011916.xlsx","Imported from prior owner weekly workbook"
"2013-01-18","2013-01-24","1/18/2013","Lincoln","","","134","86","22","242","old_owner_weekly_import","I:\My Drive\Old Roxy Data\Roxy stats 011916.xlsx","Imported from prior owner weekly workbook"
"2013-01-25","2013-01-31","1/25/2013","Django","","","36","11","2","49","old_owner_weekly_import","I:\My Drive\Old Roxy Data\Roxy stats 011916.xlsx","Imported from prior owner weekly workbook"
"2013-01-25","2013-01-31","1/25/2013","Lincoln","","","44","42","22","108","old_owner_weekly_import","I:\My Drive\Old Roxy Data\Roxy stats 011916.xlsx","Imported from prior owner weekly workbook"
"2013-01-25","2013-01-31","1/25/2013","Silver Linings","","","60","16","10","86","old_owner_weekly_import","I:\My Drive\Old Roxy Data\Roxy stats 011916.xlsx","Imported from prior owner weekly workbook"
"2013-02-01","2013-02-07","2/1/2013","0 Dark 30","","","40","28","2","70","old_owner_weekly_import","I:\My Drive\Old Roxy Data\Roxy stats 011916.xlsx","Imported from prior owner weekly workbook"
"2013-02-01","2013-02-07","2/1/2013","G Squad","","","32","6","4","42","old_owner_weekly_import","I:\My Drive\Old Roxy Data\Roxy stats 011916.xlsx","Imported from prior owner weekly workbook"
"2013-02-01","2013-02-07","2/1/2013","Last Stand","","","13","13","5","31","old_owner_weekly_import","I:\My Drive\Old Roxy Data\Roxy stats 011916.xlsx","Imported from prior owner weekly workbook"
"2013-02-08","2013-02-14","2/8/2013","0 Dark 30","","","50","6","12","66","old_owner_weekly_import","I:\My Drive\Old Roxy Data\Roxy stats 011916.xlsx","Imported from prior owner weekly workbook"
"2013-02-08","2013-02-14","2/8/2013","G Trip","","","60","22","12","94","old_owner_weekly_import","I:\My Drive\Old Roxy Data\Roxy stats 011916.xlsx","Imported from prior owner weekly workbook"
"2013-02-08","2013-02-14","2/8/2013","Parker","","","66","6","9","81","old_owner_weekly_import","I:\My Drive\Old Roxy Data\Roxy stats 011916.xlsx","Imported from prior owner weekly workbook"
"2013-02-15","2013-02-21","2/15/2013","Die Hard","","","158","35","15","208","old_owner_weekly_import","I:\My Drive\Old Roxy Data\Roxy stats 011916.xlsx","Imported from prior owner weekly workbook"
"2013-02-15","2013-02-21","2/15/2013","P Earth","","","47","51","8","106","old_owner_weekly_import","I:\My Drive\Old Roxy Data\Roxy stats 011916.xlsx","Imported from prior owner weekly workbook"
"2013-02-15","2013-02-21","2/15/2013","Safe Haven","","","145","44","25","214","old_owner_weekly_import","I:\My Drive\Old Roxy Data\Roxy stats 011916.xlsx","Imported from prior owner weekly workbook"
"2013-02-22","2013-02-28","2/22/2013","Die Hard","","","32","9","5","46","old_owner_weekly_import","I:\My Drive\Old Roxy Data\Roxy stats 011916.xlsx","Imported from prior owner weekly workbook"
"2013-02-22","2013-02-28","2/22/2013","P Earth","","","57","41","6","104","old_owner_weekly_import","I:\My Drive\Old Roxy Data\Roxy stats 011916.xlsx","Imported from prior owner weekly workbook"
"2013-02-22","2013-02-28","2/22/2013","Safe Haven","","","68","14","14","96","old_owner_weekly_import","I:\My Drive\Old Roxy Data\Roxy stats 011916.xlsx","Imported from prior owner weekly workbook"
"2013-03-01","2013-03-07","3/1/2013","I Thief","","","118","26","16","160","old_owner_weekly_import","I:\My Drive\Old Roxy Data\Roxy stats 011916.xlsx","Imported from prior owner weekly workbook"
"2013-03-01","2013-03-07","3/1/2013","Jack GS","","","109","49","4","162","old_owner_weekly_import","I:\My Drive\Old Roxy Data\Roxy stats 011916.xlsx","Imported from prior owner weekly workbook"
"2013-03-01","2013-03-07","3/1/2013","P Earth","","","28","27","2","55","old_owner_weekly_import","I:\My Drive\Old Roxy Data\Roxy stats 011916.xlsx","Imported from prior owner weekly workbook"
"2013-03-08","2013-03-14","3/8/2013","I Thief","","","49","15","11","73","old_owner_weekly_import","I:\My Drive\Old Roxy Data\Roxy stats 011916.xlsx","Imported from prior owner weekly workbook"
"2013-03-08","2013-03-14","3/8/2013","Jack GS","","","82","18","7","105","old_owner_weekly_import","I:\My Drive\Old Roxy Data\Roxy stats 011916.xlsx","Imported from prior owner weekly workbook"
"2013-03-08","2013-03-14","3/8/2013","OZ","","","146","59","24","229","old_owner_weekly_import","I:\My Drive\Old Roxy Data\Roxy stats 011916.xlsx","Imported from prior owner weekly workbook"
"2013-03-15","2013-03-21","3/15/2013","Burt Wndrstne","","","56","10","0","66","old_owner_weekly_import","I:\My Drive\Old Roxy Data\Roxy stats 011916.xlsx","Imported from prior owner weekly workbook"
"2013-03-15","2013-03-21","3/15/2013","Jack GS","","","46","22","4","72","old_owner_weekly_import","I:\My Drive\Old Roxy Data\Roxy stats 011916.xlsx","Imported from prior owner weekly workbook"
"2013-03-15","2013-03-21","3/15/2013","OZ","","","90","40","2","132","old_owner_weekly_import","I:\My Drive\Old Roxy Data\Roxy stats 011916.xlsx","Imported from prior owner weekly workbook"
"2013-03-22","2013-03-28","3/22/2013","Burt Wndrstne","","","45","3","0","48","old_owner_weekly_import","I:\My Drive\Old Roxy Data\Roxy stats 011916.xlsx","Imported from prior owner weekly workbook"
"2013-03-22","2013-03-28","3/22/2013","Croods","","","143","103","19","265","old_owner_weekly_import","I:\My Drive\Old Roxy Data\Roxy stats 011916.xlsx","Imported from prior owner weekly workbook"
"2013-03-22","2013-03-28","3/22/2013","OZ","","","75","14","3","92","old_owner_weekly_import","I:\My Drive\Old Roxy Data\Roxy stats 011916.xlsx","Imported from prior owner weekly workbook"
"2013-03-29","2013-04-04","3/29/2013","Croods","","","109","71","26","206","old_owner_weekly_import","I:\My Drive\Old Roxy Data\Roxy stats 011916.xlsx","Imported from prior owner weekly workbook"
"2013-03-29","2013-04-04","3/29/2013","GI JOE","","","115","21","9","145","old_owner_weekly_import","I:\My Drive\Old Roxy Data\Roxy stats 011916.xlsx","Imported from prior owner weekly workbook"
"2013-03-29","2013-04-04","3/29/2013","Host","","","59","6","0","65","old_owner_weekly_import","I:\My Drive\Old Roxy Data\Roxy stats 011916.xlsx","Imported from prior owner weekly workbook"
"2013-04-05","2013-04-11","4/5/2013","Call","","","30","6","0","36","old_owner_weekly_import","I:\My Drive\Old Roxy Data\Roxy stats 011916.xlsx","Imported from prior owner weekly workbook"
"2013-04-05","2013-04-11","4/5/2013","GI JOE","","","80","24","13","117","old_owner_weekly_import","I:\My Drive\Old Roxy Data\Roxy stats 011916.xlsx","Imported from prior owner weekly workbook"
"2013-04-05","2013-04-11","4/5/2013","Host","","","23","10","6","39","old_owner_weekly_import","I:\My Drive\Old Roxy Data\Roxy stats 011916.xlsx","Imported from prior owner weekly workbook"
"2013-04-12","2013-04-18","4/12/2013","Admission","","","40","8","9","57","old_owner_weekly_import","I:\My Drive\Old Roxy Data\Roxy stats 011916.xlsx","Imported from prior owner weekly workbook"
"2013-04-12","2013-04-18","4/12/2013","GI JOE","","","53","18","27","98","old_owner_weekly_import","I:\My Drive\Old Roxy Data\Roxy stats 011916.xlsx","Imported from prior owner weekly workbook"
"2013-04-12","2013-04-18","4/12/2013","O Fallen","","","86","26","5","117","old_owner_weekly_import","I:\My Drive\Old Roxy Data\Roxy stats 011916.xlsx","Imported from prior owner weekly workbook"
"2013-04-19","2013-04-25","4/19/2013","42","","","46","30","2","78","old_owner_weekly_import","I:\My Drive\Old Roxy Data\Roxy stats 011916.xlsx","Imported from prior owner weekly workbook"
"2013-04-19","2013-04-25","4/19/2013","O Fallen","","","31","13","3","47","old_owner_weekly_import","I:\My Drive\Old Roxy Data\Roxy stats 011916.xlsx","Imported from prior owner weekly workbook"
"2013-04-19","2013-04-25","4/19/2013","Oblivion","","","120","35","0","155","old_owner_weekly_import","I:\My Drive\Old Roxy Data\Roxy stats 011916.xlsx","Imported from prior owner weekly workbook"
"2013-04-26","2013-05-02","4/26/2013","42","","","41","38","5","84","old_owner_weekly_import","I:\My Drive\Old Roxy Data\Roxy stats 011916.xlsx","Imported from prior owner weekly workbook"
"2013-04-26","2013-05-02","4/26/2013","Oblivion","","","59","23","6","88","old_owner_weekly_import","I:\My Drive\Old Roxy Data\Roxy stats 011916.xlsx","Imported from prior owner weekly workbook"
"2013-04-26","2013-05-02","4/26/2013","S Movie 5","","","11","0","3","14","old_owner_weekly_import","I:\My Drive\Old Roxy Data\Roxy stats 011916.xlsx","Imported from prior owner weekly workbook"
"2013-05-03","2013-05-09","5/3/2013","Iron Man 3","","","259","81","26","366","old_owner_weekly_import","I:\My Drive\Old Roxy Data\Roxy stats 011916.xlsx","Imported from prior owner weekly workbook"
"2013-05-03","2013-05-09","5/3/2013","Oblivion","","","26","7","2","35","old_owner_weekly_import","I:\My Drive\Old Roxy Data\Roxy stats 011916.xlsx","Imported from prior owner weekly workbook"
"2013-05-03","2013-05-09","5/3/2013","Snitch","","","3","7","1","11","old_owner_weekly_import","I:\My Drive\Old Roxy Data\Roxy stats 011916.xlsx","Imported from prior owner weekly workbook"
"2013-05-10","2013-05-16","5/10/2013","G Gatsby","","","68","40","16","124","old_owner_weekly_import","I:\My Drive\Old Roxy Data\Roxy stats 011916.xlsx","Imported from prior owner weekly workbook"
"2013-05-10","2013-05-16","5/10/2013","Iron Man 3","","","160","44","11","215","old_owner_weekly_import","I:\My Drive\Old Roxy Data\Roxy stats 011916.xlsx","Imported from prior owner weekly workbook"
"2013-05-10","2013-05-16","5/10/2013","Oblivion","","","29","9","2","40","old_owner_weekly_import","I:\My Drive\Old Roxy Data\Roxy stats 011916.xlsx","Imported from prior owner weekly workbook"
"2013-05-17","2013-05-23","5/17/2013","G Gatsby","","","57","44","2","103","old_owner_weekly_import","I:\My Drive\Old Roxy Data\Roxy stats 011916.xlsx","Imported from prior owner weekly workbook"
"2013-05-17","2013-05-23","5/17/2013","Iron Man 3","","","113","33","0","146","old_owner_weekly_import","I:\My Drive\Old Roxy Data\Roxy stats 011916.xlsx","Imported from prior owner weekly workbook"
"2013-05-17","2013-05-23","5/17/2013","Star Trek","","","210","46","31","287","old_owner_weekly_import","I:\My Drive\Old Roxy Data\Roxy stats 011916.xlsx","Imported from prior owner weekly workbook"
"2013-05-24","2013-05-30","5/24/2013","Epic","","","154","126","19","299","old_owner_weekly_import","I:\My Drive\Old Roxy Data\Roxy stats 011916.xlsx","Imported from prior owner weekly workbook"
"2013-05-24","2013-05-30","5/24/2013","F Furious 6","","","198","35","29","262","old_owner_weekly_import","I:\My Drive\Old Roxy Data\Roxy stats 011916.xlsx","Imported from prior owner weekly workbook"
"2013-05-24","2013-05-30","5/24/2013","Star Trek","","","140","51","13","204","old_owner_weekly_import","I:\My Drive\Old Roxy Data\Roxy stats 011916.xlsx","Imported from prior owner weekly workbook"
"2013-05-31","2013-06-06","5/31/2013","Epic","","","78","58","29","165","old_owner_weekly_import","I:\My Drive\Old Roxy Data\Roxy stats 011916.xlsx","Imported from prior owner weekly workbook"
"2013-05-31","2013-06-06","5/31/2013","F Furious 6","","","137","29","5","171","old_owner_weekly_import","I:\My Drive\Old Roxy Data\Roxy stats 011916.xlsx","Imported from prior owner weekly workbook"
"2013-05-31","2013-06-06","5/31/2013","Star Trek","","","64","18","2","84","old_owner_weekly_import","I:\My Drive\Old Roxy Data\Roxy stats 011916.xlsx","Imported from prior owner weekly workbook"
"2013-06-07","2013-06-13","6/7/2013","Epic","","","68","40","7","115","old_owner_weekly_import","I:\My Drive\Old Roxy Data\Roxy stats 011916.xlsx","Imported from prior owner weekly workbook"
"2013-06-07","2013-06-13","6/7/2013","F Furious 6","","","56","13","6","75","old_owner_weekly_import","I:\My Drive\Old Roxy Data\Roxy stats 011916.xlsx","Imported from prior owner weekly workbook"
"2013-06-07","2013-06-13","6/7/2013","Internship","","","77","18","1","96","old_owner_weekly_import","I:\My Drive\Old Roxy Data\Roxy stats 011916.xlsx","Imported from prior owner weekly workbook"
"2013-06-14","2013-06-20","6/14/2013","After Earth","","","70","25","4","99","old_owner_weekly_import","I:\My Drive\Old Roxy Data\Roxy stats 011916.xlsx","Imported from prior owner weekly workbook"
"2013-06-14","2013-06-20","6/14/2013","Internship","","","36","8","0","44","old_owner_weekly_import","I:\My Drive\Old Roxy Data\Roxy stats 011916.xlsx","Imported from prior owner weekly workbook"
"2013-06-14","2013-06-20","6/14/2013","Man of Steal","","","244","70","41","355","old_owner_weekly_import","I:\My Drive\Old Roxy Data\Roxy stats 011916.xlsx","Imported from prior owner weekly workbook"
"2013-06-21","2013-06-27","6/21/2013","Man of Steal","","","93","30","7","130","old_owner_weekly_import","I:\My Drive\Old Roxy Data\Roxy stats 011916.xlsx","Imported from prior owner weekly workbook"
"2013-06-21","2013-06-27","6/21/2013","Monsters U","","","210","147","22","379","old_owner_weekly_import","I:\My Drive\Old Roxy Data\Roxy stats 011916.xlsx","Imported from prior owner weekly workbook"
"2013-06-21","2013-06-27","6/21/2013","WWZ","","","211","67","11","289","old_owner_weekly_import","I:\My Drive\Old Roxy Data\Roxy stats 011916.xlsx","Imported from prior owner weekly workbook"
"2013-06-28","2013-07-04","6/28/2013","Man of Steel","","","67","9","2","78","old_owner_weekly_import","I:\My Drive\Old Roxy Data\Roxy stats 011916.xlsx","Imported from prior owner weekly workbook"
"2013-06-28","2013-07-04","6/28/2013","Monsters U","","","143","91","9","243","old_owner_weekly_import","I:\My Drive\Old Roxy Data\Roxy stats 011916.xlsx","Imported from prior owner weekly workbook"
"2013-06-28","2013-07-04","6/28/2013","WWZ","","","121","17","2","140","old_owner_weekly_import","I:\My Drive\Old Roxy Data\Roxy stats 011916.xlsx","Imported from prior owner weekly workbook"
"2013-07-05","2013-07-11","7/5/2013","D Me 2","","","369","253","62","684","old_owner_weekly_import","I:\My Drive\Old Roxy Data\Roxy stats 011916.xlsx","Imported from prior owner weekly workbook"
"2013-07-05","2013-07-11","7/5/2013","L Ranger","","","228","102","36","366","old_owner_weekly_import","I:\My Drive\Old Roxy Data\Roxy stats 011916.xlsx","Imported from prior owner weekly workbook"
"2013-07-05","2013-07-11","7/5/2013","N See Me","","","114","35","4","153","old_owner_weekly_import","I:\My Drive\Old Roxy Data\Roxy stats 011916.xlsx","Imported from prior owner weekly workbook"
"2013-07-12","2013-07-18","7/12/2013","D Me 2","","","181","120","19","320","old_owner_weekly_import","I:\My Drive\Old Roxy Data\Roxy stats 011916.xlsx","Imported from prior owner weekly workbook"
"2013-07-12","2013-07-18","7/12/2013","L Ranger","","","86","49","4","139","old_owner_weekly_import","I:\My Drive\Old Roxy Data\Roxy stats 011916.xlsx","Imported from prior owner weekly workbook"
"2013-07-12","2013-07-18","7/12/2013","P Rim","","","114","19","0","133","old_owner_weekly_import","I:\My Drive\Old Roxy Data\Roxy stats 011916.xlsx","Imported from prior owner weekly workbook"
"2013-07-19","2013-07-25","7/19/2013","D Me 2","","","123","68","12","203","old_owner_weekly_import","I:\My Drive\Old Roxy Data\Roxy stats 011916.xlsx","Imported from prior owner weekly workbook"
"2013-07-19","2013-07-25","7/19/2013","P Rim","","","84","29","6","119","old_owner_weekly_import","I:\My Drive\Old Roxy Data\Roxy stats 011916.xlsx","Imported from prior owner weekly workbook"
"2013-07-19","2013-07-25","7/19/2013","Turbo","","","61","55","13","129","old_owner_weekly_import","I:\My Drive\Old Roxy Data\Roxy stats 011916.xlsx","Imported from prior owner weekly workbook"
"2013-07-26","2013-08-01","7/26/2013","Heat","","","149","53","10","212","old_owner_weekly_import","I:\My Drive\Old Roxy Data\Roxy stats 011916.xlsx","Imported from prior owner weekly workbook"
"2013-07-26","2013-08-01","7/26/2013","Turbo","","","50","43","15","108","old_owner_weekly_import","I:\My Drive\Old Roxy Data\Roxy stats 011916.xlsx","Imported from prior owner weekly workbook"
"2013-07-26","2013-08-01","7/26/2013","Wolverine","","","139","28","15","182","old_owner_weekly_import","I:\My Drive\Old Roxy Data\Roxy stats 011916.xlsx","Imported from prior owner weekly workbook"
"2013-08-02","2013-08-08","8/2/2013","HEAT","","","191","43","4","238","old_owner_weekly_import","I:\My Drive\Old Roxy Data\Roxy stats 011916.xlsx","Imported from prior owner weekly workbook"
"2013-08-02","2013-08-08","8/2/2013","Smurfs 2","","","66","70","5","141","old_owner_weekly_import","I:\My Drive\Old Roxy Data\Roxy stats 011916.xlsx","Imported from prior owner weekly workbook"
"2013-08-02","2013-08-08","8/2/2013","Wolverine","","","120","21","11","152","old_owner_weekly_import","I:\My Drive\Old Roxy Data\Roxy stats 011916.xlsx","Imported from prior owner weekly workbook"
"2013-08-09","2013-08-15","8/9/2013","Elysium","","","140","30","10","180","old_owner_weekly_import","I:\My Drive\Old Roxy Data\Roxy stats 011916.xlsx","Imported from prior owner weekly workbook"
"2013-08-09","2013-08-15","8/9/2013","Planes","","","90","80","6","176","old_owner_weekly_import","I:\My Drive\Old Roxy Data\Roxy stats 011916.xlsx","Imported from prior owner weekly workbook"
"2013-08-09","2013-08-15","8/9/2013","Smurfs 2","","","20","16","3","39","old_owner_weekly_import","I:\My Drive\Old Roxy Data\Roxy stats 011916.xlsx","Imported from prior owner weekly workbook"
"2013-08-16","2013-08-22","8/16/2013","Elysium","","","75","22","19","116","old_owner_weekly_import","I:\My Drive\Old Roxy Data\Roxy stats 011916.xlsx","Imported from prior owner weekly workbook"
"2013-08-16","2013-08-22","8/16/2013","Paranoia","","","28","7","9","44","old_owner_weekly_import","I:\My Drive\Old Roxy Data\Roxy stats 011916.xlsx","Imported from prior owner weekly workbook"
"2013-08-16","2013-08-22","8/16/2013","Planes","","","56","86","13","155","old_owner_weekly_import","I:\My Drive\Old Roxy Data\Roxy stats 011916.xlsx","Imported from prior owner weekly workbook"
"2013-08-23","2013-08-29","8/23/2013","Butler","","","49","82","9","140","old_owner_weekly_import","I:\My Drive\Old Roxy Data\Roxy stats 011916.xlsx","Imported from prior owner weekly workbook"
"2013-08-23","2013-08-29","8/23/2013","Paranoia","","","22","8","0","30","old_owner_weekly_import","I:\My Drive\Old Roxy Data\Roxy stats 011916.xlsx","Imported from prior owner weekly workbook"
"2013-08-23","2013-08-29","8/23/2013","Red 2","","","87","44","20","151","old_owner_weekly_import","I:\My Drive\Old Roxy Data\Roxy stats 011916.xlsx","Imported from prior owner weekly workbook"
"2013-08-30","2013-09-05","8/30/2013","Butler","","","66","58","11","135","old_owner_weekly_import","I:\My Drive\Old Roxy Data\Roxy stats 011916.xlsx","Imported from prior owner weekly workbook"
"2013-08-30","2013-09-05","8/30/2013","Red 2","","","65","24","12","101","old_owner_weekly_import","I:\My Drive\Old Roxy Data\Roxy stats 011916.xlsx","Imported from prior owner weekly workbook"
"2013-08-30","2013-09-05","8/30/2013","ST / WWZ","","","49","16","6","71","old_owner_weekly_import","I:\My Drive\Old Roxy Data\Roxy stats 011916.xlsx","Imported from prior owner weekly workbook"
"2013-09-06","2013-09-12","9/6/2013","Butler","","","35","25","4","64","old_owner_weekly_import","I:\My Drive\Old Roxy Data\Roxy stats 011916.xlsx","Imported from prior owner weekly workbook"
"2013-09-06","2013-09-12","9/6/2013","This the End","","","12","1","4","17","old_owner_weekly_import","I:\My Drive\Old Roxy Data\Roxy stats 011916.xlsx","Imported from prior owner weekly workbook"
"2013-09-06","2013-09-12","9/6/2013","White H Down","","","46","17","21","84","old_owner_weekly_import","I:\My Drive\Old Roxy Data\Roxy stats 011916.xlsx","Imported from prior owner weekly workbook"
"2013-09-13","2013-09-19","9/13/2013","2 Guns","","","51","35","12","98","old_owner_weekly_import","I:\My Drive\Old Roxy Data\Roxy stats 011916.xlsx","Imported from prior owner weekly workbook"
"2013-09-13","2013-09-19","9/13/2013","Jobs","","","21","12","3","36","old_owner_weekly_import","I:\My Drive\Old Roxy Data\Roxy stats 011916.xlsx","Imported from prior owner weekly workbook"
"2013-09-13","2013-09-19","9/13/2013","Percy J","","","60","23","37","120","old_owner_weekly_import","I:\My Drive\Old Roxy Data\Roxy stats 011916.xlsx","Imported from prior owner weekly workbook"
"2013-09-20","2013-09-26","9/20/2013","1 Direction","","","9","7","4","18","old_owner_weekly_import","I:\My Drive\Old Roxy Data\Roxy stats 011916.xlsx","Imported from prior owner weekly workbook"
"2013-09-20","2013-09-26","9/20/2013","M Instruments","","","27","4","3","34","old_owner_weekly_import","I:\My Drive\Old Roxy Data\Roxy stats 011916.xlsx","Imported from prior owner weekly workbook"
"2013-09-20","2013-09-26","9/20/2013","Millers","","","57","21","18","96","old_owner_weekly_import","I:\My Drive\Old Roxy Data\Roxy stats 011916.xlsx","Imported from prior owner weekly workbook"
"2013-09-27","2013-10-03","9/27/2013","C Meatball 2","","","88","81","46","215","old_owner_weekly_import","I:\My Drive\Old Roxy Data\Roxy stats 011916.xlsx","Imported from prior owner weekly workbook"
"2013-09-27","2013-10-03","9/27/2013","Family","","","46","14","6","66","old_owner_weekly_import","I:\My Drive\Old Roxy Data\Roxy stats 011916.xlsx","Imported from prior owner weekly workbook"
"2013-09-27","2013-10-03","9/27/2013","GetAway","","","20","2","4","26","old_owner_weekly_import","I:\My Drive\Old Roxy Data\Roxy stats 011916.xlsx","Imported from prior owner weekly workbook"
"2013-10-04","2013-10-10","10/4/2013","Prisoners","","","32","9","10","51","old_owner_weekly_import","I:\My Drive\Old Roxy Data\Roxy stats 011916.xlsx","Imported from prior owner weekly workbook"
"2013-10-04","2013-10-10","10/4/2013","Unfin Song","","","1","12","4","17","old_owner_weekly_import","I:\My Drive\Old Roxy Data\Roxy stats 011916.xlsx","Imported from prior owner weekly workbook"
"2013-10-11","2013-10-17","10/11/2013","C Meatball 2","","","36","34","20","90","old_owner_weekly_import","I:\My Drive\Old Roxy Data\Roxy stats 011916.xlsx","Imported from prior owner weekly workbook"
"2013-10-11","2013-10-17","10/11/2013","Prisoners","","","18","3","8","27","old_owner_weekly_import","I:\My Drive\Old Roxy Data\Roxy stats 011916.xlsx","Imported from prior owner weekly workbook"
"2013-10-11","2013-10-17","10/11/2013","Rush","","","24","13","6","39","old_owner_weekly_import","I:\My Drive\Old Roxy Data\Roxy stats 011916.xlsx","Imported from prior owner weekly workbook"
"2013-10-18","2013-10-24","10/18/2013","C Meatball 2","","","10","7","4","19","old_owner_weekly_import","I:\My Drive\Old Roxy Data\Roxy stats 011916.xlsx","Imported from prior owner weekly workbook"
"2013-10-18","2013-10-24","10/18/2013","Enough Said","","","18","14","4","36","old_owner_weekly_import","I:\My Drive\Old Roxy Data\Roxy stats 011916.xlsx","Imported from prior owner weekly workbook"
"2013-10-18","2013-10-24","10/18/2013","Riddick","","","36","10","21","67","old_owner_weekly_import","I:\My Drive\Old Roxy Data\Roxy stats 011916.xlsx","Imported from prior owner weekly workbook"
"2013-10-25","2013-10-31","10/25/2013","Counselor","","","27","4","7","38","old_owner_weekly_import","I:\My Drive\Old Roxy Data\Roxy stats 011916.xlsx","Imported from prior owner weekly workbook"
"2013-10-25","2013-10-31","10/25/2013","Gravity","","","64","51","58","173","old_owner_weekly_import","I:\My Drive\Old Roxy Data\Roxy stats 011916.xlsx","Imported from prior owner weekly workbook"
"2013-10-25","2013-10-31","10/25/2013","Riddick","","","20","4","4","28","old_owner_weekly_import","I:\My Drive\Old Roxy Data\Roxy stats 011916.xlsx","Imported from prior owner weekly workbook"
"2013-11-01","2013-11-07","11/1/2013","Counselor","","","22","1","0","23","old_owner_weekly_import","I:\My Drive\Old Roxy Data\Roxy stats 011916.xlsx","Imported from prior owner weekly workbook"
"2013-11-01","2013-11-07","11/1/2013","Free Birds","","","66","43","9","118","old_owner_weekly_import","I:\My Drive\Old Roxy Data\Roxy stats 011916.xlsx","Imported from prior owner weekly workbook"
"2013-11-01","2013-11-07","11/1/2013","Last Vegas","","","49","77","21","147","old_owner_weekly_import","I:\My Drive\Old Roxy Data\Roxy stats 011916.xlsx","Imported from prior owner weekly workbook"
"2013-11-08","2013-11-14","11/8/2013","Free Birds","","","25","28","4","57","old_owner_weekly_import","I:\My Drive\Old Roxy Data\Roxy stats 011916.xlsx","Imported from prior owner weekly workbook"
"2013-11-08","2013-11-14","11/8/2013","Last Vegas","","","54","24","15","93","old_owner_weekly_import","I:\My Drive\Old Roxy Data\Roxy stats 011916.xlsx","Imported from prior owner weekly workbook"
"2013-11-08","2013-11-14","11/8/2013","Thor","","","124","22","31","177","old_owner_weekly_import","I:\My Drive\Old Roxy Data\Roxy stats 011916.xlsx","Imported from prior owner weekly workbook"
"2013-11-15","2013-11-21","11/15/2013","Captain Philips","","","32","47","13","92","old_owner_weekly_import","I:\My Drive\Old Roxy Data\Roxy stats 011916.xlsx","Imported from prior owner weekly workbook"
"2013-11-15","2013-11-21","11/15/2013","Enders Game","","","14","5","10","29","old_owner_weekly_import","I:\My Drive\Old Roxy Data\Roxy stats 011916.xlsx","Imported from prior owner weekly workbook"
"2013-11-15","2013-11-21","11/15/2013","Thor","","","43","23","23","89","old_owner_weekly_import","I:\My Drive\Old Roxy Data\Roxy stats 011916.xlsx","Imported from prior owner weekly workbook"
"2013-11-22","2013-11-28","11/22/2013","Captain Philips","","","39","15","14","68","old_owner_weekly_import","I:\My Drive\Old Roxy Data\Roxy stats 011916.xlsx","Imported from prior owner weekly workbook"
"2013-11-22","2013-11-28","11/22/2013","Catching Fire","","","394","80","123","597","old_owner_weekly_import","I:\My Drive\Old Roxy Data\Roxy stats 011916.xlsx","Imported from prior owner weekly workbook"
"2013-11-22","2013-11-28","11/22/2013","Thor","","","47","10","5","62","old_owner_weekly_import","I:\My Drive\Old Roxy Data\Roxy stats 011916.xlsx","Imported from prior owner weekly workbook"
"2013-11-29","2013-12-05","11/29/2013","Catching Fire","","","166","26","37","229","old_owner_weekly_import","I:\My Drive\Old Roxy Data\Roxy stats 011916.xlsx","Imported from prior owner weekly workbook"
"2013-11-29","2013-12-05","11/29/2013","Escape Plan","","","25","3","0","28","old_owner_weekly_import","I:\My Drive\Old Roxy Data\Roxy stats 011916.xlsx","Imported from prior owner weekly workbook"
"2013-11-29","2013-12-05","11/29/2013","Frozen","","","227","124","59","410","old_owner_weekly_import","I:\My Drive\Old Roxy Data\Roxy stats 011916.xlsx","Imported from prior owner weekly workbook"
"2013-12-06","2013-12-12","12/6/2013","About Time","","","16","0","0","16","old_owner_weekly_import","I:\My Drive\Old Roxy Data\Roxy stats 011916.xlsx","Imported from prior owner weekly workbook"
"2013-12-06","2013-12-12","12/6/2013","Catching Fire","","","54","15","13","82","old_owner_weekly_import","I:\My Drive\Old Roxy Data\Roxy stats 011916.xlsx","Imported from prior owner weekly workbook"
"2013-12-06","2013-12-12","12/6/2013","Frozen","","","54","44","10","108","old_owner_weekly_import","I:\My Drive\Old Roxy Data\Roxy stats 011916.xlsx","Imported from prior owner weekly workbook"
"2013-12-13","2013-12-19","12/13/2013","Catching Fire","","","33","4","6","43","old_owner_weekly_import","I:\My Drive\Old Roxy Data\Roxy stats 011916.xlsx","Imported from prior owner weekly workbook"
"2013-12-13","2013-12-19","12/13/2013","Frozen","","","70","56","22","148","old_owner_weekly_import","I:\My Drive\Old Roxy Data\Roxy stats 011916.xlsx","Imported from prior owner weekly workbook"
"2013-12-13","2013-12-19","12/13/2013","Hobbit","","","167","54","61","282","old_owner_weekly_import","I:\My Drive\Old Roxy Data\Roxy stats 011916.xlsx","Imported from prior owner weekly workbook"
"2013-12-20","2013-12-26","12/20/2013","Anchorman 2","","","98","12","22","132","old_owner_weekly_import","I:\My Drive\Old Roxy Data\Roxy stats 011916.xlsx","Imported from prior owner weekly workbook"
"2013-12-20","2013-12-26","12/20/2013","Hobbit","","","114","18","55","187","old_owner_weekly_import","I:\My Drive\Old Roxy Data\Roxy stats 011916.xlsx","Imported from prior owner weekly workbook"
"2013-12-20","2013-12-26","12/20/2013","WW Dinosaurs","","","34","38","24","96","old_owner_weekly_import","I:\My Drive\Old Roxy Data\Roxy stats 011916.xlsx","Imported from prior owner weekly workbook"
"2013-12-27","2014-01-02","12/27/2013","Anchorman 2","","","58","12","24","94","old_owner_weekly_import","I:\My Drive\Old Roxy Data\Roxy stats 011916.xlsx","Imported from prior owner weekly workbook"
"2013-12-27","2014-01-02","12/27/2013","Hobbit","","","135","30","44","209","old_owner_weekly_import","I:\My Drive\Old Roxy Data\Roxy stats 011916.xlsx","Imported from prior owner weekly workbook"
"2013-12-27","2014-01-02","12/27/2013","WW Dinosaurs","","","37","50","21","108","old_owner_weekly_import","I:\My Drive\Old Roxy Data\Roxy stats 011916.xlsx","Imported from prior owner weekly workbook"
"2014-01-03","2014-01-09","1/3/2014","Grude Match","","","24","17","13","54","old_owner_weekly_import","I:\My Drive\Old Roxy Data\Roxy stats 011916.xlsx","Imported from prior owner weekly workbook"
"2014-01-03","2014-01-09","1/3/2014","Hobbit","","","50","13","14","77","old_owner_weekly_import","I:\My Drive\Old Roxy Data\Roxy stats 011916.xlsx","Imported from prior owner weekly workbook"
"2014-01-03","2014-01-09","1/3/2014","Homefront","","","58","11","14","83","old_owner_weekly_import","I:\My Drive\Old Roxy Data\Roxy stats 011916.xlsx","Imported from prior owner weekly workbook"
"2014-01-10","2014-01-16","1/10/2014","Book Thief","","","27","17","7","51","old_owner_weekly_import","I:\My Drive\Old Roxy Data\Roxy stats 011916.xlsx","Imported from prior owner weekly workbook"
"2014-01-10","2014-01-16","1/10/2014","Grude Match","","","24","10","5","39","old_owner_weekly_import","I:\My Drive\Old Roxy Data\Roxy stats 011916.xlsx","Imported from prior owner weekly workbook"
"2014-01-10","2014-01-16","1/10/2014","Mr Banks","","","69","58","5","132","old_owner_weekly_import","I:\My Drive\Old Roxy Data\Roxy stats 011916.xlsx","Imported from prior owner weekly workbook"
"2014-01-17","2014-01-23","1/17/2014","Jack Ryan","","","79","27","6","112","old_owner_weekly_import","I:\My Drive\Old Roxy Data\Roxy stats 011916.xlsx","Imported from prior owner weekly workbook"
"2014-01-17","2014-01-23","1/17/2014","Mr Banks","","","36","26","4","66","old_owner_weekly_import","I:\My Drive\Old Roxy Data\Roxy stats 011916.xlsx","Imported from prior owner weekly workbook"
"2014-01-17","2014-01-23","1/17/2014","Nut Job","","","51","44","16","111","old_owner_weekly_import","I:\My Drive\Old Roxy Data\Roxy stats 011916.xlsx","Imported from prior owner weekly workbook"
"2014-01-24","2014-01-30","1/24/2014","A Hustle","","","33","14","3","50","old_owner_weekly_import","I:\My Drive\Old Roxy Data\Roxy stats 011916.xlsx","Imported from prior owner weekly workbook"
"2014-01-24","2014-01-30","1/24/2014","Jack Ryan","","","39","11","4","54","old_owner_weekly_import","I:\My Drive\Old Roxy Data\Roxy stats 011916.xlsx","Imported from prior owner weekly workbook"
"2014-01-24","2014-01-30","1/24/2014","Nut Job","","","44","44","24","112","old_owner_weekly_import","I:\My Drive\Old Roxy Data\Roxy stats 011916.xlsx","Imported from prior owner weekly workbook"
"2014-01-31","2014-02-06","1/31/2014","12 Yrs Slave","","","27","23","2","52","old_owner_weekly_import","I:\My Drive\Old Roxy Data\Roxy stats 011916.xlsx","Imported from prior owner weekly workbook"
"2014-01-31","2014-02-06","1/31/2014","Nebraska","","","13","14","0","27","old_owner_weekly_import","I:\My Drive\Old Roxy Data\Roxy stats 011916.xlsx","Imported from prior owner weekly workbook"
"2014-01-31","2014-02-06","1/31/2014","Nut Job","","","31","24","4","59","old_owner_weekly_import","I:\My Drive\Old Roxy Data\Roxy stats 011916.xlsx","Imported from prior owner weekly workbook"
"2014-02-07","2014-02-13","2/7/2014","Hercules","","","27","4","18","49","old_owner_weekly_import","I:\My Drive\Old Roxy Data\Roxy stats 011916.xlsx","Imported from prior owner weekly workbook"
"2014-02-07","2014-02-13","2/7/2014","Lego","","","86","63","35","184","old_owner_weekly_import","I:\My Drive\Old Roxy Data\Roxy stats 011916.xlsx","Imported from prior owner weekly workbook"
"2014-02-07","2014-02-13","2/7/2014","Osage County","","","30","36","2","68","old_owner_weekly_import","I:\My Drive\Old Roxy Data\Roxy stats 011916.xlsx","Imported from prior owner weekly workbook"
"2014-02-14","2014-02-20","2/14/2014","Lego","","","69","56","29","154","old_owner_weekly_import","I:\My Drive\Old Roxy Data\Roxy stats 011916.xlsx","Imported from prior owner weekly workbook"
"2014-02-14","2014-02-20","2/14/2014","Lone Survivor","","","66","37","0","103","old_owner_weekly_import","I:\My Drive\Old Roxy Data\Roxy stats 011916.xlsx","Imported from prior owner weekly workbook"
"2014-02-14","2014-02-20","2/14/2014","RoboCop","","","44","13","4","61","old_owner_weekly_import","I:\My Drive\Old Roxy Data\Roxy stats 011916.xlsx","Imported from prior owner weekly workbook"
"2014-02-21","2014-02-27","2/21/2014","3 days to Kill","","","60","23","4","87","old_owner_weekly_import","I:\My Drive\Old Roxy Data\Roxy stats 011916.xlsx","Imported from prior owner weekly workbook"
"2014-02-21","2014-02-27","2/21/2014","Lego","","","47","27","10","84","old_owner_weekly_import","I:\My Drive\Old Roxy Data\Roxy stats 011916.xlsx","Imported from prior owner weekly workbook"
"2014-02-21","2014-02-27","2/21/2014","RoboCop","","","24","6","3","33","old_owner_weekly_import","I:\My Drive\Old Roxy Data\Roxy stats 011916.xlsx","Imported from prior owner weekly workbook"
"2014-02-28","2014-03-06","2/28/2014","3 days to Kill","","","43","7","2","52","old_owner_weekly_import","I:\My Drive\Old Roxy Data\Roxy stats 011916.xlsx","Imported from prior owner weekly workbook"
"2014-02-28","2014-03-06","2/28/2014","Philomena","","","27","30","0","57","old_owner_weekly_import","I:\My Drive\Old Roxy Data\Roxy stats 011916.xlsx","Imported from prior owner weekly workbook"
"2014-02-28","2014-03-06","2/28/2014","Son of God","","","70","65","12","147","old_owner_weekly_import","I:\My Drive\Old Roxy Data\Roxy stats 011916.xlsx","Imported from prior owner weekly workbook"
"2014-03-07","2014-03-13","3/7/2014","M Men","","","81","49","4","134","old_owner_weekly_import","I:\My Drive\Old Roxy Data\Roxy stats 011916.xlsx","Imported from prior owner weekly workbook"
"2014-03-07","2014-03-13","3/7/2014","Mr Peabody","","","67","67","18","152","old_owner_weekly_import","I:\My Drive\Old Roxy Data\Roxy stats 011916.xlsx","Imported from prior owner weekly workbook"
"2014-03-07","2014-03-13","3/7/2014","Son of God","","","43","15","0","58","old_owner_weekly_import","I:\My Drive\Old Roxy Data\Roxy stats 011916.xlsx","Imported from prior owner weekly workbook"
"2014-03-14","2014-03-20","3/14/2014","Blue Jasmine","","","5","4","0","9","old_owner_weekly_import","I:\My Drive\Old Roxy Data\Roxy stats 011916.xlsx","Imported from prior owner weekly workbook"
"2014-03-14","2014-03-20","3/14/2014","M Men","","","52","43","2","97","old_owner_weekly_import","I:\My Drive\Old Roxy Data\Roxy stats 011916.xlsx","Imported from prior owner weekly workbook"
"2014-03-14","2014-03-20","3/14/2014","Mr Peabody","","","50","40","16","106","old_owner_weekly_import","I:\My Drive\Old Roxy Data\Roxy stats 011916.xlsx","Imported from prior owner weekly workbook"
"2014-03-21","2014-03-27","3/21/2014","Divergent","","","161","21","32","214","old_owner_weekly_import","I:\My Drive\Old Roxy Data\Roxy stats 011916.xlsx","Imported from prior owner weekly workbook"
"2014-03-21","2014-03-27","3/21/2014","M Men","","","17","4","0","21","old_owner_weekly_import","I:\My Drive\Old Roxy Data\Roxy stats 011916.xlsx","Imported from prior owner weekly workbook"
"2014-03-21","2014-03-27","3/21/2014","Mr Peabody","","","24","25","14","63","old_owner_weekly_import","I:\My Drive\Old Roxy Data\Roxy stats 011916.xlsx","Imported from prior owner weekly workbook"
"2014-03-28","2014-04-03","3/28/2014","Divergent","","","98","10","7","115","old_owner_weekly_import","I:\My Drive\Old Roxy Data\Roxy stats 011916.xlsx","Imported from prior owner weekly workbook"
"2014-03-28","2014-04-03","3/28/2014","Noah","","","85","59","5","149","old_owner_weekly_import","I:\My Drive\Old Roxy Data\Roxy stats 011916.xlsx","Imported from prior owner weekly workbook"
"2014-03-28","2014-04-03","3/28/2014","Non Stop","","","42","12","8","62","old_owner_weekly_import","I:\My Drive\Old Roxy Data\Roxy stats 011916.xlsx","Imported from prior owner weekly workbook"
"2014-04-04","2014-04-10","4/4/2014","C America","","","136","53","28","217","old_owner_weekly_import","I:\My Drive\Old Roxy Data\Roxy stats 011916.xlsx","Imported from prior owner weekly workbook"
"2014-04-04","2014-04-10","4/4/2014","Divergent","","","54","4","4","62","old_owner_weekly_import","I:\My Drive\Old Roxy Data\Roxy stats 011916.xlsx","Imported from prior owner weekly workbook"
"2014-04-04","2014-04-10","4/4/2014","Noah","","","66","35","3","104","old_owner_weekly_import","I:\My Drive\Old Roxy Data\Roxy stats 011916.xlsx","Imported from prior owner weekly workbook"
"2014-04-11","2014-04-17","4/11/2014","C America","","","62","9","11","82","old_owner_weekly_import","I:\My Drive\Old Roxy Data\Roxy stats 011916.xlsx","Imported from prior owner weekly workbook"
"2014-04-11","2014-04-17","4/11/2014","Muppets","","","13","12","3","28","old_owner_weekly_import","I:\My Drive\Old Roxy Data\Roxy stats 011916.xlsx","Imported from prior owner weekly workbook"
"2014-04-11","2014-04-17","4/11/2014","Rio 2","","","80","63","30","173","old_owner_weekly_import","I:\My Drive\Old Roxy Data\Roxy stats 011916.xlsx","Imported from prior owner weekly workbook"
"2014-04-18","2014-04-24","4/18/2014","C America","","","39","13","7","59","old_owner_weekly_import","I:\My Drive\Old Roxy Data\Roxy stats 011916.xlsx","Imported from prior owner weekly workbook"
"2014-04-18","2014-04-24","4/18/2014","God's Not Dead","","","78","33","22","133","old_owner_weekly_import","I:\My Drive\Old Roxy Data\Roxy stats 011916.xlsx","Imported from prior owner weekly workbook"
"2014-04-18","2014-04-24","4/18/2014","Rio 2","","","33","36","7","76","old_owner_weekly_import","I:\My Drive\Old Roxy Data\Roxy stats 011916.xlsx","Imported from prior owner weekly workbook"
"2014-04-25","2014-05-01","4/25/2014","G Budapest","","","30","30","2","56","old_owner_weekly_import","I:\My Drive\Old Roxy Data\Roxy stats 011916.xlsx","Imported from prior owner weekly workbook"
"2014-04-25","2014-05-01","4/25/2014","God's Not Dead","","","58","38","2","98","old_owner_weekly_import","I:\My Drive\Old Roxy Data\Roxy stats 011916.xlsx","Imported from prior owner weekly workbook"
"2014-04-25","2014-05-01","4/25/2014","Rio 2","","","39","30","13","82","old_owner_weekly_import","I:\My Drive\Old Roxy Data\Roxy stats 011916.xlsx","Imported from prior owner weekly workbook"
"2014-05-02","2014-05-08","5/2/2014","Bears","","","22","32","2","56","old_owner_weekly_import","I:\My Drive\Old Roxy Data\Roxy stats 011916.xlsx","Imported from prior owner weekly workbook"
"2014-05-02","2014-05-08","5/2/2014","Draft Day","","","18","21","0","39","old_owner_weekly_import","I:\My Drive\Old Roxy Data\Roxy stats 011916.xlsx","Imported from prior owner weekly workbook"
"2014-05-02","2014-05-08","5/2/2014","Spiderman","","","109","27","18","154","old_owner_weekly_import","I:\My Drive\Old Roxy Data\Roxy stats 011916.xlsx","Imported from prior owner weekly workbook"
"2014-05-09","2014-05-15","5/9/2014","Heaven Real","","","96","63","8","167","old_owner_weekly_import","I:\My Drive\Old Roxy Data\Roxy stats 011916.xlsx","Imported from prior owner weekly workbook"
"2014-05-09","2014-05-15","5/9/2014","Other Woman","","","34","12","7","53","old_owner_weekly_import","I:\My Drive\Old Roxy Data\Roxy stats 011916.xlsx","Imported from prior owner weekly workbook"
"2014-05-09","2014-05-15","5/9/2014","Spiderman","","","75","22","6","103","old_owner_weekly_import","I:\My Drive\Old Roxy Data\Roxy stats 011916.xlsx","Imported from prior owner weekly workbook"
"2014-05-16","2014-05-22","5/16/2014","Godzilla","","","106","25","17","148","old_owner_weekly_import","I:\My Drive\Old Roxy Data\Roxy stats 011916.xlsx","Imported from prior owner weekly workbook"
"2014-05-16","2014-05-22","5/16/2014","MD Arm","","","48","22","5","75","old_owner_weekly_import","I:\My Drive\Old Roxy Data\Roxy stats 011916.xlsx","Imported from prior owner weekly workbook"
"2014-05-16","2014-05-22","5/16/2014","Spiderman","","","29","11","16","56","old_owner_weekly_import","I:\My Drive\Old Roxy Data\Roxy stats 011916.xlsx","Imported from prior owner weekly workbook"
"2014-05-23","2014-05-29","5/23/2014","Godzilla","","","68","19","6","93","old_owner_weekly_import","I:\My Drive\Old Roxy Data\Roxy stats 011916.xlsx","Imported from prior owner weekly workbook"
"2014-05-23","2014-05-29","5/23/2014","MD Arm","","","34","29","0","63","old_owner_weekly_import","I:\My Drive\Old Roxy Data\Roxy stats 011916.xlsx","Imported from prior owner weekly workbook"
"2014-05-23","2014-05-29","5/23/2014","X Men","","","124","25","16","165","old_owner_weekly_import","I:\My Drive\Old Roxy Data\Roxy stats 011916.xlsx","Imported from prior owner weekly workbook"
"2014-05-30","2014-06-05","5/30/2014","M Night O","","","31","13","3","47","old_owner_weekly_import","I:\My Drive\Old Roxy Data\Roxy stats 011916.xlsx","Imported from prior owner weekly workbook"
"2014-05-30","2014-06-05","5/30/2014","Maleficent","","","134","41","30","205","old_owner_weekly_import","I:\My Drive\Old Roxy Data\Roxy stats 011916.xlsx","Imported from prior owner weekly workbook"
"2014-05-30","2014-06-05","5/30/2014","X Men","","","69","11","6","86","old_owner_weekly_import","I:\My Drive\Old Roxy Data\Roxy stats 011916.xlsx","Imported from prior owner weekly workbook"
"2014-06-06","2014-06-12","6/6/2014","Blended","","","74","17","4","95","old_owner_weekly_import","I:\My Drive\Old Roxy Data\Roxy stats 011916.xlsx","Imported from prior owner weekly workbook"
"2014-06-06","2014-06-12","6/6/2014","E Tomorrow","","","68","21","5","94","old_owner_weekly_import","I:\My Drive\Old Roxy Data\Roxy stats 011916.xlsx","Imported from prior owner weekly workbook"
"2014-06-06","2014-06-12","6/6/2014","Maleficent","","","79","48","8","135","old_owner_weekly_import","I:\My Drive\Old Roxy Data\Roxy stats 011916.xlsx","Imported from prior owner weekly workbook"
"2014-06-13","2014-06-19","6/13/2014","E Tomorrow","","","74","14","5","93","old_owner_weekly_import","I:\My Drive\Old Roxy Data\Roxy stats 011916.xlsx","Imported from prior owner weekly workbook"
"2014-06-13","2014-06-19","6/13/2014","Maleficent","","","87","29","8","124","old_owner_weekly_import","I:\My Drive\Old Roxy Data\Roxy stats 011916.xlsx","Imported from prior owner weekly workbook"
"2014-06-13","2014-06-19","6/13/2014","Train Dragon","","","243","127","39","409","old_owner_weekly_import","I:\My Drive\Old Roxy Data\Roxy stats 011916.xlsx","Imported from prior owner weekly workbook"
"2014-06-20","2014-06-26","6/20/2014","Fault Stars","","","115","14","12","141","old_owner_weekly_import","I:\My Drive\Old Roxy Data\Roxy stats 011916.xlsx","Imported from prior owner weekly workbook"
"2014-06-20","2014-06-26","6/20/2014","Maleficent","","","52","14","13","79","old_owner_weekly_import","I:\My Drive\Old Roxy Data\Roxy stats 011916.xlsx","Imported from prior owner weekly workbook"
"2014-06-20","2014-06-26","6/20/2014","Train Dragon","","","98","69","5","172","old_owner_weekly_import","I:\My Drive\Old Roxy Data\Roxy stats 011916.xlsx","Imported from prior owner weekly workbook"
"2014-06-27","2014-07-03","6/27/2014","22 Jump Street","","","34","5","0","39","old_owner_weekly_import","I:\My Drive\Old Roxy Data\Roxy stats 011916.xlsx","Imported from prior owner weekly workbook"
"2014-06-27","2014-07-03","6/27/2014","Train Dragon","","","31","32","7","70","old_owner_weekly_import","I:\My Drive\Old Roxy Data\Roxy stats 011916.xlsx","Imported from prior owner weekly workbook"
"2014-06-27","2014-07-03","6/27/2014","Transformers 4","","","167","57","20","244","old_owner_weekly_import","I:\My Drive\Old Roxy Data\Roxy stats 011916.xlsx","Imported from prior owner weekly workbook"
"2014-07-04","2014-07-10","7/4/2014","Earth to Echo","","","41","53","11","104","old_owner_weekly_import","I:\My Drive\Old Roxy Data\Roxy stats 011916.xlsx","Imported from prior owner weekly workbook"
"2014-07-04","2014-07-10","7/4/2014","Tammy","","","124","46","12","182","old_owner_weekly_import","I:\My Drive\Old Roxy Data\Roxy stats 011916.xlsx","Imported from prior owner weekly workbook"
"2014-07-04","2014-07-10","7/4/2014","Transformers 4","","","79","37","20","136","old_owner_weekly_import","I:\My Drive\Old Roxy Data\Roxy stats 011916.xlsx","Imported from prior owner weekly workbook"
"2014-07-11","2014-07-17","7/11/2014","Dawn Apes","","","108","34","17","159","old_owner_weekly_import","I:\My Drive\Old Roxy Data\Roxy stats 011916.xlsx","Imported from prior owner weekly workbook"
"2014-07-11","2014-07-17","7/11/2014","Earth to Echo","","","10","22","5","37","old_owner_weekly_import","I:\My Drive\Old Roxy Data\Roxy stats 011916.xlsx","Imported from prior owner weekly workbook"
"2014-07-11","2014-07-17","7/11/2014","Tammy","","","72","18","7","97","old_owner_weekly_import","I:\My Drive\Old Roxy Data\Roxy stats 011916.xlsx","Imported from prior owner weekly workbook"
"2014-07-11","2014-07-17","7/11/2014","Transformers 4","","","51","13","6","70","old_owner_weekly_import","I:\My Drive\Old Roxy Data\Roxy stats 011916.xlsx","Imported from prior owner weekly workbook"
"2014-07-18","2014-07-24","7/18/2014","Apes","","","90","19","10","119","old_owner_weekly_import","I:\My Drive\Old Roxy Data\Roxy stats 011916.xlsx","Imported from prior owner weekly workbook"
"2014-07-18","2014-07-24","7/18/2014","Planes","","","90","90","9","189","old_owner_weekly_import","I:\My Drive\Old Roxy Data\Roxy stats 011916.xlsx","Imported from prior owner weekly workbook"
"2014-07-18","2014-07-24","7/18/2014","Tammy","","","55","8","3","66","old_owner_weekly_import","I:\My Drive\Old Roxy Data\Roxy stats 011916.xlsx","Imported from prior owner weekly workbook"
"2014-07-25","2014-07-31","7/25/2014","Chef","","","15","14","1","30","old_owner_weekly_import","I:\My Drive\Old Roxy Data\Roxy stats 011916.xlsx","Imported from prior owner weekly workbook"
"2014-07-25","2014-07-31","7/25/2014","Hercules","","","76","33","13","122","old_owner_weekly_import","I:\My Drive\Old Roxy Data\Roxy stats 011916.xlsx","Imported from prior owner weekly workbook"
"2014-07-25","2014-07-31","7/25/2014","Planes","","","29","21","7","57","old_owner_weekly_import","I:\My Drive\Old Roxy Data\Roxy stats 011916.xlsx","Imported from prior owner weekly workbook"
"2014-08-01","2014-08-07","8/1/2014","America","","","14","25","10","49","old_owner_weekly_import","I:\My Drive\Old Roxy Data\Roxy stats 011916.xlsx","Imported from prior owner weekly workbook"
"2014-08-01","2014-08-07","8/1/2014","Hercules","","","48","8","0","56","old_owner_weekly_import","I:\My Drive\Old Roxy Data\Roxy stats 011916.xlsx","Imported from prior owner weekly workbook"
"2014-08-08","2014-08-14","8/8/2014","Guardians","","","113","35","6","154","old_owner_weekly_import","I:\My Drive\Old Roxy Data\Roxy stats 011916.xlsx","Imported from prior owner weekly workbook"
"2014-08-08","2014-08-14","8/8/2014","Into the Storm","","","46","33","0","79","old_owner_weekly_import","I:\My Drive\Old Roxy Data\Roxy stats 011916.xlsx","Imported from prior owner weekly workbook"
"2014-08-08","2014-08-14","8/8/2014","Ninja Turtles","","","119","52","19","190","old_owner_weekly_import","I:\My Drive\Old Roxy Data\Roxy stats 011916.xlsx","Imported from prior owner weekly workbook"
"2014-08-15","2014-08-21","8/15/2014","Expendables 3","","","89","30","6","125","old_owner_weekly_import","I:\My Drive\Old Roxy Data\Roxy stats 011916.xlsx","Imported from prior owner weekly workbook"
"2014-08-15","2014-08-21","8/15/2014","Into the Storm","","","58","23","3","84","old_owner_weekly_import","I:\My Drive\Old Roxy Data\Roxy stats 011916.xlsx","Imported from prior owner weekly workbook"
"2014-08-15","2014-08-21","8/15/2014","Ninja Turtles","","","89","42","4","135","old_owner_weekly_import","I:\My Drive\Old Roxy Data\Roxy stats 011916.xlsx","Imported from prior owner weekly workbook"
"2014-08-22","2014-08-28","8/22/2014","100 Ft Journey","","","43","75","10","128","old_owner_weekly_import","I:\My Drive\Old Roxy Data\Roxy stats 011916.xlsx","Imported from prior owner weekly workbook"
"2014-08-22","2014-08-28","8/22/2014","Expendables 3","","","38","19","4","61","old_owner_weekly_import","I:\My Drive\Old Roxy Data\Roxy stats 011916.xlsx","Imported from prior owner weekly workbook"
"2014-08-22","2014-08-28","8/22/2014","Lucy","","","75","13","12","100","old_owner_weekly_import","I:\My Drive\Old Roxy Data\Roxy stats 011916.xlsx","Imported from prior owner weekly workbook"
"2014-08-29","2014-09-04","8/29/2014","100 Ft Journey","","","45","16","5","66","old_owner_weekly_import","I:\My Drive\Old Roxy Data\Roxy stats 011916.xlsx","Imported from prior owner weekly workbook"
"2014-08-29","2014-09-04","8/29/2014","Boyhood","","","10","6","1","17","old_owner_weekly_import","I:\My Drive\Old Roxy Data\Roxy stats 011916.xlsx","Imported from prior owner weekly workbook"
"2014-08-29","2014-09-04","8/29/2014","Lucy","","","51","7","0","58","old_owner_weekly_import","I:\My Drive\Old Roxy Data\Roxy stats 011916.xlsx","Imported from prior owner weekly workbook"
"2014-09-05","2014-09-11","9/5/2014","100 Ft Journey","","","23","17","5","45","old_owner_weekly_import","I:\My Drive\Old Roxy Data\Roxy stats 011916.xlsx","Imported from prior owner weekly workbook"
"2014-09-05","2014-09-11","9/5/2014","Game Stnds Tll","","","38","22","2","62","old_owner_weekly_import","I:\My Drive\Old Roxy Data\Roxy stats 011916.xlsx","Imported from prior owner weekly workbook"
"2014-09-05","2014-09-11","9/5/2014","The Giver","","","23","21","0","44","old_owner_weekly_import","I:\My Drive\Old Roxy Data\Roxy stats 011916.xlsx","Imported from prior owner weekly workbook"
"2014-09-12","2014-09-18","9/12/2014","Dolphin 2","","","21","42","7","70","old_owner_weekly_import","I:\My Drive\Old Roxy Data\Roxy stats 011916.xlsx","Imported from prior owner weekly workbook"
"2014-09-12","2014-09-18","9/12/2014","Giver","","","41","14","3","56","old_owner_weekly_import","I:\My Drive\Old Roxy Data\Roxy stats 011916.xlsx","Imported from prior owner weekly workbook"
"2014-09-12","2014-09-18","9/12/2014","Nov Man","","","12","17","0","29","old_owner_weekly_import","I:\My Drive\Old Roxy Data\Roxy stats 011916.xlsx","Imported from prior owner weekly workbook"
"2014-09-19","2014-09-25","9/19/2014","Dolphin 2","","","7","19","4","30","old_owner_weekly_import","I:\My Drive\Old Roxy Data\Roxy stats 011916.xlsx","Imported from prior owner weekly workbook"
"2014-09-19","2014-09-25","9/19/2014","Giver","","","15","12","5","32","old_owner_weekly_import","I:\My Drive\Old Roxy Data\Roxy stats 011916.xlsx","Imported from prior owner weekly workbook"
"2014-09-19","2014-09-25","9/19/2014","Maze Runner","","","100","15","1","114","old_owner_weekly_import","I:\My Drive\Old Roxy Data\Roxy stats 011916.xlsx","Imported from prior owner weekly workbook"
"2014-09-26","2014-10-02","9/26/2014","Lets Be Cops","","","29","3","2","22","old_owner_weekly_import","I:\My Drive\Old Roxy Data\Roxy stats 011916.xlsx","Imported from prior owner weekly workbook"
"2014-09-26","2014-10-02","9/26/2014","Maze Runner","","","62","8","2","72","old_owner_weekly_import","I:\My Drive\Old Roxy Data\Roxy stats 011916.xlsx","Imported from prior owner weekly workbook"
"2014-09-26","2014-10-02","9/26/2014","No GoodDead","","","8","8","0","16","old_owner_weekly_import","I:\My Drive\Old Roxy Data\Roxy stats 011916.xlsx","Imported from prior owner weekly workbook"
"2014-10-03","2014-10-09","10/3/2014","Lets Be Cops","","","25","0","3","28","old_owner_weekly_import","I:\My Drive\Old Roxy Data\Roxy stats 011916.xlsx","Imported from prior owner weekly workbook"
"2014-10-03","2014-10-09","10/3/2014","Maze Runner","","","22","6","7","35","old_owner_weekly_import","I:\My Drive\Old Roxy Data\Roxy stats 011916.xlsx","Imported from prior owner weekly workbook"
"2014-10-03","2014-10-09","10/3/2014","No Good Dead","","","11","0","3","14","old_owner_weekly_import","I:\My Drive\Old Roxy Data\Roxy stats 011916.xlsx","Imported from prior owner weekly workbook"
"2014-10-10","2014-10-16","10/10/2014","Equilizer","","","34","15","4","53","old_owner_weekly_import","I:\My Drive\Old Roxy Data\Roxy stats 011916.xlsx","Imported from prior owner weekly workbook"
"2014-10-10","2014-10-16","10/10/2014","If I Stay","","","69","6","8","83","old_owner_weekly_import","I:\My Drive\Old Roxy Data\Roxy stats 011916.xlsx","Imported from prior owner weekly workbook"
"2014-10-10","2014-10-16","10/10/2014","Left Behind","","","82","41","0","123","old_owner_weekly_import","I:\My Drive\Old Roxy Data\Roxy stats 011916.xlsx","Imported from prior owner weekly workbook"
"2014-10-17","2014-10-23","10/17/2014","Best of Me","","","32","6","8","46","old_owner_weekly_import","I:\My Drive\Old Roxy Data\Roxy stats 011916.xlsx","Imported from prior owner weekly workbook"
"2014-10-17","2014-10-23","10/17/2014","Fury","","","81","21","3","105","old_owner_weekly_import","I:\My Drive\Old Roxy Data\Roxy stats 011916.xlsx","Imported from prior owner weekly workbook"
"2014-10-17","2014-10-23","10/17/2014","Left Behind","","","31","11","0","42","old_owner_weekly_import","I:\My Drive\Old Roxy Data\Roxy stats 011916.xlsx","Imported from prior owner weekly workbook"
"2014-10-24","2014-10-30","10/24/2014","Best of Me","","","30","9","1","40","old_owner_weekly_import","I:\My Drive\Old Roxy Data\Roxy stats 011916.xlsx","Imported from prior owner weekly workbook"
"2014-10-24","2014-10-30","10/24/2014","Book of Life","","","16","8","6","30","old_owner_weekly_import","I:\My Drive\Old Roxy Data\Roxy stats 011916.xlsx","Imported from prior owner weekly workbook"
"2014-10-24","2014-10-30","10/24/2014","Fury","","","55","33","8","96","old_owner_weekly_import","I:\My Drive\Old Roxy Data\Roxy stats 011916.xlsx","Imported from prior owner weekly workbook"
"2014-10-31","2014-11-06","10/31/2014","Box Trolls","","","28","40","7","75","old_owner_weekly_import","I:\My Drive\Old Roxy Data\Roxy stats 011916.xlsx","Imported from prior owner weekly workbook"
"2014-10-31","2014-11-06","10/31/2014","Fury","","","24","7","6","37","old_owner_weekly_import","I:\My Drive\Old Roxy Data\Roxy stats 011916.xlsx","Imported from prior owner weekly workbook"
"2014-10-31","2014-11-06","10/31/2014","Gone Girl","","","65","17","9","91","old_owner_weekly_import","I:\My Drive\Old Roxy Data\Roxy stats 011916.xlsx","Imported from prior owner weekly workbook"
"2014-11-07","2014-11-13","11/7/2014","Alexander","","","52","19","10","81","old_owner_weekly_import","I:\My Drive\Old Roxy Data\Roxy stats 011916.xlsx","Imported from prior owner weekly workbook"
"2014-11-07","2014-11-13","11/7/2014","Gone Girl","","","23","10","4","37","old_owner_weekly_import","I:\My Drive\Old Roxy Data\Roxy stats 011916.xlsx","Imported from prior owner weekly workbook"
"2014-11-07","2014-11-13","11/7/2014","St. Vincent","","","16","14","6","36","old_owner_weekly_import","I:\My Drive\Old Roxy Data\Roxy stats 011916.xlsx","Imported from prior owner weekly workbook"
"2014-11-14","2014-11-20","11/14/2014","Alexander","","","13","25","3","41","old_owner_weekly_import","I:\My Drive\Old Roxy Data\Roxy stats 011916.xlsx","Imported from prior owner weekly workbook"
"2014-11-14","2014-11-20","11/14/2014","St.Vncnt/Mckngjy","","","27","4","22","53","old_owner_weekly_import","I:\My Drive\Old Roxy Data\Roxy stats 011916.xlsx","Imported from prior owner weekly workbook"
"2014-11-14","2014-11-20","11/14/2014","The Judge","","","14","13","4","30","old_owner_weekly_import","I:\My Drive\Old Roxy Data\Roxy stats 011916.xlsx","Imported from prior owner weekly workbook"
"2014-11-21","2014-11-27","11/21/2014","Jdg/Pgns","","","20","17","6","43","old_owner_weekly_import","I:\My Drive\Old Roxy Data\Roxy stats 011916.xlsx","Imported from prior owner weekly workbook"
"2014-11-21","2014-11-27","11/21/2014","Mockingjay","","","310","42","88","440","old_owner_weekly_import","I:\My Drive\Old Roxy Data\Roxy stats 011916.xlsx","Imported from prior owner weekly workbook"
"2014-11-21","2014-11-27","11/21/2014","Nghtcrlr/Bg Hro6","","","17","6","3","26","old_owner_weekly_import","I:\My Drive\Old Roxy Data\Roxy stats 011916.xlsx","Imported from prior owner weekly workbook"
"2014-11-28","2014-12-04","11/28/2014","Big Hero 6","","","65","35","14","114","old_owner_weekly_import","I:\My Drive\Old Roxy Data\Roxy stats 011916.xlsx","Imported from prior owner weekly workbook"
"2014-11-28","2014-12-04","11/28/2014","Mockingjay","","","108","21","26","155","old_owner_weekly_import","I:\My Drive\Old Roxy Data\Roxy stats 011916.xlsx","Imported from prior owner weekly workbook"
"2014-11-28","2014-12-04","11/28/2014","Penguins","","","45","42","11","98","old_owner_weekly_import","I:\My Drive\Old Roxy Data\Roxy stats 011916.xlsx","Imported from prior owner weekly workbook"
"2014-12-05","2014-12-11","12/5/2014","Big Hero 6","","","24","11","13","48","old_owner_weekly_import","I:\My Drive\Old Roxy Data\Roxy stats 011916.xlsx","Imported from prior owner weekly workbook"
"2014-12-05","2014-12-11","12/5/2014","Mockingjay","","","46","13","10","69","old_owner_weekly_import","I:\My Drive\Old Roxy Data\Roxy stats 011916.xlsx","Imported from prior owner weekly workbook"
"2014-12-05","2014-12-11","12/5/2014","Penguins","","","29","24","11","64","old_owner_weekly_import","I:\My Drive\Old Roxy Data\Roxy stats 011916.xlsx","Imported from prior owner weekly workbook"
"2014-12-12","2014-12-18","12/12/2014","Dumber 2/Hobbit","","","46","22","23","91","old_owner_weekly_import","I:\My Drive\Old Roxy Data\Roxy stats 011916.xlsx","Imported from prior owner weekly workbook"
"2014-12-12","2014-12-18","12/12/2014","Exodus","","","14","20","2","36","old_owner_weekly_import","I:\My Drive\Old Roxy Data\Roxy stats 011916.xlsx","Imported from prior owner weekly workbook"
"2014-12-12","2014-12-18","12/12/2014","Interstellar","","","40","11","1","52","old_owner_weekly_import","I:\My Drive\Old Roxy Data\Roxy stats 011916.xlsx","Imported from prior owner weekly workbook"
"2014-12-19","2014-12-25","12/19/2014","Exodus","","","33","16","2","51","old_owner_weekly_import","I:\My Drive\Old Roxy Data\Roxy stats 011916.xlsx","Imported from prior owner weekly workbook"
"2014-12-19","2014-12-25","12/19/2014","Hobbit","","","131","50","77","258","old_owner_weekly_import","I:\My Drive\Old Roxy Data\Roxy stats 011916.xlsx","Imported from prior owner weekly workbook"
"2014-12-19","2014-12-25","12/19/2014","Nght at the Msm","","","86","40","24","150","old_owner_weekly_import","I:\My Drive\Old Roxy Data\Roxy stats 011916.xlsx","Imported from prior owner weekly workbook"
"2015-01-02","2015-01-08","1/2/2015","Hobbit","","","48","14","11","73","old_owner_weekly_import","I:\My Drive\Old Roxy Data\Roxy stats 011916.xlsx","Imported from prior owner weekly workbook"
"2015-01-02","2015-01-08","1/2/2015","Nght at the Msm","","","47","33","17","97","old_owner_weekly_import","I:\My Drive\Old Roxy Data\Roxy stats 011916.xlsx","Imported from prior owner weekly workbook"
"2015-01-02","2015-01-08","1/2/2015","Wild","","","27","18","0","45","old_owner_weekly_import","I:\My Drive\Old Roxy Data\Roxy stats 011916.xlsx","Imported from prior owner weekly workbook"
"2015-01-09","2015-01-15","1/9/2015","Annie","","","7","9","3","19","old_owner_weekly_import","I:\My Drive\Old Roxy Data\Roxy stats 011916.xlsx","Imported from prior owner weekly workbook"
"2015-01-09","2015-01-15","1/9/2015","Taken 3","","","48","28","17","93","old_owner_weekly_import","I:\My Drive\Old Roxy Data\Roxy stats 011916.xlsx","Imported from prior owner weekly workbook"
"2015-01-09","2015-01-15","1/9/2015","Wild","","","23","19","0","42","old_owner_weekly_import","I:\My Drive\Old Roxy Data\Roxy stats 011916.xlsx","Imported from prior owner weekly workbook"
"2015-01-16","2015-01-22","1/16/2015","Paddington","","","20","32","12","62","old_owner_weekly_import","I:\My Drive\Old Roxy Data\Roxy stats 011916.xlsx","Imported from prior owner weekly workbook"
"2015-01-16","2015-01-22","1/16/2015","Taken 3","","","33","7","1","41","old_owner_weekly_import","I:\My Drive\Old Roxy Data\Roxy stats 011916.xlsx","Imported from prior owner weekly workbook"
"2015-01-16","2015-01-22","1/16/2015","Unbroken","","","70","61","6","137","old_owner_weekly_import","I:\My Drive\Old Roxy Data\Roxy stats 011916.xlsx","Imported from prior owner weekly workbook"
"2015-01-23","2015-01-29","1/23/2015","Into the Woods","","","34","21","19","74","old_owner_weekly_import","I:\My Drive\Old Roxy Data\Roxy stats 011916.xlsx","Imported from prior owner weekly workbook"
"2015-01-23","2015-01-29","1/23/2015","Paddington","","","15","28","4","47","old_owner_weekly_import","I:\My Drive\Old Roxy Data\Roxy stats 011916.xlsx","Imported from prior owner weekly workbook"
"2015-01-23","2015-01-29","1/23/2015","Strange Magic","","","8","12","0","20","old_owner_weekly_import","I:\My Drive\Old Roxy Data\Roxy stats 011916.xlsx","Imported from prior owner weekly workbook"
"2015-01-30","2015-02-05","1/30/2015","American Sniper","","","186","105","29","320","old_owner_weekly_import","I:\My Drive\Old Roxy Data\Roxy stats 011916.xlsx","Imported from prior owner weekly workbook"
"2015-01-30","2015-02-05","1/30/2015","Into the Woods","","","32","17","8","57","old_owner_weekly_import","I:\My Drive\Old Roxy Data\Roxy stats 011916.xlsx","Imported from prior owner weekly workbook"
"2015-01-30","2015-02-05","1/30/2015","Strange Magic","","","20","15","3","38","old_owner_weekly_import","I:\My Drive\Old Roxy Data\Roxy stats 011916.xlsx","Imported from prior owner weekly workbook"
"2015-02-06","2015-02-12","2/6/2015","American Sniper","","","76","78","22","176","old_owner_weekly_import","I:\My Drive\Old Roxy Data\Roxy stats 011916.xlsx","Imported from prior owner weekly workbook"
"2015-02-06","2015-02-12","2/6/2015","Initiation Game","","","27","38","15","80","old_owner_weekly_import","I:\My Drive\Old Roxy Data\Roxy stats 011916.xlsx","Imported from prior owner weekly workbook"
"2015-02-06","2015-02-12","2/6/2015","Spongebob","","","49","56","31","136","old_owner_weekly_import","I:\My Drive\Old Roxy Data\Roxy stats 011916.xlsx","Imported from prior owner weekly workbook"
"2015-02-13","2015-02-19","2/13/2015","American Sniper","","","82","24","14","120","old_owner_weekly_import","I:\My Drive\Old Roxy Data\Roxy stats 011916.xlsx","Imported from prior owner weekly workbook"
"2015-02-13","2015-02-19","2/13/2015","Black or White","","","18","28","8","54","old_owner_weekly_import","I:\My Drive\Old Roxy Data\Roxy stats 011916.xlsx","Imported from prior owner weekly workbook"
"2015-02-13","2015-02-19","2/13/2015","Spongebob","","","37","47","5","89","old_owner_weekly_import","I:\My Drive\Old Roxy Data\Roxy stats 011916.xlsx","Imported from prior owner weekly workbook"
"2015-02-20","2015-02-26","2/20/2015","Project Almanac","","","2","6","0","8","old_owner_weekly_import","I:\My Drive\Old Roxy Data\Roxy stats 011916.xlsx","Imported from prior owner weekly workbook"
"2015-02-20","2015-02-26","2/20/2015","Selma","","","4","11","3","18","old_owner_weekly_import","I:\My Drive\Old Roxy Data\Roxy stats 011916.xlsx","Imported from prior owner weekly workbook"
"2015-02-20","2015-02-26","2/20/2015","Theory of Everything","","","23","35","2","60","old_owner_weekly_import","I:\My Drive\Old Roxy Data\Roxy stats 011916.xlsx","Imported from prior owner weekly workbook"
"2015-02-27","2015-03-05","2/27/2015","Kingsman","","","26","16","1","43","old_owner_weekly_import","I:\My Drive\Old Roxy Data\Roxy stats 011916.xlsx","Imported from prior owner weekly workbook"
"2015-02-27","2015-03-05","2/27/2015","Mordecai","","","8","11","5","24","old_owner_weekly_import","I:\My Drive\Old Roxy Data\Roxy stats 011916.xlsx","Imported from prior owner weekly workbook"
"2015-02-27","2015-03-05","2/27/2015","Theory of Everything","","","28","10","3","41","old_owner_weekly_import","I:\My Drive\Old Roxy Data\Roxy stats 011916.xlsx","Imported from prior owner weekly workbook"
"2015-03-06","2015-03-12","3/6/2015","Jupiter Ascending","","","31","19","5","55","old_owner_weekly_import","I:\My Drive\Old Roxy Data\Roxy stats 011916.xlsx","Imported from prior owner weekly workbook"
"2015-03-06","2015-03-12","3/6/2015","McFarland USA","","","25","21","7","53","old_owner_weekly_import","I:\My Drive\Old Roxy Data\Roxy stats 011916.xlsx","Imported from prior owner weekly workbook"
"2015-03-06","2015-03-12","3/6/2015","Still Alice","","","11","19","0","30","old_owner_weekly_import","I:\My Drive\Old Roxy Data\Roxy stats 011916.xlsx","Imported from prior owner weekly workbook"
"2015-03-13","2015-03-19","3/13/2015","Cinderella","","","102","77","30","209","old_owner_weekly_import","I:\My Drive\Old Roxy Data\Roxy stats 011916.xlsx","Imported from prior owner weekly workbook"
"2015-03-13","2015-03-19","3/13/2015","Jupiter Ascending","","","33","19","2","54","old_owner_weekly_import","I:\My Drive\Old Roxy Data\Roxy stats 011916.xlsx","Imported from prior owner weekly workbook"
"2015-03-13","2015-03-19","3/13/2015","McFarland USA","","","17","15","2","34","old_owner_weekly_import","I:\My Drive\Old Roxy Data\Roxy stats 011916.xlsx","Imported from prior owner weekly workbook"
"2015-03-20","2015-03-26","3/20/2015","Cinderella","","","58","33","16","107","old_owner_weekly_import","I:\My Drive\Old Roxy Data\Roxy stats 011916.xlsx","Imported from prior owner weekly workbook"
"2015-03-20","2015-03-26","3/20/2015","Insurgent","","","87","39","23","149","old_owner_weekly_import","I:\My Drive\Old Roxy Data\Roxy stats 011916.xlsx","Imported from prior owner weekly workbook"
"2015-03-20","2015-03-26","3/20/2015","The DUFF","","","25","6","5","36","old_owner_weekly_import","I:\My Drive\Old Roxy Data\Roxy stats 011916.xlsx","Imported from prior owner weekly workbook"
"2015-03-27","2015-04-02","3/27/2015","Cinderella","","","17","27","16","60","old_owner_weekly_import","I:\My Drive\Old Roxy Data\Roxy stats 011916.xlsx","Imported from prior owner weekly workbook"
"2015-03-27","2015-04-02","3/27/2015","Home","","","73","105","43","221","old_owner_weekly_import","I:\My Drive\Old Roxy Data\Roxy stats 011916.xlsx","Imported from prior owner weekly workbook"
"2015-03-27","2015-04-02","3/27/2015","Insurgent","","","54","22","11","87","old_owner_weekly_import","I:\My Drive\Old Roxy Data\Roxy stats 011916.xlsx","Imported from prior owner weekly workbook"
"2015-04-03","2015-04-09","4/3/2015","2nd Marigold Hotel","","","22","39","2","63","old_owner_weekly_import","I:\My Drive\Old Roxy Data\Roxy stats 011916.xlsx","Imported from prior owner weekly workbook"
"2015-04-03","2015-04-09","4/3/2015","Furious 7","","","133","60","35","228","old_owner_weekly_import","I:\My Drive\Old Roxy Data\Roxy stats 011916.xlsx","Imported from prior owner weekly workbook"
"2015-04-03","2015-04-09","4/3/2015","Home","","","51","90","37","178","old_owner_weekly_import","I:\My Drive\Old Roxy Data\Roxy stats 011916.xlsx","Imported from prior owner weekly workbook"
"2015-04-10","2015-04-16","4/10/2015","Furious 7","","","88","21","9","118","old_owner_weekly_import","I:\My Drive\Old Roxy Data\Roxy stats 011916.xlsx","Imported from prior owner weekly workbook"
"2015-04-10","2015-04-16","4/10/2015","Home","","","31","33","4","68","old_owner_weekly_import","I:\My Drive\Old Roxy Data\Roxy stats 011916.xlsx","Imported from prior owner weekly workbook"
"2015-04-10","2015-04-16","4/10/2015","The Lngst Rd","","","54","21","2","77","old_owner_weekly_import","I:\My Drive\Old Roxy Data\Roxy stats 011916.xlsx","Imported from prior owner weekly workbook"
"2015-04-17","2015-04-23","4/17/2015","Furious 7","","","34","17","7","58","old_owner_weekly_import","I:\My Drive\Old Roxy Data\Roxy stats 011916.xlsx","Imported from prior owner weekly workbook"
"2015-04-17","2015-04-23","4/17/2015","Mall Cop 2","","","41","20","5","66","old_owner_weekly_import","I:\My Drive\Old Roxy Data\Roxy stats 011916.xlsx","Imported from prior owner weekly workbook"
"2015-04-17","2015-04-23","4/17/2015","The Lngst Rd","","","26","15","4","45","old_owner_weekly_import","I:\My Drive\Old Roxy Data\Roxy stats 011916.xlsx","Imported from prior owner weekly workbook"
"2015-04-24","2015-04-30","4/24/2015","Furious 7","","","31","7","0","38","old_owner_weekly_import","I:\My Drive\Old Roxy Data\Roxy stats 011916.xlsx","Imported from prior owner weekly workbook"
"2015-04-24","2015-04-30","4/24/2015","Mall Cop 2","","","48","26","8","82","old_owner_weekly_import","I:\My Drive\Old Roxy Data\Roxy stats 011916.xlsx","Imported from prior owner weekly workbook"
"2015-04-24","2015-04-30","4/24/2015","The Lngst Rd","","","17","5","2","24","old_owner_weekly_import","I:\My Drive\Old Roxy Data\Roxy stats 011916.xlsx","Imported from prior owner weekly workbook"
"2015-05-01","2015-05-07","5/1/2015","Avengers","","","168","70","51","289","old_owner_weekly_import","I:\My Drive\Old Roxy Data\Roxy stats 011916.xlsx","Imported from prior owner weekly workbook"
"2015-05-01","2015-05-07","5/1/2015","Mall Cop 2","","","15","5","0","20","old_owner_weekly_import","I:\My Drive\Old Roxy Data\Roxy stats 011916.xlsx","Imported from prior owner weekly workbook"
"2015-05-01","2015-05-07","5/1/2015","Woman In Gold","","","4","17","13","34","old_owner_weekly_import","I:\My Drive\Old Roxy Data\Roxy stats 011916.xlsx","Imported from prior owner weekly workbook"
"2015-05-08","2015-05-14","5/8/2015","Age of Adaline","","","18","14","7","39","old_owner_weekly_import","I:\My Drive\Old Roxy Data\Roxy stats 011916.xlsx","Imported from prior owner weekly workbook"
"2015-05-08","2015-05-14","5/8/2015","Avengers","","","106","45","11","162","old_owner_weekly_import","I:\My Drive\Old Roxy Data\Roxy stats 011916.xlsx","Imported from prior owner weekly workbook"
"2015-05-08","2015-05-14","5/8/2015","Get Hard","","","24","2","1","27","old_owner_weekly_import","I:\My Drive\Old Roxy Data\Roxy stats 011916.xlsx","Imported from prior owner weekly workbook"
"2015-05-15","2015-05-21","5/15/2015","Age of Adaline","","","21","22","5","48","old_owner_weekly_import","I:\My Drive\Old Roxy Data\Roxy stats 011916.xlsx","Imported from prior owner weekly workbook"
"2015-05-15","2015-05-21","5/15/2015","Avengers","","","38","24","11","73","old_owner_weekly_import","I:\My Drive\Old Roxy Data\Roxy stats 011916.xlsx","Imported from prior owner weekly workbook"
"2015-05-15","2015-05-21","5/15/2015","Mad Max","","","32","22","12","66","old_owner_weekly_import","I:\My Drive\Old Roxy Data\Roxy stats 011916.xlsx","Imported from prior owner weekly workbook"
"2015-05-22","2015-05-28","5/22/2015","Avengers","","","36","18","7","61","old_owner_weekly_import","I:\My Drive\Old Roxy Data\Roxy stats 011916.xlsx","Imported from prior owner weekly workbook"
"2015-05-22","2015-05-28","5/22/2015","Mad Max","","","52","16","8","76","old_owner_weekly_import","I:\My Drive\Old Roxy Data\Roxy stats 011916.xlsx","Imported from prior owner weekly workbook"
"2015-05-22","2015-05-28","5/22/2015","Tomorrowland","","","88","55","27","170","old_owner_weekly_import","I:\My Drive\Old Roxy Data\Roxy stats 011916.xlsx","Imported from prior owner weekly workbook"
"2015-05-29","2015-06-04","5/29/2015","Mad Max","","","24","13","7","44","old_owner_weekly_import","I:\My Drive\Old Roxy Data\Roxy stats 011916.xlsx","Imported from prior owner weekly workbook"
"2015-05-29","2015-06-04","5/29/2015","San Andreas","","","48","28","11","87","old_owner_weekly_import","I:\My Drive\Old Roxy Data\Roxy stats 011916.xlsx","Imported from prior owner weekly workbook"
"2015-05-29","2015-06-04","5/29/2015","Tomorrowland","","","31","20","8","59","old_owner_weekly_import","I:\My Drive\Old Roxy Data\Roxy stats 011916.xlsx","Imported from prior owner weekly workbook"
"2015-06-05","2015-06-11","6/5/2015","San Andreas","","","61","23","2","86","old_owner_weekly_import","I:\My Drive\Old Roxy Data\Roxy stats 011916.xlsx","Imported from prior owner weekly workbook"
"2015-06-05","2015-06-11","6/5/2015","Spy","","","46","30","5","81","old_owner_weekly_import","I:\My Drive\Old Roxy Data\Roxy stats 011916.xlsx","Imported from prior owner weekly workbook"
"2015-06-05","2015-06-11","6/5/2015","Tomorrowland","","","20","5","1","26","old_owner_weekly_import","I:\My Drive\Old Roxy Data\Roxy stats 011916.xlsx","Imported from prior owner weekly workbook"
"2015-06-12","2015-06-18","6/12/2015","Jurassic World","","","309","138","81","528","old_owner_weekly_import","I:\My Drive\Old Roxy Data\Roxy stats 011916.xlsx","Imported from prior owner weekly workbook"
"2015-06-12","2015-06-18","6/12/2015","Pitch Perfect 2","","","44","4","14","62","old_owner_weekly_import","I:\My Drive\Old Roxy Data\Roxy stats 011916.xlsx","Imported from prior owner weekly workbook"
"2015-06-12","2015-06-18","6/12/2015","Spy","","","53","35","3","91","old_owner_weekly_import","I:\My Drive\Old Roxy Data\Roxy stats 011916.xlsx","Imported from prior owner weekly workbook"
"2015-06-19","2015-06-25","6/19/2015","Inside Out","","","133","95","50","278","old_owner_weekly_import","I:\My Drive\Old Roxy Data\Roxy stats 011916.xlsx","Imported from prior owner weekly workbook"
"2015-06-19","2015-06-25","6/19/2015","Jurassic World","","","175","67","23","265","old_owner_weekly_import","I:\My Drive\Old Roxy Data\Roxy stats 011916.xlsx","Imported from prior owner weekly workbook"
"2015-06-19","2015-06-25","6/19/2015","Pitch Perfect 2","","","41","7","4","52","old_owner_weekly_import","I:\My Drive\Old Roxy Data\Roxy stats 011916.xlsx","Imported from prior owner weekly workbook"
"2015-06-26","2015-07-02","6/26/2015","Inside Out","","","85","73","26","184","old_owner_weekly_import","I:\My Drive\Old Roxy Data\Roxy stats 011916.xlsx","Imported from prior owner weekly workbook"
"2015-06-26","2015-07-02","6/26/2015","Jurassic World","","","86","26","8","120","old_owner_weekly_import","I:\My Drive\Old Roxy Data\Roxy stats 011916.xlsx","Imported from prior owner weekly workbook"
"2015-06-26","2015-07-02","6/26/2015","Pitch Perfect 2","","","32","19","5","56","old_owner_weekly_import","I:\My Drive\Old Roxy Data\Roxy stats 011916.xlsx","Imported from prior owner weekly workbook"
"2015-07-03","2015-07-09","7/3/2015","Inside Out","","","81","80","10","171","old_owner_weekly_import","I:\My Drive\Old Roxy Data\Roxy stats 011916.xlsx","Imported from prior owner weekly workbook"
"2015-07-03","2015-07-09","7/3/2015","Jurassic World","","","62","27","7","96","old_owner_weekly_import","I:\My Drive\Old Roxy Data\Roxy stats 011916.xlsx","Imported from prior owner weekly workbook"
"2015-07-03","2015-07-09","7/3/2015","Terminator","","","61","23","9","93","old_owner_weekly_import","I:\My Drive\Old Roxy Data\Roxy stats 011916.xlsx","Imported from prior owner weekly workbook"
"2015-07-10","2015-07-16","7/10/2015","Jurassic World","","","96","33","4","133","old_owner_weekly_import","I:\My Drive\Old Roxy Data\Roxy stats 011916.xlsx","Imported from prior owner weekly workbook"
"2015-07-10","2015-07-16","7/10/2015","Minions","","","286","210","46","542","old_owner_weekly_import","I:\My Drive\Old Roxy Data\Roxy stats 011916.xlsx","Imported from prior owner weekly workbook"
"2015-07-10","2015-07-16","7/10/2015","Termintor","","","49","17","2","68","old_owner_weekly_import","I:\My Drive\Old Roxy Data\Roxy stats 011916.xlsx","Imported from prior owner weekly workbook"
"2015-07-17","2015-07-23","7/17/2015","Ant Man","","","116","58","6","180","old_owner_weekly_import","I:\My Drive\Old Roxy Data\Roxy stats 011916.xlsx","Imported from prior owner weekly workbook"
"2015-07-17","2015-07-23","7/17/2015","Minions","","","117","83","39","239","old_owner_weekly_import","I:\My Drive\Old Roxy Data\Roxy stats 011916.xlsx","Imported from prior owner weekly workbook"
"2015-07-17","2015-07-23","7/17/2015","Terminatior","","","23","6","8","37","old_owner_weekly_import","I:\My Drive\Old Roxy Data\Roxy stats 011916.xlsx","Imported from prior owner weekly workbook"
"2015-07-24","2015-07-30","7/24/2015","Ant Man","","","82","28","26","136","old_owner_weekly_import","I:\My Drive\Old Roxy Data\Roxy stats 011916.xlsx","Imported from prior owner weekly workbook"
"2015-07-24","2015-07-30","7/24/2015","Minions","","","56","58","19","133","old_owner_weekly_import","I:\My Drive\Old Roxy Data\Roxy stats 011916.xlsx","Imported from prior owner weekly workbook"
"2015-07-24","2015-07-30","7/24/2015","Pixels","","","87","41","21","149","old_owner_weekly_import","I:\My Drive\Old Roxy Data\Roxy stats 011916.xlsx","Imported from prior owner weekly workbook"
"2015-07-31","2015-08-06","7/31/2015","Ant Man","","","53","24","5","82","old_owner_weekly_import","I:\My Drive\Old Roxy Data\Roxy stats 011916.xlsx","Imported from prior owner weekly workbook"
"2015-07-31","2015-08-06","7/31/2015","Mission Impossible","","","233","45","19","297","old_owner_weekly_import","I:\My Drive\Old Roxy Data\Roxy stats 011916.xlsx","Imported from prior owner weekly workbook"
"2015-07-31","2015-08-06","7/31/2015","Pixels","","","39","26","4","69","old_owner_weekly_import","I:\My Drive\Old Roxy Data\Roxy stats 011916.xlsx","Imported from prior owner weekly workbook"
"2015-08-07","2015-08-13","8/7/2015","Fantastic 4","","","53","22","10","85","old_owner_weekly_import","I:\My Drive\Old Roxy Data\Roxy stats 011916.xlsx","Imported from prior owner weekly workbook"
"2015-08-07","2015-08-13","8/7/2015","Mission Impossible","","","71","25","3","99","old_owner_weekly_import","I:\My Drive\Old Roxy Data\Roxy stats 011916.xlsx","Imported from prior owner weekly workbook"
"2015-08-07","2015-08-13","8/7/2015","Pixels","","","34","12","5","51","old_owner_weekly_import","I:\My Drive\Old Roxy Data\Roxy stats 011916.xlsx","Imported from prior owner weekly workbook"
"2015-08-14","2015-08-20","8/14/2015","Fantastic 4","","","27","32","8","67","old_owner_weekly_import","I:\My Drive\Old Roxy Data\Roxy stats 011916.xlsx","Imported from prior owner weekly workbook"
"2015-08-14","2015-08-20","8/14/2015","Mission Impossible","","","52","31","8","91","old_owner_weekly_import","I:\My Drive\Old Roxy Data\Roxy stats 011916.xlsx","Imported from prior owner weekly workbook"
"2015-08-14","2015-08-20","8/14/2015","Uncle","","","37","27","2","66","old_owner_weekly_import","I:\My Drive\Old Roxy Data\Roxy stats 011916.xlsx","Imported from prior owner weekly workbook"
"2015-08-21","2015-08-27","8/21/2015","Mission Impossible","","","32","14","4","50","old_owner_weekly_import","I:\My Drive\Old Roxy Data\Roxy stats 011916.xlsx","Imported from prior owner weekly workbook"
"2015-08-21","2015-08-27","8/21/2015","Mr. Homes","","","19","21","4","44","old_owner_weekly_import","I:\My Drive\Old Roxy Data\Roxy stats 011916.xlsx","Imported from prior owner weekly workbook"
"2015-08-21","2015-08-27","8/21/2015","Uncle","","","24","11","2","37","old_owner_weekly_import","I:\My Drive\Old Roxy Data\Roxy stats 011916.xlsx","Imported from prior owner weekly workbook"
"2015-08-28","2015-09-03","8/28/2015","Ricky","","","21","17","2","40","old_owner_weekly_import","I:\My Drive\Old Roxy Data\Roxy stats 011916.xlsx","Imported from prior owner weekly workbook"
"2015-08-28","2015-09-03","8/28/2015","South Paw","","","26","7","2","35","old_owner_weekly_import","I:\My Drive\Old Roxy Data\Roxy stats 011916.xlsx","Imported from prior owner weekly workbook"
"2015-08-28","2015-09-03","8/28/2015","The Gift","","","24","7","0","31","old_owner_weekly_import","I:\My Drive\Old Roxy Data\Roxy stats 011916.xlsx","Imported from prior owner weekly workbook"
"2015-09-04","2015-09-10","9/4/2015","Shaun Sheep","","","10","18","12","40","old_owner_weekly_import","I:\My Drive\Old Roxy Data\Roxy stats 011916.xlsx","Imported from prior owner weekly workbook"
"2015-09-04","2015-09-10","9/4/2015","South Paw","","","10","13","6","28","old_owner_weekly_import","I:\My Drive\Old Roxy Data\Roxy stats 011916.xlsx","Imported from prior owner weekly workbook"
"2015-09-04","2015-09-10","9/4/2015","The Gift","","","18","4","2","24","old_owner_weekly_import","I:\My Drive\Old Roxy Data\Roxy stats 011916.xlsx","Imported from prior owner weekly workbook"
